round_number,round_match_number,home_player,home_team_name,away_player,away_team_name,home_player_points,away_player_points
1,1,Player 064,Team 010,Player 030,Team 006,1,3
1,1,Player 064,Team 010,Player 010,Team 006,0,3
1,1,Player 064,Team 010,Player 032,Team 006,1,3
1,1,Player 064,Team 010,Player 015,Team 006,0,3
1,1,Player 063,Team 010,Player 030,Team 006,1,3
1,1,Player 063,Team 010,Player 010,Team 006,0,3
1,1,Player 063,Team 010,Player 032,Team 006,0,3
1,1,Player 063,Team 010,Player 015,Team 006,0,3
1,1,Player 020,Team 010,Player 030,Team 006,3,1
1,1,Player 020,Team 010,Player 010,Team 006,0,3
1,1,Player 020,Team 010,Player 032,Team 006,3,0
1,1,Player 020,Team 010,Player 062,Team 006,3,1
1,1,Player 024,Team 010,Player 030,Team 006,3,0
1,1,Player 024,Team 010,Player 010,Team 006,2,3
1,1,Player 024,Team 010,Player 032,Team 006,3,0
1,1,Player 024,Team 010,Player 062,Team 006,3,0
1,2,Player 022,Team 011,Player 002,Team 002,2,3
1,2,Player 022,Team 011,Player 053,Team 002,3,1
1,2,Player 022,Team 011,Player 041,Team 002,3,0
1,2,Player 022,Team 011,Player 054,Team 002,3,0
1,2,Player 021,Team 011,Player 002,Team 002,0,3
1,2,Player 021,Team 011,Player 053,Team 002,3,0
1,2,Player 021,Team 011,Player 041,Team 002,3,2
1,2,Player 021,Team 011,Player 054,Team 002,3,0
1,2,Player 023,Team 011,Player 002,Team 002,2,3
1,2,Player 023,Team 011,Player 053,Team 002,3,0
1,2,Player 023,Team 011,Player 041,Team 002,3,0
1,2,Player 023,Team 011,Player 054,Team 002,3,0
1,2,Player 033,Team 011,Player 002,Team 002,1,3
1,2,Player 033,Team 011,Player 053,Team 002,3,1
1,2,Player 033,Team 011,Player 041,Team 002,0,3
1,2,Player 033,Team 011,Player 054,Team 002,3,0
1,3,Player 004,Team 004,Player 029,Team 013,3,2
1,3,Player 004,Team 004,Player 052,Team 013,3,0
1,3,Player 004,Team 004,Player 051,Team 013,3,0
1,3,Player 004,Team 004,(játék nélkül),Team 013,3,0
1,3,Player 017,Team 004,Player 029,Team 013,1,3
1,3,Player 017,Team 004,Player 052,Team 013,3,0
1,3,Player 017,Team 004,Player 051,Team 013,3,0
1,3,Player 017,Team 004,(játék nélkül),Team 013,3,0
1,3,Player 009,Team 004,Player 029,Team 013,3,0
1,3,Player 009,Team 004,Player 052,Team 013,3,1
1,3,Player 009,Team 004,Player 051,Team 013,3,0
1,3,Player 009,Team 004,(játék nélkül),Team 013,3,0
1,3,Player 018,Team 004,Player 029,Team 013,2,3
1,3,Player 018,Team 004,Player 052,Team 013,3,1
1,3,Player 018,Team 004,Player 051,Team 013,3,0
1,3,Player 018,Team 004,(játék nélkül),Team 013,3,0
1,4,Player 034,Team 007,Player 045,Team 009,3,0
1,4,Player 034,Team 007,Player 019,Team 009,1,3
1,4,Player 034,Team 007,Player 058,Team 009,3,0
1,4,Player 034,Team 007,Player 027,Team 009,1,3
1,4,Player 026,Team 007,Player 045,Team 009,3,1
1,4,Player 026,Team 007,Player 019,Team 009,1,3
1,4,Player 026,Team 007,Player 058,Team 009,3,0
1,4,Player 026,Team 007,Player 027,Team 009,3,0
1,4,Player 049,Team 007,Player 045,Team 009,0,3
1,4,Player 049,Team 007,Player 019,Team 009,0,3
1,4,Player 049,Team 007,Player 058,Team 009,3,1
1,4,Player 049,Team 007,Player 027,Team 009,1,3
1,4,Player 065,Team 007,Player 027,Team 009,0,3
1,4,Player 014,Team 007,Player 045,Team 009,3,0
1,4,Player 014,Team 007,Player 019,Team 009,3,0
1,4,Player 014,Team 007,Player 058,Team 009,3,1
1,5,Player 001,Team 001,Player 048,Team 015,3,0
1,5,Player 001,Team 001,Player 047,Team 015,3,1
1,5,Player 001,Team 001,Player 046,Team 015,3,0
1,5,Player 001,Team 001,Player 056,Team 015,3,0
1,5,Player 007,Team 001,Player 048,Team 015,3,0
1,5,Player 007,Team 001,Player 047,Team 015,3,2
1,5,Player 007,Team 001,Player 046,Team 015,3,0
1,5,Player 007,Team 001,Player 056,Team 015,3,0
1,5,Player 050,Team 001,Player 048,Team 015,0,3
1,5,Player 050,Team 001,Player 047,Team 015,0,3
1,5,Player 050,Team 001,Player 046,Team 015,1,3
1,5,Player 050,Team 001,Player 056,Team 015,3,2
1,5,Player 013,Team 001,Player 048,Team 015,3,0
1,5,Player 013,Team 001,Player 047,Team 015,3,1
1,5,Player 013,Team 001,Player 046,Team 015,3,0
1,5,Player 013,Team 001,Player 056,Team 015,3,0
1,6,Player 060,Team 008,Player 028,Team 012,0,3
1,6,Player 060,Team 008,Player 039,Team 012,0,3
1,6,Player 037,Team 008,Player 028,Team 012,0,3
1,6,Player 037,Team 008,Player 039,Team 012,1,3
1,6,Player 037,Team 008,Player 025,Team 012,3,2
1,6,Player 037,Team 008,(játék nélkül),Team 012,3,0
1,6,Player 036,Team 008,Player 028,Team 012,0,3
1,6,Player 036,Team 008,Player 039,Team 012,3,1
1,6,Player 036,Team 008,Player 025,Team 012,0,3
1,6,Player 036,Team 008,(játék nélkül),Team 012,3,0
1,6,Player 016,Team 008,Player 028,Team 012,3,1
1,6,Player 016,Team 008,Player 039,Team 012,3,0
1,6,Player 016,Team 008,Player 025,Team 012,1,3
1,6,Player 016,Team 008,(játék nélkül),Team 012,3,0
1,6,Player 035,Team 008,Player 025,Team 012,1,3
1,6,Player 035,Team 008,(játék nélkül),Team 012,3,0
1,7,Player 043,Team 014,Player 006,Team 005,0,3
1,7,Player 043,Team 014,Player 040,Team 005,0,3
1,7,Player 043,Team 014,Player 038,Team 005,3,0
1,7,Player 043,Team 014,Player 012,Team 005,0,3
1,7,Player 031,Team 014,Player 006,Team 005,1,3
1,7,Player 031,Team 014,Player 040,Team 005,3,1
1,7,Player 031,Team 014,Player 038,Team 005,3,0
1,7,Player 031,Team 014,Player 012,Team 005,0,3
1,7,Player 044,Team 014,Player 006,Team 005,1,3
1,7,Player 044,Team 014,Player 038,Team 005,2,3
1,7,Player 044,Team 014,Player 012,Team 005,0,3
1,7,Player 044,Team 014,Player 061,Team 005,3,2
1,7,Player 042,Team 014,Player 006,Team 005,0,3
1,7,Player 042,Team 014,Player 038,Team 005,1,3
1,7,Player 042,Team 014,Player 012,Team 005,1,3
1,7,Player 042,Team 014,Player 061,Team 005,3,0
1,8,Player 055,Team 016,Player 008,Team 003,0,3
1,8,Player 055,Team 016,Player 005,Team 003,0,3
1,8,Player 055,Team 016,Player 125,Team 003,0,3
1,8,Player 055,Team 016,Player 003,Team 003,0,3
1,8,Player 057,Team 016,Player 008,Team 003,0,3
1,8,Player 057,Team 016,Player 005,Team 003,1,3
1,8,Player 057,Team 016,Player 125,Team 003,0,3
1,8,Player 057,Team 016,Player 003,Team 003,1,3
1,8,Player 059,Team 016,Player 008,Team 003,0,3
1,8,Player 059,Team 016,Player 005,Team 003,2,3
1,8,Player 059,Team 016,Player 125,Team 003,1,3
1,8,Player 059,Team 016,Player 003,Team 003,1,3
1,8,(játék nélkül),Team 016,Player 008,Team 003,0,3
1,8,(játék nélkül),Team 016,Player 005,Team 003,0,3
1,8,(játék nélkül),Team 016,Player 125,Team 003,0,3
1,8,(játék nélkül),Team 016,Player 003,Team 003,0,3
2,1,Player 074,Team 002,Player 014,Team 007,0,3
2,1,Player 074,Team 002,Player 034,Team 007,1,3
2,1,Player 074,Team 002,Player 088,Team 007,3,0
2,1,Player 074,Team 002,Player 093,Team 007,3,1
2,1,Player 078,Team 002,Player 014,Team 007,0,3
2,1,Player 078,Team 002,Player 034,Team 007,1,3
2,1,Player 078,Team 002,Player 026,Team 007,0,3
2,1,Player 078,Team 002,Player 088,Team 007,3,2
2,1,Player 053,Team 002,Player 014,Team 007,0,3
2,1,Player 053,Team 002,Player 034,Team 007,0,3
2,1,Player 053,Team 002,Player 026,Team 007,0,3
2,1,Player 053,Team 002,Player 088,Team 007,3,0
2,1,Player 002,Team 002,Player 014,Team 007,1,3
2,1,Player 002,Team 002,Player 034,Team 007,3,0
2,1,Player 002,Team 002,Player 088,Team 007,3,0
2,1,Player 002,Team 002,Player 093,Team 007,3,0
2,2,Player 039,Team 012,Player 013,Team 001,0,3
2,2,Player 039,Team 012,Player 076,Team 001,3,0
2,2,Player 039,Team 012,Player 069,Team 001,0,3
2,2,Player 039,Team 012,Player 050,Team 001,3,1
2,2,Player 028,Team 012,Player 013,Team 001,2,3
2,2,Player 028,Team 012,Player 076,Team 001,1,3
2,2,Player 028,Team 012,Player 069,Team 001,1,3
2,2,Player 028,Team 012,Player 050,Team 001,3,0
2,2,Player 083,Team 012,Player 013,Team 001,0,3
2,2,Player 083,Team 012,Player 076,Team 001,0,3
2,2,Player 083,Team 012,Player 069,Team 001,0,3
2,2,Player 083,Team 012,Player 050,Team 001,3,0
2,2,Player 025,Team 012,Player 013,Team 001,1,3
2,2,Player 025,Team 012,Player 076,Team 001,3,2
2,2,Player 025,Team 012,Player 069,Team 001,1,3
2,2,Player 025,Team 012,Player 050,Team 001,3,1
2,3,Player 010,Team 006,Player 077,Team 008,3,0
2,3,Player 010,Team 006,Player 037,Team 008,1,3
2,3,Player 010,Team 006,Player 060,Team 008,3,0
2,3,Player 010,Team 006,Player 016,Team 008,1,3
2,3,Player 032,Team 006,Player 077,Team 008,2,3
2,3,Player 032,Team 006,Player 037,Team 008,1,3
2,3,Player 032,Team 006,Player 016,Team 008,1,3
2,3,Player 032,Team 006,Player 092,Team 008,3,1
2,3,Player 073,Team 006,Player 077,Team 008,3,2
2,3,Player 073,Team 006,Player 037,Team 008,0,3
2,3,Player 073,Team 006,Player 060,Team 008,3,0
2,3,Player 073,Team 006,Player 016,Team 008,2,3
2,3,Player 030,Team 006,Player 077,Team 008,0,3
2,3,Player 030,Team 006,Player 016,Team 008,0,3
2,3,Player 094,Team 006,Player 037,Team 008,1,3
2,3,Player 094,Team 006,Player 092,Team 008,1,3
2,4,Player 079,Team 009,Player 004,Team 004,0,3
2,4,Player 079,Team 009,Player 018,Team 004,1,3
2,4,Player 079,Team 009,Player 009,Team 004,0,3
2,4,Player 079,Team 009,Player 075,Team 004,3,2
2,4,Player 081,Team 009,Player 004,Team 004,0,3
2,4,Player 081,Team 009,Player 018,Team 004,3,1
2,4,Player 081,Team 009,Player 009,Team 004,0,3
2,4,Player 081,Team 009,Player 075,Team 004,1,3
2,4,Player 080,Team 009,Player 004,Team 004,0,3
2,4,Player 080,Team 009,Player 018,Team 004,3,2
2,4,Player 080,Team 009,Player 009,Team 004,0,3
2,4,Player 080,Team 009,Player 075,Team 004,1,3
2,4,Player 068,Team 009,Player 004,Team 004,3,0
2,4,Player 068,Team 009,Player 018,Team 004,3,0
2,4,Player 068,Team 009,Player 009,Team 004,3,0
2,4,Player 068,Team 009,Player 075,Team 004,3,1
2,5,Player 005,Team 003,Player 072,Team 011,0,3
2,5,Player 005,Team 003,Player 082,Team 011,3,0
2,5,Player 005,Team 003,Player 022,Team 011,0,3
2,5,Player 005,Team 003,Player 023,Team 011,2,3
2,5,Player 067,Team 003,Player 072,Team 011,3,0
2,5,Player 067,Team 003,Player 082,Team 011,3,0
2,5,Player 067,Team 003,Player 022,Team 011,3,2
2,5,Player 067,Team 003,Player 023,Team 011,3,1
2,5,Player 125,Team 003,Player 072,Team 011,0,3
2,5,Player 125,Team 003,Player 082,Team 011,3,1
2,5,Player 125,Team 003,Player 022,Team 011,1,3
2,5,Player 125,Team 003,Player 023,Team 011,1,3
2,5,Player 003,Team 003,Player 072,Team 011,2,3
2,5,Player 003,Team 003,Player 082,Team 011,1,3
2,5,Player 003,Team 003,Player 022,Team 011,3,1
2,5,Player 003,Team 003,Player 023,Team 011,3,2
2,6,Player 090,Team 005,Player 063,Team 010,3,0
2,6,Player 090,Team 005,Player 064,Team 010,3,0
2,6,Player 038,Team 005,Player 063,Team 010,3,0
2,6,Player 038,Team 005,Player 064,Team 010,3,0
2,6,Player 038,Team 005,Player 020,Team 010,2,3
2,6,Player 038,Team 005,Player 089,Team 010,3,0
2,6,Player 006,Team 005,Player 063,Team 010,3,0
2,6,Player 006,Team 005,Player 064,Team 010,3,0
2,6,Player 006,Team 005,Player 020,Team 010,3,0
2,6,Player 006,Team 005,Player 089,Team 010,3,0
2,6,Player 012,Team 005,Player 063,Team 010,3,0
2,6,Player 012,Team 005,Player 064,Team 010,3,0
2,6,Player 012,Team 005,Player 020,Team 010,3,0
2,6,Player 012,Team 005,Player 089,Team 010,3,0
2,6,Player 091,Team 005,Player 020,Team 010,2,3
2,6,Player 091,Team 005,Player 089,Team 010,3,0
2,7,Player 048,Team 015,Player 085,Team 016,3,0
2,7,Player 048,Team 015,Player 087,Team 016,3,0
2,7,Player 048,Team 015,Player 059,Team 016,3,1
2,7,Player 048,Team 015,Player 086,Team 016,3,0
2,7,Player 047,Team 015,Player 085,Team 016,3,0
2,7,Player 047,Team 015,Player 087,Team 016,3,1
2,7,Player 047,Team 015,Player 059,Team 016,3,0
2,7,Player 047,Team 015,Player 086,Team 016,3,0
2,7,Player 046,Team 015,Player 085,Team 016,3,0
2,7,Player 046,Team 015,Player 087,Team 016,3,0
2,7,Player 046,Team 015,Player 059,Team 016,3,1
2,7,Player 046,Team 015,Player 086,Team 016,3,0
2,7,Player 056,Team 015,Player 085,Team 016,3,0
2,7,Player 056,Team 015,Player 087,Team 016,3,1
2,7,Player 056,Team 015,Player 059,Team 016,2,3
2,7,Player 056,Team 015,Player 086,Team 016,3,2
2,8,Player 066,Team 013,Player 071,Team 014,3,0
2,8,Player 066,Team 013,Player 084,Team 014,3,1
2,8,Player 066,Team 013,Player 044,Team 014,3,0
2,8,Player 066,Team 013,Player 070,Team 014,3,0
2,8,Player 052,Team 013,Player 071,Team 014,0,3
2,8,Player 052,Team 013,Player 084,Team 014,3,0
2,8,Player 052,Team 013,Player 044,Team 014,3,2
2,8,Player 052,Team 013,Player 070,Team 014,2,3
2,8,Player 051,Team 013,Player 071,Team 014,0,3
2,8,Player 051,Team 013,Player 084,Team 014,3,2
2,8,Player 051,Team 013,Player 044,Team 014,2,3
2,8,Player 051,Team 013,Player 070,Team 014,0,3
2,8,(játék nélkül),Team 013,Player 071,Team 014,0,3
2,8,(játék nélkül),Team 013,Player 084,Team 014,0,3
2,8,(játék nélkül),Team 013,Player 044,Team 014,0,3
2,8,(játék nélkül),Team 013,Player 070,Team 014,0,3
3,1,Player 089,Team 010,(játék nélkül),Team 013,3,0
3,1,Player 089,Team 010,(játék nélkül),Team 013,3,0
3,1,Player 089,Team 010,(játék nélkül),Team 013,3,0
3,1,Player 089,Team 010,(játék nélkül),Team 013,3,0
3,1,Player 063,Team 010,(játék nélkül),Team 013,3,0
3,1,Player 063,Team 010,(játék nélkül),Team 013,3,0
3,1,Player 063,Team 010,(játék nélkül),Team 013,3,0
3,1,Player 063,Team 010,(játék nélkül),Team 013,3,0
3,1,Player 064,Team 010,(játék nélkül),Team 013,3,0
3,1,Player 064,Team 010,(játék nélkül),Team 013,3,0
3,1,Player 064,Team 010,(játék nélkül),Team 013,3,0
3,1,Player 064,Team 010,(játék nélkül),Team 013,3,0
3,1,Player 020,Team 010,(játék nélkül),Team 013,3,0
3,1,Player 020,Team 010,(játék nélkül),Team 013,3,0
3,1,Player 020,Team 010,(játék nélkül),Team 013,3,0
3,1,Player 020,Team 010,(játék nélkül),Team 013,3,0
3,2,Player 004,Team 004,Player 074,Team 002,3,0
3,2,Player 004,Team 004,Player 054,Team 002,3,0
3,2,Player 004,Team 004,Player 078,Team 002,3,0
3,2,Player 004,Team 004,Player 041,Team 002,3,1
3,2,Player 075,Team 004,Player 074,Team 002,3,0
3,2,Player 075,Team 004,Player 054,Team 002,3,0
3,2,Player 075,Team 004,Player 078,Team 002,3,0
3,2,Player 075,Team 004,Player 041,Team 002,3,2
3,2,Player 017,Team 004,Player 074,Team 002,3,2
3,2,Player 017,Team 004,Player 054,Team 002,3,0
3,2,Player 017,Team 004,Player 078,Team 002,3,1
3,2,Player 017,Team 004,Player 041,Team 002,1,3
3,2,Player 009,Team 004,Player 074,Team 002,3,0
3,2,Player 009,Team 004,Player 054,Team 002,3,0
3,2,Player 009,Team 004,Player 078,Team 002,3,0
3,2,Player 009,Team 004,Player 099,Team 002,3,0
3,3,Player 014,Team 007,Player 008,Team 003,3,2
3,3,Player 014,Team 007,Player 067,Team 003,1,3
3,3,Player 014,Team 007,Player 125,Team 003,3,1
3,3,Player 014,Team 007,Player 003,Team 003,3,2
3,3,Player 034,Team 007,Player 008,Team 003,1,3
3,3,Player 034,Team 007,Player 067,Team 003,1,3
3,3,Player 034,Team 007,Player 125,Team 003,3,0
3,3,Player 034,Team 007,Player 003,Team 003,3,1
3,3,Player 049,Team 007,Player 008,Team 003,2,3
3,3,Player 049,Team 007,Player 067,Team 003,1,3
3,3,Player 049,Team 007,Player 125,Team 003,0,3
3,3,Player 049,Team 007,Player 003,Team 003,1,3
3,3,Player 098,Team 007,Player 008,Team 003,0,3
3,3,Player 098,Team 007,Player 003,Team 003,1,3
3,3,Player 065,Team 007,Player 067,Team 003,0,3
3,3,Player 065,Team 007,Player 125,Team 003,0,3
3,4,Player 001,Team 001,Player 010,Team 006,2,3
3,4,Player 001,Team 001,Player 073,Team 006,3,2
3,4,Player 001,Team 001,Player 030,Team 006,3,0
3,4,Player 001,Team 001,Player 097,Team 006,3,0
3,4,Player 007,Team 001,Player 010,Team 006,3,0
3,4,Player 007,Team 001,Player 073,Team 006,3,0
3,4,Player 007,Team 001,Player 030,Team 006,3,0
3,4,Player 007,Team 001,Player 097,Team 006,3,0
3,4,Player 076,Team 001,Player 010,Team 006,3,0
3,4,Player 076,Team 001,Player 073,Team 006,3,0
3,4,Player 076,Team 001,Player 030,Team 006,3,0
3,4,Player 076,Team 001,Player 097,Team 006,3,0
3,4,Player 069,Team 001,Player 010,Team 006,3,2
3,4,Player 069,Team 001,Player 073,Team 006,3,0
3,4,Player 069,Team 001,Player 030,Team 006,3,1
3,4,Player 069,Team 001,Player 097,Team 006,3,0
3,5,Player 048,Team 015,Player 083,Team 012,3,1
3,5,Player 048,Team 015,Player 039,Team 012,0,3
3,5,Player 048,Team 015,Player 025,Team 012,0,3
3,5,Player 048,Team 015,(játék nélkül),Team 012,3,0
3,5,Player 047,Team 015,Player 083,Team 012,3,1
3,5,Player 047,Team 015,Player 039,Team 012,2,3
3,5,Player 047,Team 015,Player 025,Team 012,1,3
3,5,Player 047,Team 015,(játék nélkül),Team 012,3,0
3,5,Player 046,Team 015,Player 083,Team 012,0,3
3,5,Player 046,Team 015,Player 039,Team 012,1,3
3,5,Player 046,Team 015,Player 025,Team 012,0,3
3,5,Player 046,Team 015,(játék nélkül),Team 012,3,0
3,5,Player 056,Team 015,Player 083,Team 012,1,3
3,5,Player 056,Team 015,Player 039,Team 012,3,2
3,5,Player 056,Team 015,Player 025,Team 012,1,3
3,5,Player 056,Team 015,(játék nélkül),Team 012,3,0
3,6,Player 096,Team 014,Player 081,Team 009,3,2
3,6,Player 096,Team 014,Player 045,Team 009,3,1
3,6,Player 096,Team 014,Player 058,Team 009,3,0
3,6,Player 096,Team 014,Player 068,Team 009,0,3
3,6,Player 031,Team 014,Player 081,Team 009,3,1
3,6,Player 031,Team 014,Player 045,Team 009,3,2
3,6,Player 031,Team 014,Player 058,Team 009,3,0
3,6,Player 031,Team 014,Player 068,Team 009,3,1
3,6,Player 095,Team 014,Player 081,Team 009,3,2
3,6,Player 095,Team 014,Player 045,Team 009,3,1
3,6,Player 095,Team 014,Player 058,Team 009,3,0
3,6,Player 095,Team 014,Player 068,Team 009,0,3
3,6,Player 042,Team 014,Player 081,Team 009,3,0
3,6,Player 042,Team 014,Player 045,Team 009,3,1
3,6,Player 042,Team 014,Player 058,Team 009,3,0
3,6,Player 042,Team 014,Player 068,Team 009,2,3
3,7,Player 077,Team 008,Player 040,Team 005,3,0
3,7,Player 077,Team 008,Player 038,Team 005,3,0
3,7,Player 077,Team 008,Player 006,Team 005,0,3
3,7,Player 077,Team 008,Player 012,Team 005,0,3
3,7,Player 035,Team 008,Player 038,Team 005,3,1
3,7,Player 035,Team 008,Player 006,Team 005,2,3
3,7,Player 037,Team 008,Player 038,Team 005,3,0
3,7,Player 037,Team 008,Player 006,Team 005,0,3
3,7,Player 037,Team 008,Player 012,Team 005,2,3
3,7,Player 037,Team 008,Player 061,Team 005,3,0
3,7,Player 016,Team 008,Player 040,Team 005,3,1
3,7,Player 016,Team 008,Player 038,Team 005,3,0
3,7,Player 016,Team 008,Player 006,Team 005,2,3
3,7,Player 016,Team 008,Player 012,Team 005,1,3
3,7,Player 060,Team 008,Player 012,Team 005,1,3
3,7,Player 060,Team 008,Player 061,Team 005,3,0
3,8,Player 022,Team 011,Player 087,Team 016,3,0
3,8,Player 022,Team 011,Player 057,Team 016,3,0
3,8,Player 022,Team 011,Player 085,Team 016,3,0
3,8,Player 022,Team 011,Player 086,Team 016,3,0
3,8,Player 021,Team 011,Player 087,Team 016,3,0
3,8,Player 021,Team 011,Player 057,Team 016,3,0
3,8,Player 021,Team 011,Player 085,Team 016,3,0
3,8,Player 021,Team 011,Player 086,Team 016,3,1
3,8,Player 033,Team 011,Player 087,Team 016,3,1
3,8,Player 033,Team 011,Player 057,Team 016,3,2
3,8,Player 033,Team 011,Player 085,Team 016,3,0
3,8,Player 033,Team 011,Player 059,Team 016,3,0
3,8,Player 082,Team 011,Player 087,Team 016,3,0
3,8,Player 082,Team 011,Player 057,Team 016,3,0
3,8,Player 082,Team 011,Player 085,Team 016,3,1
3,8,Player 082,Team 011,Player 059,Team 016,3,0
4,1,Player 045,Team 009,Player 020,Team 010,0,3
4,1,Player 045,Team 009,Player 103,Team 010,3,0
4,1,Player 045,Team 009,Player 024,Team 010,1,3
4,1,Player 045,Team 009,Player 064,Team 010,3,0
4,1,Player 019,Team 009,Player 020,Team 010,3,1
4,1,Player 019,Team 009,Player 103,Team 010,3,0
4,1,Player 019,Team 009,Player 024,Team 010,3,0
4,1,Player 019,Team 009,Player 064,Team 010,3,0
4,1,Player 029,Team 009,Player 020,Team 010,1,3
4,1,Player 029,Team 009,Player 103,Team 010,3,0
4,1,Player 029,Team 009,Player 024,Team 010,0,3
4,1,Player 029,Team 009,Player 063,Team 010,3,0
4,1,Player 080,Team 009,Player 020,Team 010,0,3
4,1,Player 080,Team 009,Player 103,Team 010,3,0
4,1,Player 080,Team 009,Player 024,Team 010,0,3
4,1,Player 080,Team 009,Player 063,Team 010,3,0
4,2,Player 041,Team 002,Player 031,Team 014,1,3
4,2,Player 041,Team 002,Player 084,Team 014,0,3
4,2,Player 041,Team 002,Player 042,Team 014,0,3
4,2,Player 041,Team 002,Player 096,Team 014,2,3
4,2,Player 053,Team 002,Player 031,Team 014,0,3
4,2,Player 053,Team 002,Player 084,Team 014,2,3
4,2,Player 053,Team 002,Player 042,Team 014,0,3
4,2,Player 053,Team 002,Player 096,Team 014,0,3
4,2,Player 078,Team 002,Player 031,Team 014,0,3
4,2,Player 078,Team 002,Player 084,Team 014,2,3
4,2,Player 078,Team 002,Player 042,Team 014,1,3
4,2,Player 078,Team 002,Player 096,Team 014,1,3
4,2,Player 002,Team 002,Player 031,Team 014,1,3
4,2,Player 002,Team 002,Player 084,Team 014,3,0
4,2,Player 002,Team 002,Player 042,Team 014,3,0
4,2,Player 002,Team 002,Player 096,Team 014,3,0
4,3,Player 072,Team 011,Player 056,Team 015,3,0
4,3,Player 072,Team 011,Player 047,Team 015,3,0
4,3,Player 072,Team 011,Player 046,Team 015,3,1
4,3,Player 072,Team 011,Player 126,Team 015,3,0
4,3,Player 022,Team 011,Player 056,Team 015,3,2
4,3,Player 022,Team 011,Player 047,Team 015,1,3
4,3,Player 022,Team 011,Player 046,Team 015,3,0
4,3,Player 022,Team 011,Player 126,Team 015,3,0
4,3,Player 082,Team 011,Player 056,Team 015,2,3
4,3,Player 082,Team 011,Player 047,Team 015,3,2
4,3,Player 082,Team 011,Player 046,Team 015,0,3
4,3,Player 082,Team 011,Player 126,Team 015,3,0
4,3,Player 021,Team 011,Player 056,Team 015,3,0
4,3,Player 021,Team 011,Player 047,Team 015,3,0
4,3,Player 021,Team 011,Player 046,Team 015,2,3
4,3,Player 021,Team 011,Player 126,Team 015,3,0
4,4,Player 010,Team 006,Player 028,Team 012,3,2
4,4,Player 010,Team 006,Player 025,Team 012,2,3
4,4,Player 010,Team 006,Player 039,Team 012,2,3
4,4,Player 010,Team 006,Player 083,Team 012,3,0
4,4,Player 073,Team 006,Player 028,Team 012,0,3
4,4,Player 073,Team 006,Player 025,Team 012,3,0
4,4,Player 073,Team 006,Player 039,Team 012,2,3
4,4,Player 073,Team 006,Player 083,Team 012,1,3
4,4,Player 032,Team 006,Player 028,Team 012,2,3
4,4,Player 032,Team 006,Player 025,Team 012,0,3
4,4,Player 032,Team 006,Player 039,Team 012,0,3
4,4,Player 032,Team 006,Player 083,Team 012,3,2
4,4,Player 102,Team 006,Player 028,Team 012,1,3
4,4,Player 102,Team 006,Player 025,Team 012,0,3
4,4,Player 102,Team 006,Player 039,Team 012,1,3
4,4,Player 102,Team 006,Player 083,Team 012,3,2
4,5,Player 008,Team 003,Player 018,Team 004,3,0
4,5,Player 008,Team 003,Player 004,Team 004,3,1
4,5,Player 008,Team 003,Player 017,Team 004,3,1
4,5,Player 008,Team 003,Player 009,Team 004,2,3
4,5,Player 067,Team 003,Player 018,Team 004,3,0
4,5,Player 067,Team 003,Player 004,Team 004,3,0
4,5,Player 067,Team 003,Player 017,Team 004,3,0
4,5,Player 067,Team 003,Player 009,Team 004,3,0
4,5,Player 005,Team 003,Player 018,Team 004,1,3
4,5,Player 005,Team 003,Player 004,Team 004,3,1
4,5,Player 005,Team 003,Player 017,Team 004,1,3
4,5,Player 005,Team 003,Player 009,Team 004,2,3
4,5,Player 003,Team 003,Player 018,Team 004,3,0
4,5,Player 003,Team 003,Player 004,Team 004,2,3
4,5,Player 003,Team 003,Player 017,Team 004,3,1
4,5,Player 003,Team 003,Player 009,Team 004,0,3
4,6,Player 061,Team 005,Player 076,Team 001,0,3
4,6,Player 061,Team 005,Player 101,Team 001,0,3
4,6,Player 061,Team 005,Player 013,Team 001,0,3
4,6,Player 061,Team 005,Player 100,Team 001,1,3
4,6,Player 104,Team 005,Player 076,Team 001,0,3
4,6,Player 104,Team 005,Player 101,Team 001,0,3
4,6,Player 104,Team 005,Player 013,Team 001,0,3
4,6,Player 104,Team 005,Player 100,Team 001,0,3
4,6,Player 012,Team 005,Player 076,Team 001,2,3
4,6,Player 012,Team 005,Player 101,Team 001,1,3
4,6,Player 012,Team 005,Player 013,Team 001,0,3
4,6,Player 012,Team 005,Player 100,Team 001,0,3
4,6,Player 006,Team 005,Player 076,Team 001,3,1
4,6,Player 006,Team 005,Player 101,Team 001,3,0
4,6,Player 006,Team 005,Player 013,Team 001,3,0
4,6,Player 006,Team 005,Player 100,Team 001,0,3
4,7,Player 085,Team 016,Player 026,Team 007,0,3
4,7,Player 085,Team 016,Player 014,Team 007,0,3
4,7,Player 085,Team 016,Player 093,Team 007,3,1
4,7,Player 085,Team 016,Player 098,Team 007,3,0
4,7,Player 086,Team 016,Player 014,Team 007,0,3
4,7,Player 086,Team 016,Player 093,Team 007,0,3
4,7,Player 087,Team 016,Player 026,Team 007,1,3
4,7,Player 087,Team 016,Player 014,Team 007,0,3
4,7,Player 087,Team 016,Player 093,Team 007,0,3
4,7,Player 087,Team 016,Player 098,Team 007,3,0
4,7,Player 059,Team 016,Player 026,Team 007,0,3
4,7,Player 059,Team 016,Player 014,Team 007,0,3
4,7,Player 059,Team 016,Player 093,Team 007,3,0
4,7,Player 059,Team 016,Player 098,Team 007,3,0
4,7,Player 057,Team 016,Player 026,Team 007,0,3
4,7,Player 057,Team 016,Player 098,Team 007,3,0
4,8,Player 066,Team 013,Player 037,Team 008,3,2
4,8,Player 066,Team 013,Player 077,Team 008,3,0
4,8,Player 066,Team 013,Player 016,Team 008,3,0
4,8,Player 066,Team 013,Player 060,Team 008,3,1
4,8,Player 052,Team 013,Player 037,Team 008,0,3
4,8,Player 052,Team 013,Player 077,Team 008,0,3
4,8,Player 052,Team 013,Player 092,Team 008,3,2
4,8,Player 052,Team 013,Player 016,Team 008,0,3
4,8,Player 051,Team 013,Player 037,Team 008,0,3
4,8,Player 051,Team 013,Player 077,Team 008,0,3
4,8,Player 051,Team 013,Player 092,Team 008,0,3
4,8,Player 051,Team 013,Player 016,Team 008,0,3
4,8,Player 029,Team 013,Player 037,Team 008,0,3
4,8,Player 029,Team 013,Player 077,Team 008,3,0
4,8,Player 029,Team 013,Player 016,Team 008,0,3
4,8,Player 029,Team 013,Player 060,Team 008,3,2
5,1,Player 063,Team 010,Player 054,Team 002,3,1
5,1,Player 063,Team 010,Player 002,Team 002,0,3
5,1,Player 063,Team 010,Player 078,Team 002,0,3
5,1,Player 063,Team 010,Player 053,Team 002,3,1
5,1,Player 064,Team 010,Player 054,Team 002,3,1
5,1,Player 064,Team 010,Player 002,Team 002,0,3
5,1,Player 064,Team 010,Player 078,Team 002,3,2
5,1,Player 064,Team 010,Player 053,Team 002,0,3
5,1,Player 020,Team 010,Player 054,Team 002,3,1
5,1,Player 020,Team 010,Player 002,Team 002,3,2
5,1,Player 020,Team 010,Player 078,Team 002,3,0
5,1,Player 020,Team 010,Player 053,Team 002,3,1
5,1,Player 024,Team 010,Player 054,Team 002,3,0
5,1,Player 024,Team 010,Player 002,Team 002,0,3
5,1,Player 024,Team 010,Player 078,Team 002,3,0
5,1,Player 024,Team 010,Player 053,Team 002,3,0
5,2,Player 049,Team 007,Player 033,Team 011,3,1
5,2,Player 049,Team 007,Player 023,Team 011,0,3
5,2,Player 049,Team 007,Player 072,Team 011,0,3
5,2,Player 049,Team 007,(játék nélkül),Team 011,3,0
5,2,Player 034,Team 007,Player 033,Team 011,3,1
5,2,Player 034,Team 007,Player 023,Team 011,0,3
5,2,Player 034,Team 007,Player 072,Team 011,1,3
5,2,Player 034,Team 007,(játék nélkül),Team 011,3,0
5,2,Player 026,Team 007,Player 033,Team 011,3,0
5,2,Player 026,Team 007,Player 023,Team 011,3,0
5,2,Player 026,Team 007,Player 072,Team 011,2,3
5,2,Player 026,Team 007,(játék nélkül),Team 011,3,0
5,2,Player 014,Team 007,Player 033,Team 011,3,0
5,2,Player 014,Team 007,Player 023,Team 011,3,1
5,2,Player 014,Team 007,Player 072,Team 011,3,1
5,2,Player 014,Team 007,(játék nélkül),Team 011,3,0
5,3,Player 007,Team 001,Player 052,Team 013,3,0
5,3,Player 007,Team 001,Player 106,Team 013,3,0
5,3,Player 007,Team 001,Player 029,Team 013,3,0
5,3,Player 007,Team 001,(játék nélkül),Team 013,3,0
5,3,Player 076,Team 001,Player 052,Team 013,3,1
5,3,Player 076,Team 001,Player 106,Team 013,3,0
5,3,Player 076,Team 001,Player 029,Team 013,3,0
5,3,Player 076,Team 001,(játék nélkül),Team 013,3,0
5,3,Player 107,Team 001,Player 052,Team 013,0,3
5,3,Player 107,Team 001,Player 106,Team 013,1,3
5,3,Player 107,Team 001,Player 029,Team 013,0,3
5,3,Player 107,Team 001,(játék nélkül),Team 013,3,0
5,3,Player 001,Team 001,Player 052,Team 013,3,0
5,3,Player 001,Team 001,Player 106,Team 013,3,0
5,3,Player 001,Team 001,Player 029,Team 013,2,3
5,3,Player 001,Team 001,(játék nélkül),Team 013,3,0
5,4,Player 048,Team 015,Player 032,Team 006,2,3
5,4,Player 048,Team 015,Player 102,Team 006,3,1
5,4,Player 048,Team 015,Player 062,Team 006,3,0
5,4,Player 048,Team 015,Player 010,Team 006,1,3
5,4,Player 046,Team 015,Player 032,Team 006,3,1
5,4,Player 046,Team 015,Player 102,Team 006,3,1
5,4,Player 046,Team 015,Player 062,Team 006,3,0
5,4,Player 046,Team 015,Player 010,Team 006,0,3
5,4,Player 047,Team 015,Player 032,Team 006,3,0
5,4,Player 047,Team 015,Player 102,Team 006,0,3
5,4,Player 047,Team 015,Player 062,Team 006,3,0
5,4,Player 047,Team 015,Player 010,Team 006,0,3
5,4,Player 056,Team 015,Player 032,Team 006,1,3
5,4,Player 056,Team 015,Player 102,Team 006,2,3
5,4,Player 056,Team 015,Player 010,Team 006,0,3
5,4,Player 056,Team 015,Player 073,Team 006,2,3
5,5,Player 035,Team 008,Player 079,Team 009,3,0
5,5,Player 035,Team 008,Player 027,Team 009,2,3
5,5,Player 035,Team 008,Player 068,Team 009,0,3
5,5,Player 035,Team 008,Player 058,Team 009,3,1
5,5,Player 037,Team 008,Player 079,Team 009,3,0
5,5,Player 037,Team 008,Player 027,Team 009,3,0
5,5,Player 037,Team 008,Player 068,Team 009,3,1
5,5,Player 037,Team 008,Player 058,Team 009,3,0
5,5,Player 036,Team 008,Player 079,Team 009,3,0
5,5,Player 036,Team 008,Player 027,Team 009,3,0
5,5,Player 036,Team 008,Player 068,Team 009,1,3
5,5,Player 036,Team 008,Player 058,Team 009,3,0
5,5,Player 016,Team 008,Player 079,Team 009,3,0
5,5,Player 016,Team 008,Player 027,Team 009,1,3
5,5,Player 016,Team 008,Player 068,Team 009,0,3
5,5,Player 016,Team 008,Player 058,Team 009,3,0
5,6,Player 071,Team 014,Player 008,Team 003,3,1
5,6,Player 071,Team 014,Player 067,Team 003,0,3
5,6,Player 071,Team 014,Player 003,Team 003,3,1
5,6,Player 071,Team 014,Player 005,Team 003,3,2
5,6,Player 070,Team 014,Player 008,Team 003,3,1
5,6,Player 070,Team 014,Player 067,Team 003,0,3
5,6,Player 070,Team 014,Player 003,Team 003,3,1
5,6,Player 070,Team 014,Player 005,Team 003,3,1
5,6,Player 095,Team 014,Player 008,Team 003,2,3
5,6,Player 095,Team 014,Player 067,Team 003,3,0
5,6,Player 095,Team 014,Player 003,Team 003,3,1
5,6,Player 095,Team 014,Player 005,Team 003,3,0
5,6,Player 043,Team 014,Player 008,Team 003,0,3
5,6,Player 043,Team 014,Player 067,Team 003,2,3
5,6,Player 043,Team 014,Player 003,Team 003,3,0
5,6,Player 043,Team 014,Player 005,Team 003,2,3
5,7,Player 028,Team 012,Player 006,Team 005,0,3
5,7,Player 028,Team 012,Player 038,Team 005,3,0
5,7,Player 028,Team 012,Player 012,Team 005,2,3
5,7,Player 028,Team 012,Player 091,Team 005,3,0
5,7,Player 025,Team 012,Player 006,Team 005,1,3
5,7,Player 025,Team 012,Player 038,Team 005,3,1
5,7,Player 025,Team 012,Player 012,Team 005,0,3
5,7,Player 025,Team 012,Player 091,Team 005,3,0
5,7,Player 039,Team 012,Player 006,Team 005,0,3
5,7,Player 039,Team 012,Player 038,Team 005,3,1
5,7,Player 039,Team 012,Player 012,Team 005,3,2
5,7,Player 039,Team 012,Player 091,Team 005,3,0
5,7,Player 083,Team 012,Player 006,Team 005,1,3
5,7,Player 083,Team 012,Player 038,Team 005,3,0
5,7,Player 083,Team 012,Player 012,Team 005,0,3
5,7,Player 083,Team 012,Player 091,Team 005,3,2
5,8,Player 004,Team 004,Player 085,Team 016,3,0
5,8,Player 004,Team 004,Player 105,Team 016,3,0
5,8,Player 004,Team 004,Player 057,Team 016,3,0
5,8,Player 004,Team 004,Player 086,Team 016,3,0
5,8,Player 075,Team 004,Player 085,Team 016,3,0
5,8,Player 075,Team 004,Player 105,Team 016,3,1
5,8,Player 075,Team 004,Player 057,Team 016,3,1
5,8,Player 075,Team 004,Player 086,Team 016,3,1
5,8,Player 017,Team 004,Player 085,Team 016,3,1
5,8,Player 017,Team 004,Player 105,Team 016,2,3
5,8,Player 017,Team 004,Player 057,Team 016,3,1
5,8,Player 017,Team 004,Player 086,Team 016,3,1
5,8,Player 009,Team 004,Player 085,Team 016,3,0
5,8,Player 009,Team 004,Player 105,Team 016,3,0
5,8,Player 009,Team 004,Player 057,Team 016,3,1
5,8,Player 009,Team 004,Player 086,Team 016,3,0
6,1,Player 125,Team 003,Player 063,Team 010,3,0
6,1,Player 125,Team 003,Player 103,Team 010,3,1
6,1,Player 125,Team 003,Player 089,Team 010,3,1
6,1,Player 125,Team 003,Player 064,Team 010,3,0
6,1,Player 067,Team 003,Player 063,Team 010,3,0
6,1,Player 067,Team 003,Player 103,Team 010,3,0
6,1,Player 067,Team 003,Player 089,Team 010,3,1
6,1,Player 067,Team 003,Player 064,Team 010,3,0
6,1,Player 008,Team 003,Player 063,Team 010,3,0
6,1,Player 008,Team 003,Player 103,Team 010,3,0
6,1,Player 008,Team 003,Player 089,Team 010,1,3
6,1,Player 008,Team 003,Player 064,Team 010,3,0
6,1,Player 005,Team 003,Player 063,Team 010,3,0
6,1,Player 005,Team 003,Player 103,Team 010,3,0
6,1,Player 005,Team 003,Player 089,Team 010,1,3
6,1,Player 005,Team 003,Player 064,Team 010,0,3
6,2,Player 053,Team 002,Player 108,Team 008,0,3
6,2,Player 053,Team 002,Player 037,Team 008,0,3
6,2,Player 053,Team 002,Player 016,Team 008,1,3
6,2,Player 053,Team 002,Player 036,Team 008,1,3
6,2,Player 074,Team 002,Player 037,Team 008,0,3
6,2,Player 074,Team 002,Player 016,Team 008,0,3
6,2,Player 074,Team 002,Player 036,Team 008,0,3
6,2,Player 074,Team 002,Player 035,Team 008,1,3
6,2,Player 041,Team 002,Player 016,Team 008,0,3
6,2,Player 041,Team 002,Player 036,Team 008,1,3
6,2,Player 041,Team 002,Player 035,Team 008,3,1
6,2,Player 002,Team 002,Player 037,Team 008,3,1
6,2,Player 002,Team 002,Player 016,Team 008,3,1
6,2,Player 002,Team 002,Player 036,Team 008,3,2
6,2,Player 002,Team 002,Player 035,Team 008,3,0
6,2,Player 099,Team 002,Player 037,Team 008,0,3
6,3,Player 022,Team 011,Player 075,Team 004,3,0
6,3,Player 022,Team 011,Player 017,Team 004,3,1
6,3,Player 022,Team 011,Player 004,Team 004,3,2
6,3,Player 022,Team 011,Player 009,Team 004,1,3
6,3,Player 072,Team 011,Player 075,Team 004,3,0
6,3,Player 072,Team 011,Player 017,Team 004,3,2
6,3,Player 072,Team 011,Player 004,Team 004,3,1
6,3,Player 072,Team 011,Player 009,Team 004,3,2
6,3,Player 021,Team 011,Player 075,Team 004,3,1
6,3,Player 021,Team 011,Player 017,Team 004,3,2
6,3,Player 021,Team 011,Player 004,Team 004,0,3
6,3,Player 021,Team 011,Player 009,Team 004,3,0
6,3,Player 023,Team 011,Player 075,Team 004,3,2
6,3,Player 023,Team 011,Player 017,Team 004,3,1
6,3,Player 023,Team 011,Player 004,Team 004,0,3
6,3,Player 023,Team 011,Player 009,Team 004,3,0
6,4,Player 014,Team 007,Player 048,Team 015,3,1
6,4,Player 014,Team 007,Player 047,Team 015,3,0
6,4,Player 014,Team 007,Player 046,Team 015,3,1
6,4,Player 014,Team 007,Player 056,Team 015,3,0
6,4,Player 026,Team 007,Player 048,Team 015,3,0
6,4,Player 026,Team 007,Player 047,Team 015,3,0
6,4,Player 026,Team 007,Player 046,Team 015,3,1
6,4,Player 026,Team 007,Player 056,Team 015,3,1
6,4,Player 034,Team 007,Player 048,Team 015,3,0
6,4,Player 034,Team 007,Player 047,Team 015,3,1
6,4,Player 034,Team 007,Player 046,Team 015,3,0
6,4,Player 034,Team 007,Player 056,Team 015,3,0
6,4,Player 093,Team 007,Player 048,Team 015,0,3
6,4,Player 093,Team 007,Player 056,Team 015,3,1
6,4,Player 088,Team 007,Player 047,Team 015,0,3
6,4,Player 088,Team 007,Player 046,Team 015,0,3
6,5,Player 079,Team 009,Player 007,Team 001,0,3
6,5,Player 079,Team 009,Player 100,Team 001,0,3
6,5,Player 079,Team 009,Player 069,Team 001,0,3
6,5,Player 079,Team 009,Player 013,Team 001,1,3
6,5,Player 029,Team 009,Player 007,Team 001,0,3
6,5,Player 029,Team 009,Player 100,Team 001,0,3
6,5,Player 029,Team 009,Player 069,Team 001,0,3
6,5,Player 029,Team 009,Player 013,Team 001,0,3
6,5,Player 080,Team 009,Player 007,Team 001,0,3
6,5,Player 080,Team 009,Player 100,Team 001,0,3
6,5,Player 080,Team 009,Player 069,Team 001,0,3
6,5,Player 080,Team 009,Player 013,Team 001,0,3
6,5,Player 068,Team 009,Player 007,Team 001,0,3
6,5,Player 068,Team 009,Player 100,Team 001,1,3
6,5,Player 068,Team 009,Player 069,Team 001,0,3
6,5,Player 068,Team 009,Player 013,Team 001,1,3
6,6,Player 110,Team 005,Player 032,Team 006,0,3
6,6,Player 110,Team 005,Player 102,Team 006,0,3
6,6,Player 061,Team 005,Player 032,Team 006,0,3
6,6,Player 061,Team 005,Player 102,Team 006,0,3
6,6,Player 061,Team 005,Player 010,Team 006,0,3
6,6,Player 061,Team 005,Player 073,Team 006,2,3
6,6,Player 012,Team 005,Player 032,Team 006,3,1
6,6,Player 012,Team 005,Player 102,Team 006,3,1
6,6,Player 012,Team 005,Player 010,Team 006,2,3
6,6,Player 012,Team 005,Player 073,Team 006,3,0
6,6,Player 006,Team 005,Player 032,Team 006,3,0
6,6,Player 006,Team 005,Player 102,Team 006,3,1
6,6,Player 006,Team 005,Player 010,Team 006,3,1
6,6,Player 006,Team 005,Player 073,Team 006,3,0
6,6,Player 038,Team 005,Player 010,Team 006,0,3
6,6,Player 038,Team 005,Player 073,Team 006,1,3
6,7,Player 085,Team 016,Player 031,Team 014,1,3
6,7,Player 085,Team 016,Player 044,Team 014,1,3
6,7,Player 085,Team 016,Player 084,Team 014,0,3
6,7,Player 085,Team 016,Player 071,Team 014,0,3
6,7,Player 087,Team 016,Player 031,Team 014,2,3
6,7,Player 087,Team 016,Player 044,Team 014,1,3
6,7,Player 087,Team 016,Player 084,Team 014,2,3
6,7,Player 087,Team 016,Player 071,Team 014,1,3
6,7,Player 105,Team 016,Player 031,Team 014,0,3
6,7,Player 105,Team 016,Player 044,Team 014,0,3
6,7,Player 105,Team 016,Player 084,Team 014,2,3
6,7,Player 105,Team 016,Player 071,Team 014,1,3
6,7,Player 059,Team 016,Player 031,Team 014,1,3
6,7,Player 059,Team 016,Player 044,Team 014,2,3
6,7,Player 059,Team 016,Player 084,Team 014,2,3
6,7,Player 059,Team 016,Player 071,Team 014,0,3
6,8,Player 029,Team 013,Player 028,Team 012,1,3
6,8,Player 029,Team 013,Player 039,Team 012,3,1
6,8,Player 029,Team 013,Player 109,Team 012,3,1
6,8,Player 029,Team 013,Player 083,Team 012,3,1
6,8,Player 052,Team 013,Player 028,Team 012,1,3
6,8,Player 052,Team 013,Player 039,Team 012,3,2
6,8,Player 052,Team 013,Player 109,Team 012,3,0
6,8,Player 052,Team 013,Player 083,Team 012,3,1
6,8,Player 051,Team 013,Player 028,Team 012,0,3
6,8,Player 051,Team 013,Player 039,Team 012,0,3
6,8,Player 051,Team 013,Player 109,Team 012,0,3
6,8,Player 051,Team 013,Player 083,Team 012,0,3
6,8,(játék nélkül),Team 013,Player 028,Team 012,0,3
6,8,(játék nélkül),Team 013,Player 039,Team 012,0,3
6,8,(játék nélkül),Team 013,Player 109,Team 012,0,3
6,8,(játék nélkül),Team 013,Player 083,Team 012,0,3
7,1,Player 103,Team 010,Player 057,Team 016,0,3
7,1,Player 103,Team 010,Player 085,Team 016,3,2
7,1,Player 103,Team 010,Player 086,Team 016,3,1
7,1,Player 103,Team 010,Player 087,Team 016,0,3
7,1,Player 064,Team 010,Player 057,Team 016,0,3
7,1,Player 064,Team 010,Player 085,Team 016,1,3
7,1,Player 064,Team 010,Player 086,Team 016,1,3
7,1,Player 064,Team 010,Player 087,Team 016,2,3
7,1,Player 020,Team 010,Player 057,Team 016,3,1
7,1,Player 020,Team 010,Player 085,Team 016,3,1
7,1,Player 020,Team 010,Player 086,Team 016,3,0
7,1,Player 020,Team 010,Player 087,Team 016,3,0
7,1,Player 024,Team 010,Player 057,Team 016,3,2
7,1,Player 024,Team 010,Player 085,Team 016,3,0
7,1,Player 024,Team 010,Player 086,Team 016,3,0
7,1,Player 024,Team 010,Player 087,Team 016,3,0
7,2,Player 076,Team 001,Player 002,Team 002,1,3
7,2,Player 076,Team 001,Player 074,Team 002,3,0
7,2,Player 076,Team 001,Player 053,Team 002,3,0
7,2,Player 076,Team 001,Player 099,Team 002,3,0
7,2,Player 107,Team 001,Player 002,Team 002,0,3
7,2,Player 107,Team 001,Player 074,Team 002,1,3
7,2,Player 107,Team 001,Player 053,Team 002,3,0
7,2,Player 107,Team 001,Player 099,Team 002,3,2
7,2,Player 101,Team 001,Player 002,Team 002,0,3
7,2,Player 101,Team 001,Player 074,Team 002,3,1
7,2,Player 101,Team 001,Player 053,Team 002,3,0
7,2,Player 101,Team 001,Player 099,Team 002,3,0
7,2,Player 050,Team 001,Player 002,Team 002,0,3
7,2,Player 050,Team 001,Player 074,Team 002,3,0
7,2,Player 050,Team 001,Player 053,Team 002,3,1
7,2,Player 050,Team 001,Player 099,Team 002,3,0
7,3,Player 017,Team 004,Player 014,Team 007,3,2
7,3,Player 017,Team 004,Player 034,Team 007,3,0
7,3,Player 017,Team 004,Player 026,Team 007,3,0
7,3,Player 017,Team 004,Player 088,Team 007,3,0
7,3,Player 018,Team 004,Player 014,Team 007,0,3
7,3,Player 018,Team 004,Player 034,Team 007,2,3
7,3,Player 018,Team 004,Player 026,Team 007,0,3
7,3,Player 018,Team 004,Player 088,Team 007,3,0
7,3,Player 075,Team 004,Player 014,Team 007,0,3
7,3,Player 075,Team 004,Player 034,Team 007,2,3
7,3,Player 075,Team 004,Player 026,Team 007,1,3
7,3,Player 075,Team 004,Player 049,Team 007,3,2
7,3,Player 009,Team 004,Player 014,Team 007,1,3
7,3,Player 009,Team 004,Player 034,Team 007,3,0
7,3,Player 009,Team 004,Player 026,Team 007,3,1
7,3,Player 009,Team 004,Player 049,Team 007,3,0
7,4,Player 109,Team 012,Player 079,Team 009,0,3
7,4,Player 025,Team 012,Player 079,Team 009,3,0
7,4,Player 025,Team 012,Player 068,Team 009,0,3
7,4,Player 025,Team 012,Player 045,Team 009,3,0
7,4,Player 025,Team 012,Player 027,Team 009,3,0
7,4,Player 039,Team 012,Player 079,Team 009,3,1
7,4,Player 039,Team 012,Player 068,Team 009,0,3
7,4,Player 039,Team 012,Player 045,Team 009,3,0
7,4,Player 039,Team 012,Player 019,Team 009,0,3
7,4,Player 028,Team 012,Player 079,Team 009,3,0
7,4,Player 028,Team 012,Player 068,Team 009,1,3
7,4,Player 028,Team 012,Player 045,Team 009,3,0
7,4,Player 028,Team 012,Player 019,Team 009,3,2
7,4,Player 083,Team 012,Player 068,Team 009,1,3
7,4,Player 083,Team 012,Player 045,Team 009,3,0
7,4,Player 083,Team 012,Player 027,Team 009,3,1
7,5,Player 032,Team 006,Player 052,Team 013,3,2
7,5,Player 032,Team 006,Player 051,Team 013,3,1
7,5,Player 032,Team 006,Player 029,Team 013,0,3
7,5,Player 032,Team 006,(játék nélkül),Team 013,3,0
7,5,Player 010,Team 006,Player 052,Team 013,3,0
7,5,Player 010,Team 006,Player 051,Team 013,3,0
7,5,Player 010,Team 006,Player 029,Team 013,2,3
7,5,Player 010,Team 006,(játék nélkül),Team 013,3,0
7,5,Player 102,Team 006,Player 052,Team 013,1,3
7,5,Player 102,Team 006,Player 051,Team 013,3,0
7,5,Player 102,Team 006,Player 029,Team 013,0,3
7,5,Player 102,Team 006,(játék nélkül),Team 013,3,0
7,5,Player 073,Team 006,Player 052,Team 013,3,2
7,5,Player 073,Team 006,Player 051,Team 013,3,0
7,5,Player 073,Team 006,Player 029,Team 013,1,3
7,5,Player 073,Team 006,(játék nélkül),Team 013,3,0
7,6,Player 035,Team 008,Player 008,Team 003,1,3
7,6,Player 035,Team 008,Player 067,Team 003,0,3
7,6,Player 035,Team 008,Player 003,Team 003,3,1
7,6,Player 035,Team 008,Player 125,Team 003,0,3
7,6,Player 037,Team 008,Player 008,Team 003,0,3
7,6,Player 037,Team 008,Player 067,Team 003,1,3
7,6,Player 037,Team 008,Player 003,Team 003,3,2
7,6,Player 037,Team 008,Player 125,Team 003,3,2
7,6,Player 077,Team 008,Player 008,Team 003,3,0
7,6,Player 077,Team 008,Player 067,Team 003,3,2
7,6,Player 077,Team 008,Player 003,Team 003,3,0
7,6,Player 077,Team 008,Player 125,Team 003,3,0
7,6,Player 016,Team 008,Player 008,Team 003,3,2
7,6,Player 016,Team 008,Player 067,Team 003,0,3
7,6,Player 016,Team 008,Player 003,Team 003,3,0
7,6,Player 016,Team 008,Player 125,Team 003,3,2
7,7,Player 031,Team 014,Player 022,Team 011,3,1
7,7,Player 031,Team 014,Player 023,Team 011,3,0
7,7,Player 031,Team 014,Player 072,Team 011,1,3
7,7,Player 031,Team 014,Player 021,Team 011,3,0
7,7,Player 044,Team 014,Player 022,Team 011,1,3
7,7,Player 044,Team 014,Player 023,Team 011,3,2
7,7,Player 044,Team 014,Player 072,Team 011,0,3
7,7,Player 044,Team 014,Player 021,Team 011,3,0
7,7,Player 084,Team 014,Player 022,Team 011,2,3
7,7,Player 084,Team 014,Player 023,Team 011,0,3
7,7,Player 084,Team 014,Player 072,Team 011,0,3
7,7,Player 084,Team 014,Player 021,Team 011,1,3
7,7,Player 095,Team 014,Player 022,Team 011,3,1
7,7,Player 095,Team 014,Player 023,Team 011,3,0
7,7,Player 095,Team 014,Player 072,Team 011,2,3
7,7,Player 095,Team 014,Player 021,Team 011,3,2
7,8,Player 048,Team 015,Player 091,Team 005,3,0
7,8,Player 048,Team 015,Player 012,Team 005,0,3
7,8,Player 048,Team 015,Player 006,Team 005,0,3
7,8,Player 048,Team 015,Player 040,Team 005,0,3
7,8,Player 111,Team 015,Player 091,Team 005,3,2
7,8,Player 111,Team 015,Player 012,Team 005,3,1
7,8,Player 111,Team 015,Player 006,Team 005,1,3
7,8,Player 111,Team 015,Player 040,Team 005,3,1
7,8,Player 046,Team 015,Player 091,Team 005,3,0
7,8,Player 046,Team 015,Player 012,Team 005,0,3
7,8,Player 046,Team 015,Player 006,Team 005,1,3
7,8,Player 046,Team 015,Player 040,Team 005,3,0
7,8,Player 047,Team 015,Player 091,Team 005,3,0
7,8,Player 047,Team 015,Player 012,Team 005,3,2
7,8,Player 047,Team 015,Player 006,Team 005,0,3
7,8,Player 047,Team 015,Player 040,Team 005,2,3
8,1,Player 023,Team 011,Player 114,Team 010,3,0
8,1,Player 023,Team 011,Player 115,Team 010,3,0
8,1,Player 023,Team 011,Player 089,Team 010,0,3
8,1,Player 023,Team 011,Player 063,Team 010,3,0
8,1,Player 033,Team 011,Player 114,Team 010,3,0
8,1,Player 033,Team 011,Player 115,Team 010,3,1
8,1,Player 033,Team 011,Player 089,Team 010,0,3
8,1,Player 033,Team 011,Player 063,Team 010,3,0
8,1,Player 021,Team 011,Player 114,Team 010,3,0
8,1,Player 021,Team 011,Player 115,Team 010,3,0
8,1,Player 021,Team 011,Player 089,Team 010,3,1
8,1,Player 021,Team 011,Player 063,Team 010,3,0
8,1,Player 072,Team 011,Player 114,Team 010,3,0
8,1,Player 072,Team 011,Player 115,Team 010,3,0
8,1,Player 072,Team 011,Player 089,Team 010,0,3
8,1,Player 072,Team 011,Player 063,Team 010,3,0
8,2,Player 099,Team 002,Player 028,Team 012,0,3
8,2,Player 099,Team 002,Player 083,Team 012,0,3
8,2,Player 041,Team 002,Player 028,Team 012,2,3
8,2,Player 041,Team 002,Player 083,Team 012,1,3
8,2,Player 041,Team 002,Player 039,Team 012,1,3
8,2,Player 041,Team 002,Player 109,Team 012,3,0
8,2,Player 078,Team 002,Player 028,Team 012,0,3
8,2,Player 078,Team 002,Player 083,Team 012,1,3
8,2,Player 078,Team 002,Player 039,Team 012,0,3
8,2,Player 078,Team 002,Player 109,Team 012,0,3
8,2,Player 054,Team 002,Player 028,Team 012,0,3
8,2,Player 054,Team 002,Player 083,Team 012,0,3
8,2,Player 054,Team 002,Player 039,Team 012,0,3
8,2,Player 054,Team 002,Player 109,Team 012,0,3
8,2,Player 002,Team 002,Player 039,Team 012,3,1
8,2,Player 002,Team 002,Player 109,Team 012,3,0
8,3,Player 017,Team 004,Player 046,Team 015,3,1
8,3,Player 017,Team 004,Player 048,Team 015,3,0
8,3,Player 017,Team 004,Player 112,Team 015,3,0
8,3,Player 017,Team 004,Player 056,Team 015,3,0
8,3,Player 018,Team 004,Player 046,Team 015,0,3
8,3,Player 018,Team 004,Player 048,Team 015,3,0
8,3,Player 018,Team 004,Player 112,Team 015,3,2
8,3,Player 018,Team 004,Player 056,Team 015,3,2
8,3,Player 004,Team 004,Player 046,Team 015,3,0
8,3,Player 004,Team 004,Player 048,Team 015,3,0
8,3,Player 004,Team 004,Player 112,Team 015,3,1
8,3,Player 004,Team 004,Player 056,Team 015,3,1
8,3,Player 009,Team 004,Player 046,Team 015,0,3
8,3,Player 009,Team 004,Player 048,Team 015,3,1
8,3,Player 009,Team 004,Player 112,Team 015,0,3
8,3,Player 009,Team 004,Player 056,Team 015,2,3
8,4,Player 026,Team 007,Player 042,Team 014,3,1
8,4,Player 026,Team 007,Player 031,Team 014,2,3
8,4,Player 026,Team 007,Player 071,Team 014,3,0
8,4,Player 026,Team 007,Player 044,Team 014,3,0
8,4,Player 093,Team 007,Player 042,Team 014,0,3
8,4,Player 093,Team 007,Player 031,Team 014,0,3
8,4,Player 093,Team 007,Player 071,Team 014,0,3
8,4,Player 093,Team 007,Player 044,Team 014,0,3
8,4,Player 049,Team 007,Player 042,Team 014,1,3
8,4,Player 049,Team 007,Player 031,Team 014,2,3
8,4,Player 049,Team 007,Player 071,Team 014,0,3
8,4,Player 049,Team 007,Player 044,Team 014,2,3
8,4,Player 014,Team 007,Player 042,Team 014,3,1
8,4,Player 014,Team 007,Player 031,Team 014,3,0
8,4,Player 014,Team 007,Player 071,Team 014,3,0
8,4,Player 014,Team 007,Player 044,Team 014,3,1
8,5,Player 045,Team 009,Player 010,Team 006,0,3
8,5,Player 045,Team 009,Player 032,Team 006,1,3
8,5,Player 045,Team 009,Player 102,Team 006,0,3
8,5,Player 045,Team 009,Player 030,Team 006,3,2
8,5,Player 081,Team 009,Player 010,Team 006,0,3
8,5,Player 081,Team 009,Player 032,Team 006,1,3
8,5,Player 081,Team 009,Player 102,Team 006,2,3
8,5,Player 081,Team 009,Player 030,Team 006,3,0
8,5,Player 079,Team 009,Player 010,Team 006,0,3
8,5,Player 079,Team 009,Player 032,Team 006,2,3
8,5,Player 079,Team 009,Player 102,Team 006,1,3
8,5,Player 079,Team 009,Player 073,Team 006,1,3
8,5,Player 029,Team 009,Player 010,Team 006,2,3
8,5,Player 029,Team 009,Player 032,Team 006,3,2
8,5,Player 029,Team 009,Player 102,Team 006,2,3
8,5,Player 029,Team 009,Player 073,Team 006,0,3
8,6,Player 106,Team 013,Player 090,Team 005,3,2
8,6,Player 106,Team 013,Player 012,Team 005,0,3
8,6,Player 106,Team 013,Player 006,Team 005,1,3
8,6,Player 106,Team 013,Player 040,Team 005,2,3
8,6,Player 113,Team 013,Player 090,Team 005,1,3
8,6,Player 113,Team 013,Player 012,Team 005,0,3
8,6,Player 113,Team 013,Player 006,Team 005,0,3
8,6,Player 113,Team 013,Player 040,Team 005,0,3
8,6,Player 051,Team 013,Player 090,Team 005,2,3
8,6,Player 051,Team 013,Player 012,Team 005,0,3
8,6,Player 051,Team 013,Player 006,Team 005,0,3
8,6,Player 051,Team 013,Player 040,Team 005,0,3
8,6,Player 029,Team 013,Player 090,Team 005,3,1
8,6,Player 029,Team 013,Player 012,Team 005,1,3
8,6,Player 029,Team 013,Player 006,Team 005,0,3
8,6,Player 029,Team 013,Player 040,Team 005,3,0
8,7,Player 008,Team 003,Player 100,Team 001,0,3
8,7,Player 008,Team 003,Player 007,Team 001,0,3
8,7,Player 008,Team 003,Player 001,Team 001,3,2
8,7,Player 008,Team 003,Player 076,Team 001,0,3
8,7,Player 067,Team 003,Player 100,Team 001,1,3
8,7,Player 067,Team 003,Player 007,Team 001,0,3
8,7,Player 067,Team 003,Player 001,Team 001,3,0
8,7,Player 067,Team 003,Player 076,Team 001,3,0
8,7,Player 125,Team 003,Player 100,Team 001,0,3
8,7,Player 125,Team 003,Player 007,Team 001,0,3
8,7,Player 125,Team 003,Player 001,Team 001,0,3
8,7,Player 125,Team 003,Player 076,Team 001,1,3
8,7,Player 005,Team 003,Player 100,Team 001,0,3
8,7,Player 005,Team 003,Player 007,Team 001,0,3
8,7,Player 005,Team 003,Player 001,Team 001,1,3
8,7,Player 005,Team 003,Player 076,Team 001,2,3
8,8,Player 059,Team 016,Player 035,Team 008,0,3
8,8,Player 059,Team 016,Player 092,Team 008,3,2
8,8,Player 059,Team 016,Player 060,Team 008,2,3
8,8,Player 059,Team 016,Player 108,Team 008,3,1
8,8,Player 105,Team 016,Player 035,Team 008,1,3
8,8,Player 105,Team 016,Player 092,Team 008,0,3
8,8,Player 105,Team 016,Player 036,Team 008,0,3
8,8,Player 105,Team 016,Player 060,Team 008,2,3
8,8,Player 057,Team 016,Player 035,Team 008,1,3
8,8,Player 057,Team 016,Player 092,Team 008,0,3
8,8,Player 057,Team 016,Player 036,Team 008,0,3
8,8,Player 057,Team 016,Player 060,Team 008,0,3
8,8,Player 086,Team 016,Player 035,Team 008,0,3
8,8,Player 086,Team 016,Player 092,Team 008,0,3
8,8,Player 086,Team 016,Player 060,Team 008,0,3
8,8,Player 086,Team 016,Player 108,Team 008,0,3
9,1,Player 063,Team 010,Player 049,Team 007,0,3
9,1,Player 063,Team 010,Player 026,Team 007,0,3
9,1,Player 063,Team 010,Player 116,Team 007,0,3
9,1,Player 063,Team 010,Player 034,Team 007,0,3
9,1,Player 103,Team 010,Player 026,Team 007,0,3
9,1,Player 103,Team 010,Player 116,Team 007,0,3
9,1,Player 020,Team 010,Player 049,Team 007,3,1
9,1,Player 020,Team 010,Player 026,Team 007,0,3
9,1,Player 020,Team 010,Player 116,Team 007,0,3
9,1,Player 020,Team 010,Player 034,Team 007,0,3
9,1,Player 024,Team 010,Player 049,Team 007,3,0
9,1,Player 024,Team 010,Player 026,Team 007,3,1
9,1,Player 024,Team 010,Player 116,Team 007,2,3
9,1,Player 024,Team 010,Player 034,Team 007,3,2
9,1,Player 064,Team 010,Player 049,Team 007,1,3
9,1,Player 064,Team 010,Player 034,Team 007,0,3
9,2,Player 010,Team 006,Player 078,Team 002,3,0
9,2,Player 010,Team 006,Player 041,Team 002,3,0
9,2,Player 010,Team 006,Player 074,Team 002,3,0
9,2,Player 010,Team 006,Player 054,Team 002,3,0
9,2,Player 032,Team 006,Player 078,Team 002,3,1
9,2,Player 032,Team 006,Player 041,Team 002,3,2
9,2,Player 032,Team 006,Player 074,Team 002,3,1
9,2,Player 032,Team 006,Player 054,Team 002,3,0
9,2,Player 102,Team 006,Player 078,Team 002,3,1
9,2,Player 102,Team 006,Player 041,Team 002,3,1
9,2,Player 102,Team 006,Player 074,Team 002,3,1
9,2,Player 102,Team 006,Player 054,Team 002,3,0
9,2,Player 094,Team 006,Player 078,Team 002,3,1
9,2,Player 094,Team 006,Player 054,Team 002,1,3
9,2,Player 073,Team 006,Player 041,Team 002,0,3
9,2,Player 073,Team 006,Player 074,Team 002,3,0
9,3,Player 025,Team 012,Player 125,Team 003,3,1
9,3,Player 025,Team 012,Player 067,Team 003,1,3
9,3,Player 025,Team 012,Player 008,Team 003,2,3
9,3,Player 025,Team 012,Player 005,Team 003,0,3
9,3,Player 028,Team 012,Player 125,Team 003,3,1
9,3,Player 028,Team 012,Player 067,Team 003,3,0
9,3,Player 028,Team 012,Player 008,Team 003,3,0
9,3,Player 028,Team 012,Player 005,Team 003,3,0
9,3,Player 109,Team 012,Player 125,Team 003,3,1
9,3,Player 109,Team 012,Player 067,Team 003,2,3
9,3,Player 109,Team 012,Player 008,Team 003,1,3
9,3,Player 109,Team 012,Player 005,Team 003,0,3
9,3,Player 039,Team 012,Player 125,Team 003,3,0
9,3,Player 039,Team 012,Player 067,Team 003,1,3
9,3,Player 039,Team 012,Player 008,Team 003,3,0
9,3,Player 039,Team 012,Player 005,Team 003,3,1
9,4,Player 046,Team 015,(játék nélkül),Team 013,3,0
9,4,Player 046,Team 015,(játék nélkül),Team 013,3,0
9,4,Player 046,Team 015,(játék nélkül),Team 013,3,0
9,4,Player 046,Team 015,(játék nélkül),Team 013,3,0
9,4,Player 056,Team 015,(játék nélkül),Team 013,3,0
9,4,Player 056,Team 015,(játék nélkül),Team 013,3,0
9,4,Player 056,Team 015,(játék nélkül),Team 013,3,0
9,4,Player 056,Team 015,(játék nélkül),Team 013,3,0
9,4,Player 047,Team 015,(játék nélkül),Team 013,3,0
9,4,Player 047,Team 015,(játék nélkül),Team 013,3,0
9,4,Player 047,Team 015,(játék nélkül),Team 013,3,0
9,4,Player 047,Team 015,(játék nélkül),Team 013,3,0
9,4,Player 112,Team 015,(játék nélkül),Team 013,3,0
9,4,Player 112,Team 015,(játék nélkül),Team 013,3,0
9,4,Player 112,Team 015,(játék nélkül),Team 013,3,0
9,4,Player 112,Team 015,(játék nélkül),Team 013,3,0
9,5,Player 077,Team 008,Player 072,Team 011,2,3
9,5,Player 077,Team 008,Player 023,Team 011,1,3
9,5,Player 077,Team 008,Player 021,Team 011,0,3
9,5,Player 077,Team 008,Player 022,Team 011,3,0
9,5,Player 037,Team 008,Player 072,Team 011,3,1
9,5,Player 037,Team 008,Player 023,Team 011,3,0
9,5,Player 037,Team 008,Player 021,Team 011,3,1
9,5,Player 037,Team 008,Player 022,Team 011,2,3
9,5,Player 036,Team 008,Player 072,Team 011,1,3
9,5,Player 036,Team 008,Player 023,Team 011,3,0
9,5,Player 036,Team 008,Player 021,Team 011,1,3
9,5,Player 036,Team 008,Player 022,Team 011,2,3
9,5,Player 016,Team 008,Player 072,Team 011,1,3
9,5,Player 016,Team 008,Player 023,Team 011,3,0
9,5,Player 016,Team 008,Player 021,Team 011,2,3
9,5,Player 016,Team 008,Player 022,Team 011,3,1
9,6,Player 070,Team 014,Player 075,Team 004,3,2
9,6,Player 070,Team 014,Player 017,Team 004,3,1
9,6,Player 070,Team 014,Player 018,Team 004,3,0
9,6,Player 070,Team 014,Player 004,Team 004,0,3
9,6,Player 043,Team 014,Player 075,Team 004,3,2
9,6,Player 043,Team 014,Player 017,Team 004,1,3
9,6,Player 043,Team 014,Player 018,Team 004,0,3
9,6,Player 043,Team 014,Player 004,Team 004,0,3
9,6,Player 084,Team 014,Player 075,Team 004,3,0
9,6,Player 084,Team 014,Player 017,Team 004,1,3
9,6,Player 084,Team 014,Player 018,Team 004,2,3
9,6,Player 084,Team 014,Player 004,Team 004,0,3
9,6,Player 095,Team 014,Player 075,Team 004,3,0
9,6,Player 095,Team 014,Player 017,Team 004,3,1
9,6,Player 095,Team 014,Player 018,Team 004,3,0
9,6,Player 095,Team 014,Player 004,Team 004,3,1
9,7,Player 012,Team 005,Player 029,Team 009,3,0
9,7,Player 012,Team 005,Player 058,Team 009,3,0
9,7,Player 012,Team 005,Player 068,Team 009,0,3
9,7,Player 012,Team 005,Player 079,Team 009,3,1
9,7,Player 040,Team 005,Player 029,Team 009,3,2
9,7,Player 040,Team 005,Player 058,Team 009,0,3
9,7,Player 006,Team 005,Player 029,Team 009,3,1
9,7,Player 006,Team 005,Player 058,Team 009,3,0
9,7,Player 006,Team 005,Player 068,Team 009,3,1
9,7,Player 006,Team 005,Player 079,Team 009,3,1
9,7,Player 038,Team 005,Player 029,Team 009,3,0
9,7,Player 038,Team 005,Player 058,Team 009,3,1
9,7,Player 038,Team 005,Player 068,Team 009,1,3
9,7,Player 038,Team 005,Player 079,Team 009,3,2
9,7,Player 104,Team 005,Player 068,Team 009,0,3
9,7,Player 104,Team 005,Player 079,Team 009,0,3
9,8,Player 101,Team 001,Player 085,Team 016,3,0
9,8,Player 101,Team 001,Player 105,Team 016,3,0
9,8,Player 101,Team 001,Player 087,Team 016,3,0
9,8,Player 101,Team 001,Player 055,Team 016,3,0
9,8,Player 050,Team 001,Player 085,Team 016,3,1
9,8,Player 050,Team 001,Player 105,Team 016,3,1
9,8,Player 050,Team 001,Player 087,Team 016,3,0
9,8,Player 050,Team 001,Player 055,Team 016,3,0
9,8,Player 001,Team 001,Player 085,Team 016,3,0
9,8,Player 001,Team 001,Player 105,Team 016,3,1
9,8,Player 001,Team 001,Player 087,Team 016,3,0
9,8,Player 001,Team 001,Player 055,Team 016,3,0
9,8,Player 100,Team 001,Player 085,Team 016,3,0
9,8,Player 100,Team 001,Player 105,Team 016,3,1
9,8,Player 100,Team 001,Player 087,Team 016,3,0
9,8,Player 100,Team 001,Player 055,Team 016,3,0
10,1,Player 009,Team 004,Player 020,Team 010,1,3
10,1,Player 009,Team 004,Player 063,Team 010,3,0
10,1,Player 017,Team 004,Player 020,Team 010,3,2
10,1,Player 017,Team 004,Player 063,Team 010,3,0
10,1,Player 017,Team 004,Player 064,Team 010,3,0
10,1,Player 017,Team 004,Player 024,Team 010,2,3
10,1,Player 018,Team 004,Player 020,Team 010,3,0
10,1,Player 018,Team 004,Player 063,Team 010,3,0
10,1,Player 018,Team 004,Player 064,Team 010,3,0
10,1,Player 018,Team 004,Player 024,Team 010,2,3
10,1,Player 004,Team 004,Player 020,Team 010,3,1
10,1,Player 004,Team 004,Player 063,Team 010,3,0
10,1,Player 004,Team 004,Player 064,Team 010,3,0
10,1,Player 004,Team 004,Player 024,Team 010,3,2
10,1,Player 075,Team 004,Player 064,Team 010,3,1
10,1,Player 075,Team 004,Player 024,Team 010,3,1
10,2,Player 053,Team 002,Player 110,Team 005,3,0
10,2,Player 053,Team 002,Player 061,Team 005,3,0
10,2,Player 053,Team 002,Player 006,Team 005,0,3
10,2,Player 053,Team 002,Player 012,Team 005,0,3
10,2,Player 074,Team 002,Player 110,Team 005,3,0
10,2,Player 074,Team 002,Player 061,Team 005,3,1
10,2,Player 074,Team 002,Player 006,Team 005,0,3
10,2,Player 074,Team 002,Player 012,Team 005,3,1
10,2,Player 041,Team 002,Player 110,Team 005,3,0
10,2,Player 041,Team 002,Player 061,Team 005,3,1
10,2,Player 041,Team 002,Player 006,Team 005,0,3
10,2,Player 041,Team 002,Player 012,Team 005,0,3
10,2,Player 002,Team 002,Player 110,Team 005,3,0
10,2,Player 002,Team 002,Player 061,Team 005,3,1
10,2,Player 002,Team 002,Player 006,Team 005,2,3
10,2,Player 002,Team 002,Player 012,Team 005,0,3
10,3,Player 072,Team 011,Player 013,Team 001,0,3
10,3,Player 072,Team 011,Player 100,Team 001,0,3
10,3,Player 072,Team 011,Player 069,Team 001,0,3
10,3,Player 072,Team 011,Player 007,Team 001,0,3
10,3,Player 021,Team 011,Player 013,Team 001,0,3
10,3,Player 021,Team 011,Player 100,Team 001,0,3
10,3,Player 021,Team 011,Player 069,Team 001,0,3
10,3,Player 021,Team 011,Player 007,Team 001,0,3
10,3,Player 033,Team 011,Player 013,Team 001,0,3
10,3,Player 033,Team 011,Player 100,Team 001,1,3
10,3,Player 033,Team 011,Player 069,Team 001,0,3
10,3,Player 033,Team 011,Player 007,Team 001,0,3
10,3,Player 023,Team 011,Player 013,Team 001,0,3
10,3,Player 023,Team 011,Player 100,Team 001,0,3
10,3,Player 023,Team 011,Player 069,Team 001,0,3
10,3,Player 023,Team 011,Player 007,Team 001,0,3
10,4,Player 116,Team 007,Player 035,Team 008,3,1
10,4,Player 116,Team 007,Player 077,Team 008,3,1
10,4,Player 116,Team 007,Player 016,Team 008,2,3
10,4,Player 116,Team 007,Player 060,Team 008,3,0
10,4,Player 014,Team 007,Player 035,Team 008,3,0
10,4,Player 014,Team 007,Player 077,Team 008,3,1
10,4,Player 014,Team 007,Player 037,Team 008,3,1
10,4,Player 014,Team 007,Player 016,Team 008,0,3
10,4,Player 026,Team 007,Player 035,Team 008,3,0
10,4,Player 026,Team 007,Player 077,Team 008,3,1
10,4,Player 026,Team 007,Player 037,Team 008,3,2
10,4,Player 026,Team 007,Player 016,Team 008,0,3
10,4,Player 034,Team 007,Player 035,Team 008,3,1
10,4,Player 034,Team 007,Player 077,Team 008,3,0
10,4,Player 034,Team 007,Player 016,Team 008,3,2
10,4,Player 034,Team 007,Player 060,Team 008,3,2
10,5,Player 019,Team 009,(játék nélkül),Team 013,3,0
10,5,Player 019,Team 009,(játék nélkül),Team 013,3,0
10,5,Player 019,Team 009,(játék nélkül),Team 013,3,0
10,5,Player 019,Team 009,(játék nélkül),Team 013,3,0
10,5,Player 081,Team 009,(játék nélkül),Team 013,3,0
10,5,Player 081,Team 009,(játék nélkül),Team 013,3,0
10,5,Player 081,Team 009,(játék nélkül),Team 013,3,0
10,5,Player 081,Team 009,(játék nélkül),Team 013,3,0
10,5,Player 045,Team 009,(játék nélkül),Team 013,3,0
10,5,Player 045,Team 009,(játék nélkül),Team 013,3,0
10,5,Player 045,Team 009,(játék nélkül),Team 013,3,0
10,5,Player 045,Team 009,(játék nélkül),Team 013,3,0
10,5,Player 029,Team 009,(játék nélkül),Team 013,3,0
10,5,Player 029,Team 009,(játék nélkül),Team 013,3,0
10,5,Player 029,Team 009,(játék nélkül),Team 013,3,0
10,5,Player 029,Team 009,(játék nélkül),Team 013,3,0
10,6,Player 071,Team 014,Player 046,Team 015,3,1
10,6,Player 071,Team 014,Player 047,Team 015,3,1
10,6,Player 071,Team 014,Player 048,Team 015,3,1
10,6,Player 071,Team 014,Player 056,Team 015,3,0
10,6,Player 031,Team 014,Player 046,Team 015,3,1
10,6,Player 031,Team 014,Player 047,Team 015,3,0
10,6,Player 031,Team 014,Player 048,Team 015,3,0
10,6,Player 031,Team 014,Player 056,Team 015,0,3
10,6,Player 084,Team 014,Player 046,Team 015,1,3
10,6,Player 084,Team 014,Player 047,Team 015,0,3
10,6,Player 084,Team 014,Player 048,Team 015,1,3
10,6,Player 084,Team 014,Player 056,Team 015,2,3
10,6,Player 043,Team 014,Player 046,Team 015,0,3
10,6,Player 043,Team 014,Player 047,Team 015,3,1
10,6,Player 043,Team 014,Player 048,Team 015,0,3
10,6,Player 043,Team 014,Player 056,Team 015,1,3
10,7,Player 003,Team 003,Player 010,Team 006,1,3
10,7,Player 003,Team 003,Player 102,Team 006,0,3
10,7,Player 003,Team 003,Player 032,Team 006,3,0
10,7,Player 003,Team 003,Player 073,Team 006,1,3
10,7,Player 067,Team 003,Player 010,Team 006,0,3
10,7,Player 067,Team 003,Player 102,Team 006,3,1
10,7,Player 067,Team 003,Player 032,Team 006,3,0
10,7,Player 067,Team 003,Player 073,Team 006,3,0
10,7,Player 125,Team 003,Player 010,Team 006,1,3
10,7,Player 125,Team 003,Player 102,Team 006,3,1
10,7,Player 125,Team 003,Player 032,Team 006,3,0
10,7,Player 125,Team 003,Player 073,Team 006,1,3
10,7,Player 008,Team 003,Player 010,Team 006,2,3
10,7,Player 008,Team 003,Player 102,Team 006,3,0
10,7,Player 008,Team 003,Player 032,Team 006,3,1
10,7,Player 008,Team 003,Player 073,Team 006,3,1
10,8,Player 087,Team 016,Player 117,Team 012,1,3
10,8,Player 087,Team 016,Player 109,Team 012,1,3
10,8,Player 087,Team 016,Player 028,Team 012,0,3
10,8,Player 087,Team 016,Player 039,Team 012,0,3
10,8,Player 057,Team 016,Player 117,Team 012,2,3
10,8,Player 057,Team 016,Player 109,Team 012,0,3
10,8,Player 057,Team 016,Player 028,Team 012,0,3
10,8,Player 057,Team 016,Player 039,Team 012,0,3
10,8,Player 086,Team 016,Player 117,Team 012,1,3
10,8,Player 086,Team 016,Player 109,Team 012,1,3
10,8,Player 086,Team 016,Player 028,Team 012,0,3
10,8,Player 086,Team 016,Player 039,Team 012,0,3
10,8,Player 059,Team 016,Player 117,Team 012,3,0
10,8,Player 059,Team 016,Player 109,Team 012,2,3
10,8,Player 059,Team 016,Player 028,Team 012,0,3
10,8,Player 059,Team 016,Player 039,Team 012,1,3
11,1,Player 064,Team 010,Player 096,Team 014,0,3
11,1,Player 064,Team 010,Player 070,Team 014,0,3
11,1,Player 064,Team 010,Player 084,Team 014,3,1
11,1,Player 064,Team 010,Player 043,Team 014,0,3
11,1,Player 020,Team 010,Player 096,Team 014,0,3
11,1,Player 020,Team 010,Player 070,Team 014,3,1
11,1,Player 020,Team 010,Player 084,Team 014,3,0
11,1,Player 020,Team 010,Player 043,Team 014,3,1
11,1,Player 103,Team 010,Player 096,Team 014,1,3
11,1,Player 103,Team 010,Player 070,Team 014,0,3
11,1,Player 103,Team 010,Player 084,Team 014,2,3
11,1,Player 103,Team 010,Player 043,Team 014,1,3
11,1,Player 089,Team 010,Player 096,Team 014,3,0
11,1,Player 089,Team 010,Player 070,Team 014,3,1
11,1,Player 089,Team 010,Player 084,Team 014,3,0
11,1,Player 089,Team 010,Player 043,Team 014,3,0
11,2,Player 052,Team 013,Player 078,Team 002,3,1
11,2,Player 052,Team 013,Player 002,Team 002,1,3
11,2,Player 052,Team 013,Player 074,Team 002,3,0
11,2,Player 052,Team 013,Player 054,Team 002,3,0
11,2,Player 051,Team 013,Player 078,Team 002,3,1
11,2,Player 051,Team 013,Player 002,Team 002,0,3
11,2,Player 051,Team 013,Player 074,Team 002,0,3
11,2,Player 051,Team 013,Player 054,Team 002,3,0
11,2,Player 029,Team 013,Player 078,Team 002,3,0
11,2,Player 029,Team 013,Player 074,Team 002,3,0
11,2,Player 029,Team 013,Player 054,Team 002,3,0
11,2,Player 029,Team 013,Player 041,Team 002,3,1
11,2,(játék nélkül),Team 013,Player 078,Team 002,0,3
11,2,(játék nélkül),Team 013,Player 074,Team 002,0,3
11,2,(játék nélkül),Team 013,Player 054,Team 002,0,3
11,2,(játék nélkül),Team 013,Player 041,Team 002,0,3
11,3,Player 083,Team 012,Player 022,Team 011,0,3
11,3,Player 083,Team 012,Player 023,Team 011,1,3
11,3,Player 083,Team 012,Player 072,Team 011,0,3
11,3,Player 083,Team 012,Player 021,Team 011,0,3
11,3,Player 039,Team 012,Player 022,Team 011,3,0
11,3,Player 039,Team 012,Player 023,Team 011,1,3
11,3,Player 039,Team 012,Player 072,Team 011,1,3
11,3,Player 039,Team 012,Player 021,Team 011,2,3
11,3,Player 028,Team 012,Player 022,Team 011,3,0
11,3,Player 028,Team 012,Player 023,Team 011,3,2
11,3,Player 028,Team 012,Player 072,Team 011,3,0
11,3,Player 028,Team 012,Player 021,Team 011,3,2
11,3,Player 025,Team 012,Player 022,Team 011,3,0
11,3,Player 025,Team 012,Player 023,Team 011,3,0
11,3,Player 025,Team 012,Player 072,Team 011,1,3
11,3,Player 025,Team 012,Player 021,Team 011,2,3
11,4,Player 100,Team 001,Player 034,Team 007,3,0
11,4,Player 100,Team 001,Player 014,Team 007,3,1
11,4,Player 100,Team 001,Player 118,Team 007,3,0
11,4,Player 100,Team 001,Player 116,Team 007,3,0
11,4,Player 007,Team 001,Player 034,Team 007,3,0
11,4,Player 007,Team 001,Player 014,Team 007,3,0
11,4,Player 007,Team 001,Player 118,Team 007,3,0
11,4,Player 007,Team 001,Player 116,Team 007,3,2
11,4,Player 001,Team 001,Player 034,Team 007,3,0
11,4,Player 001,Team 001,Player 118,Team 007,3,0
11,4,Player 001,Team 001,Player 116,Team 007,3,2
11,4,Player 001,Team 001,Player 026,Team 007,2,3
11,4,Player 013,Team 001,Player 034,Team 007,3,0
11,4,Player 013,Team 001,Player 118,Team 007,3,1
11,4,Player 013,Team 001,Player 116,Team 007,3,1
11,4,Player 013,Team 001,Player 026,Team 007,3,0
11,5,Player 046,Team 015,Player 045,Team 009,3,1
11,5,Player 046,Team 015,Player 058,Team 009,3,0
11,5,Player 046,Team 015,Player 068,Team 009,0,3
11,5,Player 046,Team 015,Player 079,Team 009,3,1
11,5,Player 056,Team 015,Player 045,Team 009,3,1
11,5,Player 056,Team 015,Player 058,Team 009,3,2
11,5,Player 056,Team 015,Player 068,Team 009,0,3
11,5,Player 056,Team 015,Player 079,Team 009,3,0
11,5,Player 047,Team 015,Player 045,Team 009,3,0
11,5,Player 047,Team 015,Player 058,Team 009,3,2
11,5,Player 047,Team 015,Player 068,Team 009,0,3
11,5,Player 047,Team 015,Player 079,Team 009,3,1
11,5,Player 048,Team 015,Player 045,Team 009,3,0
11,5,Player 048,Team 015,Player 058,Team 009,3,0
11,5,Player 048,Team 015,Player 068,Team 009,0,3
11,5,Player 048,Team 015,Player 079,Team 009,1,3
11,6,Player 077,Team 008,Player 004,Team 004,1,3
11,6,Player 077,Team 008,Player 018,Team 004,3,0
11,6,Player 077,Team 008,Player 009,Team 004,0,3
11,6,Player 077,Team 008,Player 017,Team 004,1,3
11,6,Player 037,Team 008,Player 004,Team 004,0,3
11,6,Player 037,Team 008,Player 018,Team 004,3,0
11,6,Player 037,Team 008,Player 009,Team 004,2,3
11,6,Player 037,Team 008,Player 017,Team 004,3,1
11,6,Player 036,Team 008,Player 004,Team 004,3,1
11,6,Player 036,Team 008,Player 018,Team 004,3,0
11,6,Player 036,Team 008,Player 009,Team 004,0,3
11,6,Player 036,Team 008,Player 017,Team 004,3,1
11,6,Player 016,Team 008,Player 004,Team 004,3,1
11,6,Player 016,Team 008,Player 018,Team 004,3,0
11,6,Player 016,Team 008,Player 009,Team 004,2,3
11,6,Player 016,Team 008,Player 017,Team 004,3,0
11,7,Player 091,Team 005,Player 008,Team 003,0,3
11,7,Player 091,Team 005,Player 067,Team 003,0,3
11,7,Player 091,Team 005,Player 003,Team 003,0,3
11,7,Player 091,Team 005,Player 005,Team 003,1,3
11,7,Player 038,Team 005,Player 008,Team 003,2,3
11,7,Player 038,Team 005,Player 067,Team 003,0,3
11,7,Player 038,Team 005,Player 003,Team 003,3,2
11,7,Player 038,Team 005,Player 005,Team 003,1,3
11,7,Player 012,Team 005,Player 008,Team 003,0,3
11,7,Player 012,Team 005,Player 067,Team 003,0,3
11,7,Player 012,Team 005,Player 003,Team 003,2,3
11,7,Player 012,Team 005,Player 005,Team 003,3,2
11,7,Player 006,Team 005,Player 008,Team 003,3,1
11,7,Player 006,Team 005,Player 067,Team 003,2,3
11,7,Player 006,Team 005,Player 003,Team 003,3,1
11,7,Player 006,Team 005,Player 005,Team 003,3,1
11,8,Player 102,Team 006,Player 057,Team 016,3,0
11,8,Player 102,Team 006,Player 087,Team 016,3,0
11,8,Player 102,Team 006,Player 059,Team 016,3,1
11,8,Player 102,Team 006,Player 085,Team 016,3,0
11,8,Player 062,Team 006,Player 057,Team 016,2,3
11,8,Player 062,Team 006,Player 087,Team 016,1,3
11,8,Player 062,Team 006,Player 059,Team 016,0,3
11,8,Player 062,Team 006,Player 085,Team 016,0,3
11,8,Player 030,Team 006,Player 057,Team 016,3,1
11,8,Player 030,Team 006,Player 087,Team 016,0,3
11,8,Player 030,Team 006,Player 059,Team 016,1,3
11,8,Player 030,Team 006,Player 085,Team 016,0,3
11,8,Player 010,Team 006,Player 057,Team 016,3,0
11,8,Player 010,Team 006,Player 087,Team 016,3,1
11,8,Player 010,Team 006,Player 059,Team 016,3,2
11,8,Player 010,Team 006,Player 085,Team 016,3,0
12,1,Player 063,Team 010,Player 046,Team 015,0,3
12,1,Player 063,Team 010,Player 048,Team 015,0,3
12,1,Player 063,Team 010,Player 047,Team 015,0,3
12,1,Player 063,Team 010,Player 112,Team 015,1,3
12,1,Player 103,Team 010,Player 046,Team 015,1,3
12,1,Player 103,Team 010,Player 048,Team 015,2,3
12,1,Player 103,Team 010,Player 047,Team 015,0,3
12,1,Player 103,Team 010,Player 112,Team 015,1,3
12,1,Player 115,Team 010,Player 046,Team 015,0,3
12,1,Player 115,Team 010,Player 048,Team 015,0,3
12,1,Player 115,Team 010,Player 047,Team 015,0,3
12,1,Player 115,Team 010,Player 112,Team 015,1,3
12,1,Player 024,Team 010,Player 046,Team 015,2,3
12,1,Player 024,Team 010,Player 048,Team 015,3,1
12,1,Player 024,Team 010,Player 047,Team 015,2,3
12,1,Player 024,Team 010,Player 112,Team 015,3,0
12,2,Player 053,Team 002,Player 045,Team 009,2,3
12,2,Player 053,Team 002,Player 019,Team 009,0,3
12,2,Player 053,Team 002,Player 068,Team 009,0,3
12,2,Player 053,Team 002,Player 058,Team 009,2,3
12,2,Player 041,Team 002,Player 045,Team 009,1,3
12,2,Player 041,Team 002,Player 019,Team 009,2,3
12,2,Player 041,Team 002,Player 068,Team 009,1,3
12,2,Player 041,Team 002,Player 058,Team 009,1,3
12,2,Player 054,Team 002,Player 045,Team 009,1,3
12,2,Player 054,Team 002,Player 019,Team 009,0,3
12,2,Player 054,Team 002,Player 068,Team 009,0,3
12,2,Player 054,Team 002,Player 058,Team 009,1,3
12,2,Player 002,Team 002,Player 045,Team 009,3,0
12,2,Player 002,Team 002,Player 058,Team 009,3,1
12,2,Player 078,Team 002,Player 019,Team 009,0,3
12,2,Player 078,Team 002,Player 068,Team 009,0,3
12,3,Player 021,Team 011,Player 010,Team 006,2,3
12,3,Player 021,Team 011,Player 062,Team 006,3,0
12,3,Player 021,Team 011,Player 030,Team 006,3,0
12,3,Player 021,Team 011,Player 102,Team 006,3,2
12,3,Player 022,Team 011,Player 010,Team 006,0,3
12,3,Player 022,Team 011,Player 062,Team 006,3,0
12,3,Player 022,Team 011,Player 030,Team 006,3,1
12,3,Player 022,Team 011,Player 102,Team 006,3,2
12,3,Player 072,Team 011,Player 010,Team 006,3,2
12,3,Player 072,Team 011,Player 062,Team 006,3,0
12,3,Player 072,Team 011,Player 030,Team 006,3,0
12,3,Player 072,Team 011,Player 102,Team 006,3,0
12,3,Player 023,Team 011,Player 010,Team 006,0,3
12,3,Player 023,Team 011,Player 062,Team 006,3,1
12,3,Player 023,Team 011,Player 030,Team 006,3,1
12,3,Player 023,Team 011,Player 102,Team 006,3,1
12,4,Player 017,Team 004,Player 100,Team 001,0,3
12,4,Player 017,Team 004,Player 076,Team 001,2,3
12,4,Player 017,Team 004,Player 007,Team 001,0,3
12,4,Player 017,Team 004,Player 101,Team 001,3,1
12,4,Player 004,Team 004,Player 100,Team 001,0,3
12,4,Player 004,Team 004,Player 076,Team 001,1,3
12,4,Player 004,Team 004,Player 007,Team 001,0,3
12,4,Player 004,Team 004,Player 101,Team 001,3,0
12,4,Player 018,Team 004,Player 100,Team 001,0,3
12,4,Player 018,Team 004,Player 076,Team 001,3,2
12,4,Player 018,Team 004,Player 007,Team 001,0,3
12,4,Player 018,Team 004,Player 101,Team 001,3,2
12,4,Player 009,Team 004,Player 100,Team 001,1,3
12,4,Player 009,Team 004,Player 076,Team 001,3,2
12,4,Player 009,Team 004,Player 101,Team 001,3,0
12,4,Player 075,Team 004,Player 007,Team 001,0,3
12,5,Player 014,Team 007,Player 025,Team 012,3,1
12,5,Player 014,Team 007,Player 028,Team 012,3,1
12,5,Player 014,Team 007,Player 039,Team 012,3,0
12,5,Player 014,Team 007,Player 083,Team 012,3,0
12,5,Player 116,Team 007,Player 025,Team 012,3,1
12,5,Player 116,Team 007,Player 028,Team 012,2,3
12,5,Player 116,Team 007,Player 039,Team 012,3,1
12,5,Player 116,Team 007,Player 083,Team 012,3,1
12,5,Player 049,Team 007,Player 025,Team 012,0,3
12,5,Player 049,Team 007,Player 028,Team 012,0,3
12,5,Player 049,Team 007,Player 039,Team 012,0,3
12,5,Player 049,Team 007,Player 083,Team 012,1,3
12,5,Player 098,Team 007,Player 083,Team 012,1,3
12,5,Player 026,Team 007,Player 025,Team 012,1,3
12,5,Player 026,Team 007,Player 028,Team 012,3,1
12,5,Player 026,Team 007,Player 039,Team 012,3,0
12,6,Player 071,Team 014,Player 035,Team 008,3,0
12,6,Player 071,Team 014,Player 077,Team 008,3,1
12,6,Player 071,Team 014,Player 036,Team 008,3,0
12,6,Player 071,Team 014,Player 016,Team 008,3,0
12,6,Player 096,Team 014,Player 077,Team 008,3,1
12,6,Player 096,Team 014,Player 036,Team 008,3,1
12,6,Player 096,Team 014,Player 016,Team 008,0,3
12,6,Player 096,Team 014,Player 060,Team 008,3,2
12,6,Player 084,Team 014,Player 036,Team 008,0,3
12,6,Player 084,Team 014,Player 016,Team 008,2,3
12,6,Player 042,Team 014,Player 035,Team 008,3,1
12,6,Player 042,Team 014,Player 077,Team 008,1,3
12,6,Player 042,Team 014,Player 036,Team 008,2,3
12,6,Player 042,Team 014,Player 016,Team 008,0,3
12,6,Player 044,Team 014,Player 077,Team 008,0,3
12,6,Player 044,Team 014,Player 060,Team 008,2,3
12,7,Player 008,Team 003,Player 051,Team 013,3,0
12,7,Player 008,Team 003,Player 106,Team 013,3,0
12,7,Player 008,Team 003,Player 029,Team 013,3,1
12,7,Player 008,Team 003,(játék nélkül),Team 013,3,0
12,7,Player 067,Team 003,Player 051,Team 013,3,0
12,7,Player 067,Team 003,Player 106,Team 013,3,0
12,7,Player 067,Team 003,Player 029,Team 013,3,0
12,7,Player 067,Team 003,(játék nélkül),Team 013,3,0
12,7,Player 003,Team 003,Player 051,Team 013,3,2
12,7,Player 003,Team 003,Player 106,Team 013,3,2
12,7,Player 003,Team 003,Player 029,Team 013,0,3
12,7,Player 003,Team 003,(játék nélkül),Team 013,3,0
12,7,Player 125,Team 003,Player 051,Team 013,3,1
12,7,Player 125,Team 003,Player 106,Team 013,3,0
12,7,Player 125,Team 003,Player 029,Team 013,3,2
12,7,Player 125,Team 003,(játék nélkül),Team 013,3,0
12,8,Player 086,Team 016,Player 040,Team 005,1,3
12,8,Player 086,Team 016,Player 061,Team 005,3,2
12,8,Player 086,Team 016,Player 006,Team 005,0,3
12,8,Player 086,Team 016,Player 012,Team 005,0,3
12,8,Player 059,Team 016,Player 040,Team 005,0,3
12,8,Player 059,Team 016,Player 061,Team 005,3,2
12,8,Player 059,Team 016,Player 006,Team 005,0,3
12,8,Player 059,Team 016,Player 012,Team 005,1,3
12,8,Player 085,Team 016,Player 040,Team 005,2,3
12,8,Player 085,Team 016,Player 061,Team 005,3,2
12,8,Player 085,Team 016,Player 006,Team 005,1,3
12,8,Player 085,Team 016,Player 012,Team 005,1,3
12,8,Player 057,Team 016,Player 040,Team 005,1,3
12,8,Player 057,Team 016,Player 061,Team 005,3,2
12,8,Player 057,Team 016,Player 006,Team 005,1,3
12,8,Player 057,Team 016,Player 012,Team 005,1,3
13,1,Player 037,Team 008,Player 020,Team 010,3,1
13,1,Player 037,Team 008,Player 063,Team 010,3,0
13,1,Player 037,Team 008,Player 089,Team 010,2,3
13,1,Player 037,Team 008,Player 064,Team 010,3,1
13,1,Player 108,Team 008,Player 063,Team 010,3,0
13,1,Player 036,Team 008,Player 020,Team 010,3,2
13,1,Player 036,Team 008,Player 063,Team 010,3,0
13,1,Player 036,Team 008,Player 089,Team 010,1,3
13,1,Player 036,Team 008,Player 064,Team 010,3,0
13,1,Player 016,Team 008,Player 020,Team 010,3,0
13,1,Player 016,Team 008,Player 063,Team 010,3,0
13,1,Player 016,Team 008,Player 089,Team 010,3,1
13,1,Player 016,Team 008,Player 064,Team 010,3,0
13,1,Player 060,Team 008,Player 020,Team 010,3,1
13,1,Player 060,Team 008,Player 089,Team 010,3,0
13,1,Player 060,Team 008,Player 064,Team 010,3,1
13,2,Player 046,Team 015,Player 074,Team 002,3,2
13,2,Player 046,Team 015,Player 041,Team 002,3,0
13,2,Player 046,Team 015,Player 078,Team 002,3,2
13,2,Player 046,Team 015,Player 002,Team 002,1,3
13,2,Player 056,Team 015,Player 074,Team 002,3,1
13,2,Player 056,Team 015,Player 041,Team 002,2,3
13,2,Player 056,Team 015,Player 078,Team 002,3,0
13,2,Player 056,Team 015,Player 002,Team 002,0,3
13,2,Player 047,Team 015,Player 074,Team 002,2,3
13,2,Player 047,Team 015,Player 041,Team 002,3,2
13,2,Player 047,Team 015,Player 078,Team 002,3,0
13,2,Player 047,Team 015,Player 002,Team 002,1,3
13,2,Player 112,Team 015,Player 074,Team 002,2,3
13,2,Player 112,Team 015,Player 041,Team 002,1,3
13,2,Player 112,Team 015,Player 078,Team 002,3,1
13,2,Player 112,Team 015,Player 002,Team 002,0,3
13,3,Player 028,Team 012,Player 017,Team 004,3,1
13,3,Player 028,Team 012,Player 018,Team 004,3,0
13,3,Player 028,Team 012,Player 004,Team 004,3,2
13,3,Player 028,Team 012,Player 009,Team 004,3,0
13,3,Player 083,Team 012,Player 017,Team 004,0,3
13,3,Player 083,Team 012,Player 018,Team 004,3,0
13,3,Player 083,Team 012,Player 004,Team 004,0,3
13,3,Player 083,Team 012,Player 009,Team 004,0,3
13,3,Player 039,Team 012,Player 017,Team 004,3,1
13,3,Player 039,Team 012,Player 018,Team 004,3,2
13,3,Player 039,Team 012,Player 004,Team 004,0,3
13,3,Player 039,Team 012,Player 009,Team 004,3,2
13,3,Player 025,Team 012,Player 017,Team 004,3,2
13,3,Player 025,Team 012,Player 018,Team 004,3,0
13,3,Player 025,Team 012,Player 004,Team 004,1,3
13,3,Player 025,Team 012,Player 009,Team 004,0,3
13,4,Player 073,Team 006,Player 014,Team 007,3,2
13,4,Player 073,Team 006,Player 034,Team 007,1,3
13,4,Player 073,Team 006,Player 088,Team 007,3,0
13,4,Player 073,Team 006,Player 093,Team 007,3,0
13,4,Player 032,Team 006,Player 014,Team 007,0,3
13,4,Player 032,Team 006,Player 034,Team 007,3,2
13,4,Player 032,Team 006,Player 088,Team 007,3,0
13,4,Player 032,Team 006,Player 093,Team 007,3,1
13,4,Player 102,Team 006,Player 014,Team 007,1,3
13,4,Player 102,Team 006,Player 034,Team 007,2,3
13,4,Player 102,Team 006,Player 088,Team 007,3,0
13,4,Player 102,Team 006,Player 093,Team 007,3,1
13,4,Player 094,Team 006,Player 014,Team 007,0,3
13,4,Player 094,Team 006,Player 093,Team 007,3,0
13,4,Player 030,Team 006,Player 034,Team 007,0,3
13,4,Player 030,Team 006,Player 088,Team 007,0,3
13,5,Player 007,Team 001,Player 071,Team 014,1,3
13,5,Player 007,Team 001,Player 070,Team 014,3,0
13,5,Player 007,Team 001,Player 044,Team 014,3,0
13,5,Player 007,Team 001,Player 043,Team 014,3,0
13,5,Player 001,Team 001,Player 071,Team 014,3,0
13,5,Player 001,Team 001,Player 070,Team 014,3,0
13,5,Player 001,Team 001,Player 044,Team 014,3,0
13,5,Player 001,Team 001,Player 043,Team 014,3,0
13,5,Player 101,Team 001,Player 071,Team 014,0,3
13,5,Player 101,Team 001,Player 070,Team 014,3,2
13,5,Player 101,Team 001,Player 044,Team 014,3,0
13,5,Player 101,Team 001,Player 043,Team 014,3,1
13,5,Player 050,Team 001,Player 043,Team 014,3,0
13,5,Player 069,Team 001,Player 071,Team 014,3,1
13,5,Player 069,Team 001,Player 070,Team 014,3,0
13,5,Player 069,Team 001,Player 044,Team 014,3,0
13,6,Player 046,Team 015,(játék nélkül),Team 013,3,0
13,6,Player 046,Team 015,(játék nélkül),Team 013,3,0
13,6,Player 046,Team 015,(játék nélkül),Team 013,3,0
13,6,Player 046,Team 015,(játék nélkül),Team 013,3,0
13,6,Player 056,Team 015,(játék nélkül),Team 013,3,0
13,6,Player 056,Team 015,(játék nélkül),Team 013,3,0
13,6,Player 056,Team 015,(játék nélkül),Team 013,3,0
13,6,Player 056,Team 015,(játék nélkül),Team 013,3,0
13,6,Player 047,Team 015,(játék nélkül),Team 013,3,0
13,6,Player 047,Team 015,(játék nélkül),Team 013,3,0
13,6,Player 047,Team 015,(játék nélkül),Team 013,3,0
13,6,Player 047,Team 015,(játék nélkül),Team 013,3,0
13,6,Player 112,Team 015,(játék nélkül),Team 013,3,0
13,6,Player 112,Team 015,(játék nélkül),Team 013,3,0
13,6,Player 112,Team 015,(játék nélkül),Team 013,3,0
13,6,Player 112,Team 015,(játék nélkül),Team 013,3,0
13,7,Player 029,Team 009,Player 008,Team 003,1,3
13,7,Player 029,Team 009,Player 067,Team 003,0,3
13,7,Player 029,Team 009,Player 125,Team 003,0,3
13,7,Player 029,Team 009,Player 005,Team 003,1,3
13,7,Player 081,Team 009,Player 008,Team 003,0,3
13,7,Player 081,Team 009,Player 067,Team 003,0,3
13,7,Player 081,Team 009,Player 125,Team 003,1,3
13,7,Player 081,Team 009,Player 005,Team 003,0,3
13,7,Player 080,Team 009,Player 008,Team 003,1,3
13,7,Player 080,Team 009,Player 067,Team 003,0,3
13,7,Player 080,Team 009,Player 125,Team 003,1,3
13,7,Player 080,Team 009,Player 005,Team 003,1,3
13,7,Player 068,Team 009,Player 008,Team 003,3,0
13,7,Player 068,Team 009,Player 067,Team 003,3,1
13,7,Player 068,Team 009,Player 125,Team 003,3,0
13,7,Player 068,Team 009,Player 005,Team 003,3,0
13,8,Player 040,Team 005,Player 023,Team 011,3,2
13,8,Player 040,Team 005,Player 022,Team 011,0,3
13,8,Player 040,Team 005,Player 072,Team 011,1,3
13,8,Player 040,Team 005,Player 021,Team 011,2,3
13,8,Player 104,Team 005,Player 023,Team 011,0,3
13,8,Player 104,Team 005,Player 022,Team 011,0,3
13,8,Player 104,Team 005,Player 072,Team 011,0,3
13,8,Player 104,Team 005,Player 021,Team 011,0,3
13,8,Player 012,Team 005,Player 023,Team 011,2,3
13,8,Player 012,Team 005,Player 022,Team 011,3,1
13,8,Player 012,Team 005,Player 072,Team 011,3,2
13,8,Player 012,Team 005,Player 021,Team 011,3,0
13,8,Player 006,Team 005,Player 023,Team 011,3,0
13,8,Player 006,Team 005,Player 022,Team 011,3,0
13,8,Player 006,Team 005,Player 072,Team 011,3,1
13,8,Player 006,Team 005,Player 021,Team 011,3,1
13,9,(játék nélkül),Team 013,Player 085,Team 016,0,3
13,9,(játék nélkül),Team 013,Player 087,Team 016,0,3
13,9,(játék nélkül),Team 013,Player 086,Team 016,0,3
13,9,(játék nélkül),Team 013,Player 059,Team 016,0,3
13,9,(játék nélkül),Team 013,Player 085,Team 016,0,3
13,9,(játék nélkül),Team 013,Player 087,Team 016,0,3
13,9,(játék nélkül),Team 013,Player 086,Team 016,0,3
13,9,(játék nélkül),Team 013,Player 059,Team 016,0,3
13,9,(játék nélkül),Team 013,Player 085,Team 016,0,3
13,9,(játék nélkül),Team 013,Player 087,Team 016,0,3
13,9,(játék nélkül),Team 013,Player 086,Team 016,0,3
13,9,(játék nélkül),Team 013,Player 059,Team 016,0,3
13,9,(játék nélkül),Team 013,Player 085,Team 016,0,3
13,9,(játék nélkül),Team 013,Player 087,Team 016,0,3
13,9,(játék nélkül),Team 013,Player 086,Team 016,0,3
13,9,(játék nélkül),Team 013,Player 059,Team 016,0,3
14,1,Player 103,Team 010,Player 100,Team 001,0,3
14,1,Player 103,Team 010,Player 101,Team 001,1,3
14,1,Player 103,Team 010,Player 107,Team 001,2,3
14,1,Player 103,Team 010,Player 076,Team 001,0,3
14,1,Player 020,Team 010,Player 100,Team 001,0,3
14,1,Player 020,Team 010,Player 101,Team 001,1,3
14,1,Player 020,Team 010,Player 107,Team 001,1,3
14,1,Player 020,Team 010,Player 076,Team 001,0,3
14,1,Player 064,Team 010,Player 100,Team 001,1,3
14,1,Player 064,Team 010,Player 101,Team 001,0,3
14,1,Player 064,Team 010,Player 107,Team 001,3,0
14,1,Player 064,Team 010,Player 076,Team 001,0,3
14,1,Player 089,Team 010,Player 100,Team 001,0,3
14,1,Player 089,Team 010,Player 101,Team 001,3,1
14,1,Player 089,Team 010,Player 107,Team 001,3,0
14,1,Player 089,Team 010,Player 076,Team 001,3,1
14,2,Player 008,Team 003,Player 041,Team 002,3,0
14,2,Player 008,Team 003,Player 002,Team 002,2,3
14,2,Player 008,Team 003,Player 078,Team 002,3,0
14,2,Player 008,Team 003,Player 054,Team 002,3,0
14,2,Player 067,Team 003,Player 041,Team 002,3,0
14,2,Player 067,Team 003,Player 002,Team 002,3,1
14,2,Player 067,Team 003,Player 078,Team 002,3,0
14,2,Player 067,Team 003,Player 054,Team 002,3,0
14,2,Player 005,Team 003,Player 041,Team 002,3,0
14,2,Player 005,Team 003,Player 002,Team 002,0,3
14,2,Player 005,Team 003,Player 078,Team 002,3,1
14,2,Player 005,Team 003,Player 054,Team 002,3,0
14,2,Player 003,Team 003,Player 041,Team 002,3,2
14,2,Player 003,Team 003,Player 002,Team 002,1,3
14,2,Player 003,Team 003,Player 078,Team 002,3,1
14,2,Player 003,Team 003,Player 054,Team 002,3,0
14,3,Player 082,Team 011,Player 052,Team 013,3,2
14,3,Player 082,Team 011,Player 051,Team 013,3,2
14,3,Player 082,Team 011,Player 029,Team 013,0,3
14,3,Player 082,Team 011,(játék nélkül),Team 013,3,0
14,3,Player 033,Team 011,Player 052,Team 013,3,0
14,3,Player 033,Team 011,Player 051,Team 013,3,1
14,3,Player 033,Team 011,Player 029,Team 013,1,3
14,3,Player 033,Team 011,(játék nélkül),Team 013,3,0
14,3,Player 072,Team 011,Player 052,Team 013,3,1
14,3,Player 072,Team 011,Player 051,Team 013,3,0
14,3,Player 072,Team 011,Player 029,Team 013,3,0
14,3,Player 072,Team 011,(játék nélkül),Team 013,3,0
14,3,Player 023,Team 011,Player 052,Team 013,2,3
14,3,Player 023,Team 011,Player 051,Team 013,3,0
14,3,Player 023,Team 011,Player 029,Team 013,2,3
14,3,Player 023,Team 011,(játék nélkül),Team 013,3,0
14,4,Player 009,Team 004,Player 010,Team 006,1,3
14,4,Player 009,Team 004,Player 032,Team 006,3,0
14,4,Player 009,Team 004,Player 102,Team 006,3,0
14,4,Player 009,Team 004,Player 073,Team 006,2,3
14,4,Player 004,Team 004,Player 010,Team 006,3,1
14,4,Player 004,Team 004,Player 032,Team 006,0,3
14,4,Player 004,Team 004,Player 102,Team 006,3,0
14,4,Player 004,Team 004,Player 073,Team 006,3,0
14,4,Player 018,Team 004,Player 010,Team 006,1,3
14,4,Player 018,Team 004,Player 032,Team 006,0,3
14,4,Player 018,Team 004,Player 102,Team 006,3,1
14,4,Player 018,Team 004,Player 073,Team 006,3,1
14,4,Player 017,Team 004,Player 010,Team 006,1,3
14,4,Player 017,Team 004,Player 032,Team 006,3,0
14,4,Player 017,Team 004,Player 102,Team 006,3,2
14,4,Player 017,Team 004,Player 073,Team 006,2,3
14,5,Player 019,Team 009,(játék nélkül),Team 013,3,0
14,5,Player 019,Team 009,(játék nélkül),Team 013,3,0
14,5,Player 019,Team 009,(játék nélkül),Team 013,3,0
14,5,Player 019,Team 009,(játék nélkül),Team 013,3,0
14,5,Player 081,Team 009,(játék nélkül),Team 013,3,0
14,5,Player 081,Team 009,(játék nélkül),Team 013,3,0
14,5,Player 081,Team 009,(játék nélkül),Team 013,3,0
14,5,Player 081,Team 009,(játék nélkül),Team 013,3,0
14,5,Player 045,Team 009,(játék nélkül),Team 013,3,0
14,5,Player 045,Team 009,(játék nélkül),Team 013,3,0
14,5,Player 045,Team 009,(játék nélkül),Team 013,3,0
14,5,Player 045,Team 009,(játék nélkül),Team 013,3,0
14,5,Player 029,Team 009,(játék nélkül),Team 013,3,0
14,5,Player 029,Team 009,(játék nélkül),Team 013,3,0
14,5,Player 029,Team 009,(játék nélkül),Team 013,3,0
14,5,Player 029,Team 009,(játék nélkül),Team 013,3,0
14,6,Player 035,Team 008,Player 046,Team 015,1,3
14,6,Player 035,Team 008,Player 056,Team 015,3,0
14,6,Player 035,Team 008,Player 047,Team 015,3,2
14,6,Player 035,Team 008,Player 112,Team 015,2,3
14,6,Player 037,Team 008,Player 046,Team 015,1,3
14,6,Player 037,Team 008,Player 056,Team 015,3,0
14,6,Player 037,Team 008,Player 047,Team 015,3,1
14,6,Player 037,Team 008,Player 112,Team 015,3,1
14,6,Player 060,Team 008,Player 046,Team 015,0,3
14,6,Player 060,Team 008,Player 056,Team 015,3,2
14,6,Player 060,Team 008,Player 047,Team 015,3,2
14,6,Player 060,Team 008,Player 112,Team 015,3,1
14,6,Player 016,Team 008,Player 046,Team 015,3,0
14,6,Player 016,Team 008,Player 056,Team 015,3,0
14,6,Player 016,Team 008,Player 047,Team 015,3,0
14,6,Player 016,Team 008,Player 112,Team 015,3,0
14,7,Player 118,Team 007,Player 090,Team 005,3,0
14,7,Player 118,Team 007,Player 012,Team 005,1,3
14,7,Player 118,Team 007,Player 006,Team 005,2,3
14,7,Player 118,Team 007,Player 091,Team 005,3,0
14,7,Player 026,Team 007,Player 090,Team 005,3,2
14,7,Player 026,Team 007,Player 012,Team 005,2,3
14,7,Player 026,Team 007,Player 006,Team 005,3,2
14,7,Player 026,Team 007,Player 091,Team 005,3,0
14,7,Player 116,Team 007,Player 090,Team 005,3,0
14,7,Player 116,Team 007,Player 012,Team 005,0,3
14,7,Player 116,Team 007,Player 006,Team 005,3,0
14,7,Player 116,Team 007,Player 091,Team 005,3,1
14,7,Player 014,Team 007,Player 090,Team 005,3,0
14,7,Player 014,Team 007,Player 012,Team 005,3,2
14,7,Player 014,Team 007,Player 006,Team 005,1,3
14,7,Player 014,Team 007,Player 091,Team 005,3,1
14,8,Player 044,Team 014,Player 028,Team 012,0,3
14,8,Player 044,Team 014,Player 083,Team 012,2,3
14,8,Player 044,Team 014,Player 039,Team 012,3,0
14,8,Player 044,Team 014,Player 025,Team 012,1,3
14,8,Player 084,Team 014,Player 028,Team 012,3,2
14,8,Player 084,Team 014,Player 083,Team 012,3,1
14,8,Player 084,Team 014,Player 039,Team 012,2,3
14,8,Player 084,Team 014,Player 025,Team 012,1,3
14,8,Player 070,Team 014,Player 028,Team 012,1,3
14,8,Player 070,Team 014,Player 083,Team 012,3,0
14,8,Player 070,Team 014,Player 039,Team 012,2,3
14,8,Player 070,Team 014,Player 025,Team 012,3,1
14,8,Player 071,Team 014,Player 028,Team 012,2,3
14,8,Player 071,Team 014,Player 083,Team 012,3,0
14,8,Player 071,Team 014,Player 039,Team 012,3,1
14,8,Player 071,Team 014,Player 025,Team 012,3,0
14,9,Player 085,Team 016,Player 019,Team 009,1,3
14,9,Player 085,Team 016,Player 045,Team 009,3,0
14,9,Player 085,Team 016,Player 081,Team 009,3,1
14,9,Player 085,Team 016,Player 058,Team 009,3,2
14,9,Player 057,Team 016,Player 019,Team 009,0,3
14,9,Player 057,Team 016,Player 045,Team 009,2,3
14,9,Player 057,Team 016,Player 081,Team 009,1,3
14,9,Player 057,Team 016,Player 058,Team 009,1,3
14,9,Player 087,Team 016,Player 019,Team 009,1,3
14,9,Player 087,Team 016,Player 045,Team 009,3,1
14,9,Player 087,Team 016,Player 081,Team 009,0,3
14,9,Player 087,Team 016,Player 058,Team 009,3,1
14,9,Player 059,Team 016,Player 019,Team 009,0,3
14,9,Player 059,Team 016,Player 045,Team 009,3,1
14,9,Player 059,Team 016,Player 081,Team 009,3,0
14,9,Player 059,Team 016,Player 058,Team 009,3,0
15,1,Player 109,Team 012,Player 103,Team 010,3,0
15,1,Player 109,Team 012,Player 064,Team 010,1,3
15,1,Player 109,Team 012,Player 024,Team 010,3,1
15,1,Player 109,Team 012,Player 063,Team 010,1,3
15,1,Player 117,Team 012,Player 064,Team 010,2,3
15,1,Player 117,Team 012,Player 024,Team 010,0,3
15,1,Player 117,Team 012,Player 063,Team 010,3,2
15,1,Player 117,Team 012,Player 020,Team 010,0,3
15,1,Player 039,Team 012,Player 064,Team 010,3,0
15,1,Player 039,Team 012,Player 024,Team 010,3,2
15,1,Player 039,Team 012,Player 063,Team 010,3,2
15,1,Player 039,Team 012,Player 020,Team 010,3,1
15,1,Player 028,Team 012,Player 103,Team 010,3,0
15,1,Player 028,Team 012,Player 064,Team 010,3,0
15,1,Player 028,Team 012,Player 024,Team 010,1,3
15,1,Player 028,Team 012,Player 063,Team 010,3,0
15,2,Player 054,Team 002,Player 086,Team 016,0,3
15,2,Player 054,Team 002,Player 057,Team 016,0,3
15,2,Player 054,Team 002,Player 085,Team 016,0,3
15,2,Player 054,Team 002,Player 087,Team 016,0,3
15,2,Player 041,Team 002,Player 086,Team 016,3,0
15,2,Player 041,Team 002,Player 057,Team 016,3,0
15,2,Player 041,Team 002,Player 085,Team 016,0,3
15,2,Player 041,Team 002,Player 087,Team 016,3,0
15,2,Player 002,Team 002,Player 086,Team 016,3,0
15,2,Player 002,Team 002,Player 057,Team 016,3,0
15,2,Player 002,Team 002,Player 085,Team 016,3,0
15,2,Player 002,Team 002,Player 087,Team 016,3,0
15,2,Player 078,Team 002,Player 086,Team 016,3,0
15,2,Player 078,Team 002,Player 057,Team 016,2,3
15,2,Player 078,Team 002,Player 085,Team 016,2,3
15,2,Player 078,Team 002,Player 087,Team 016,2,3
15,3,Player 010,Team 006,Player 084,Team 014,3,1
15,3,Player 010,Team 006,Player 031,Team 014,3,0
15,3,Player 010,Team 006,Player 043,Team 014,3,0
15,3,Player 010,Team 006,Player 042,Team 014,3,1
15,3,Player 102,Team 006,Player 084,Team 014,3,0
15,3,Player 102,Team 006,Player 031,Team 014,1,3
15,3,Player 102,Team 006,Player 043,Team 014,3,1
15,3,Player 102,Team 006,Player 042,Team 014,3,0
15,3,Player 032,Team 006,Player 084,Team 014,3,1
15,3,Player 032,Team 006,Player 031,Team 014,0,3
15,3,Player 032,Team 006,Player 043,Team 014,3,0
15,3,Player 032,Team 006,Player 042,Team 014,1,3
15,3,Player 073,Team 006,Player 084,Team 014,3,0
15,3,Player 073,Team 006,Player 031,Team 014,1,3
15,3,Player 073,Team 006,Player 043,Team 014,3,0
15,3,Player 073,Team 006,Player 042,Team 014,3,1
15,4,Player 001,Team 001,Player 108,Team 008,3,0
15,4,Player 001,Team 001,Player 037,Team 008,3,0
15,4,Player 001,Team 001,Player 036,Team 008,3,1
15,4,Player 001,Team 001,Player 016,Team 008,3,2
15,4,Player 100,Team 001,Player 037,Team 008,3,1
15,4,Player 100,Team 001,Player 036,Team 008,3,1
15,4,Player 007,Team 001,Player 037,Team 008,3,0
15,4,Player 007,Team 001,Player 036,Team 008,3,0
15,4,Player 007,Team 001,Player 016,Team 008,3,0
15,4,Player 007,Team 001,Player 077,Team 008,3,0
15,4,Player 013,Team 001,Player 037,Team 008,3,2
15,4,Player 013,Team 001,Player 036,Team 008,3,2
15,4,Player 013,Team 001,Player 016,Team 008,3,2
15,4,Player 013,Team 001,Player 077,Team 008,3,0
15,4,Player 069,Team 001,Player 016,Team 008,3,1
15,4,Player 069,Team 001,Player 077,Team 008,3,0
15,5,Player 046,Team 015,Player 003,Team 003,3,0
15,5,Player 046,Team 015,Player 067,Team 003,1,3
15,5,Player 046,Team 015,Player 125,Team 003,3,2
15,5,Player 046,Team 015,Player 008,Team 003,1,3
15,5,Player 047,Team 015,Player 003,Team 003,3,2
15,5,Player 047,Team 015,Player 067,Team 003,2,3
15,5,Player 047,Team 015,Player 125,Team 003,3,2
15,5,Player 047,Team 015,Player 008,Team 003,2,3
15,5,Player 056,Team 015,Player 003,Team 003,1,3
15,5,Player 056,Team 015,Player 067,Team 003,1,3
15,5,Player 056,Team 015,Player 125,Team 003,3,1
15,5,Player 056,Team 015,Player 008,Team 003,1,3
15,5,Player 112,Team 015,Player 003,Team 003,2,3
15,5,Player 112,Team 015,Player 067,Team 003,0,3
15,5,Player 112,Team 015,Player 125,Team 003,1,3
15,5,Player 112,Team 015,Player 008,Team 003,0,3
15,6,Player 029,Team 009,Player 082,Team 011,1,3
15,6,Player 029,Team 009,Player 023,Team 011,0,3
15,6,Player 029,Team 009,Player 022,Team 011,1,3
15,6,Player 029,Team 009,Player 021,Team 011,3,2
15,6,Player 120,Team 009,Player 082,Team 011,3,0
15,6,Player 120,Team 009,Player 023,Team 011,0,3
15,6,Player 120,Team 009,Player 022,Team 011,3,1
15,6,Player 120,Team 009,Player 021,Team 011,0,3
15,6,Player 045,Team 009,Player 082,Team 011,2,3
15,6,Player 045,Team 009,Player 023,Team 011,0,3
15,6,Player 045,Team 009,Player 022,Team 011,0,3
15,6,Player 045,Team 009,Player 021,Team 011,0,3
15,6,Player 081,Team 009,Player 082,Team 011,3,2
15,6,Player 081,Team 009,Player 023,Team 011,0,3
15,6,Player 081,Team 009,Player 022,Team 011,0,3
15,6,Player 081,Team 009,Player 021,Team 011,0,3
15,7,Player 090,Team 005,Player 017,Team 004,0,3
15,7,Player 090,Team 005,Player 018,Team 004,0,3
15,7,Player 090,Team 005,Player 075,Team 004,0,3
15,7,Player 090,Team 005,Player 004,Team 004,0,3
15,7,Player 040,Team 005,Player 017,Team 004,2,3
15,7,Player 040,Team 005,Player 018,Team 004,0,3
15,7,Player 040,Team 005,Player 075,Team 004,0,3
15,7,Player 040,Team 005,Player 004,Team 004,1,3
15,7,Player 012,Team 005,Player 017,Team 004,3,2
15,7,Player 012,Team 005,Player 018,Team 004,3,1
15,7,Player 012,Team 005,Player 075,Team 004,1,3
15,7,Player 012,Team 005,Player 004,Team 004,1,3
15,7,Player 006,Team 005,Player 017,Team 004,2,3
15,7,Player 006,Team 005,Player 018,Team 004,3,1
15,7,Player 006,Team 005,Player 075,Team 004,3,0
15,7,Player 006,Team 005,Player 004,Team 004,3,1
15,8,Player 066,Team 013,Player 014,Team 007,3,1
15,8,Player 066,Team 013,Player 034,Team 007,3,1
15,8,Player 066,Team 013,Player 116,Team 007,3,2
15,8,Player 066,Team 013,Player 026,Team 007,3,0
15,8,Player 052,Team 013,Player 034,Team 007,2,3
15,8,Player 052,Team 013,Player 118,Team 007,3,1
15,8,Player 119,Team 013,Player 014,Team 007,3,2
15,8,Player 119,Team 013,Player 034,Team 007,3,1
15,8,Player 119,Team 013,Player 118,Team 007,3,0
15,8,Player 119,Team 013,Player 116,Team 007,3,1
15,8,Player 029,Team 013,Player 014,Team 007,2,3
15,8,Player 029,Team 013,Player 034,Team 007,3,1
15,8,Player 029,Team 013,Player 116,Team 007,2,3
15,8,Player 029,Team 013,Player 026,Team 007,3,1
15,8,Player 051,Team 013,Player 014,Team 007,0,3
15,8,Player 051,Team 013,Player 116,Team 007,0,3
16,1,Player 010,Team 006,Player 064,Team 010,3,0
16,1,Player 010,Team 006,Player 020,Team 010,3,1
16,1,Player 010,Team 006,Player 024,Team 010,3,1
16,1,Player 010,Team 006,Player 063,Team 010,3,0
16,1,Player 102,Team 006,Player 064,Team 010,3,0
16,1,Player 102,Team 006,Player 020,Team 010,1,3
16,1,Player 102,Team 006,Player 024,Team 010,1,3
16,1,Player 102,Team 006,Player 063,Team 010,3,0
16,1,Player 073,Team 006,Player 064,Team 010,3,0
16,1,Player 073,Team 006,Player 020,Team 010,3,1
16,1,Player 073,Team 006,Player 024,Team 010,1,3
16,1,Player 073,Team 006,Player 063,Team 010,3,0
16,1,Player 030,Team 006,Player 064,Team 010,3,1
16,1,Player 030,Team 006,Player 020,Team 010,0,3
16,1,Player 030,Team 006,Player 024,Team 010,0,3
16,1,Player 030,Team 006,Player 063,Team 010,3,0
16,2,Player 041,Team 002,Player 082,Team 011,2,3
16,2,Player 041,Team 002,Player 023,Team 011,0,3
16,2,Player 041,Team 002,Player 021,Team 011,0,3
16,2,Player 041,Team 002,Player 072,Team 011,0,3
16,2,Player 078,Team 002,Player 082,Team 011,0,3
16,2,Player 078,Team 002,Player 023,Team 011,0,3
16,2,Player 078,Team 002,Player 021,Team 011,0,3
16,2,Player 078,Team 002,Player 072,Team 011,0,3
16,2,Player 054,Team 002,Player 082,Team 011,0,3
16,2,Player 054,Team 002,Player 023,Team 011,0,3
16,2,Player 054,Team 002,Player 021,Team 011,0,3
16,2,Player 054,Team 002,Player 072,Team 011,0,3
16,2,Player 002,Team 002,Player 082,Team 011,2,3
16,2,Player 002,Team 002,Player 023,Team 011,3,0
16,2,Player 002,Team 002,Player 021,Team 011,3,1
16,2,Player 002,Team 002,Player 072,Team 011,2,3
16,3,Player 028,Team 012,Player 035,Team 008,3,0
16,3,Player 028,Team 012,Player 060,Team 008,3,2
16,3,Player 028,Team 012,Player 036,Team 008,1,3
16,3,Player 028,Team 012,Player 037,Team 008,3,0
16,3,Player 083,Team 012,Player 035,Team 008,3,2
16,3,Player 083,Team 012,Player 060,Team 008,2,3
16,3,Player 083,Team 012,Player 036,Team 008,0,3
16,3,Player 083,Team 012,Player 037,Team 008,1,3
16,3,Player 025,Team 012,Player 035,Team 008,3,2
16,3,Player 025,Team 012,Player 060,Team 008,3,1
16,3,Player 025,Team 012,Player 036,Team 008,3,0
16,3,Player 025,Team 012,Player 037,Team 008,3,2
16,3,Player 039,Team 012,Player 035,Team 008,3,1
16,3,Player 039,Team 012,Player 060,Team 008,3,1
16,3,Player 039,Team 012,Player 036,Team 008,3,2
16,3,Player 039,Team 012,Player 037,Team 008,3,1
16,4,Player 046,Team 015,Player 013,Team 001,0,3
16,4,Player 046,Team 015,Player 007,Team 001,0,3
16,4,Player 046,Team 015,Player 101,Team 001,0,3
16,4,Player 046,Team 015,Player 100,Team 001,0,3
16,4,Player 048,Team 015,Player 013,Team 001,0,3
16,4,Player 048,Team 015,Player 007,Team 001,0,3
16,4,Player 048,Team 015,Player 101,Team 001,0,3
16,4,Player 048,Team 015,Player 100,Team 001,0,3
16,4,Player 047,Team 015,Player 013,Team 001,3,2
16,4,Player 047,Team 015,Player 007,Team 001,1,3
16,4,Player 047,Team 015,Player 101,Team 001,3,2
16,4,Player 047,Team 015,Player 100,Team 001,0,3
16,4,Player 056,Team 015,Player 013,Team 001,1,3
16,4,Player 056,Team 015,Player 007,Team 001,0,3
16,4,Player 056,Team 015,Player 101,Team 001,3,2
16,4,Player 056,Team 015,Player 100,Team 001,0,3
16,5,Player 045,Team 009,Player 088,Team 007,3,0
16,5,Player 045,Team 009,Player 118,Team 007,3,2
16,5,Player 045,Team 009,Player 116,Team 007,0,3
16,5,Player 045,Team 009,(játék nélkül),Team 007,3,0
16,5,Player 029,Team 009,Player 088,Team 007,3,0
16,5,Player 029,Team 009,Player 118,Team 007,1,3
16,5,Player 029,Team 009,Player 116,Team 007,0,3
16,5,Player 029,Team 009,(játék nélkül),Team 007,3,0
16,5,Player 081,Team 009,Player 088,Team 007,3,0
16,5,Player 081,Team 009,Player 118,Team 007,2,3
16,5,Player 081,Team 009,Player 116,Team 007,2,3
16,5,Player 081,Team 009,(játék nélkül),Team 007,3,0
16,5,Player 058,Team 009,Player 088,Team 007,3,0
16,5,Player 058,Team 009,Player 118,Team 007,0,3
16,5,Player 058,Team 009,Player 116,Team 007,0,3
16,5,Player 058,Team 009,(játék nélkül),Team 007,3,0
16,6,Player 091,Team 005,Player 044,Team 014,0,3
16,6,Player 091,Team 005,Player 043,Team 014,1,3
16,6,Player 038,Team 005,Player 044,Team 014,1,3
16,6,Player 038,Team 005,Player 043,Team 014,1,3
16,6,Player 038,Team 005,Player 031,Team 014,0,3
16,6,Player 038,Team 005,Player 071,Team 014,1,3
16,6,Player 040,Team 005,Player 044,Team 014,3,1
16,6,Player 040,Team 005,Player 043,Team 014,2,3
16,6,Player 040,Team 005,Player 031,Team 014,0,3
16,6,Player 040,Team 005,Player 071,Team 014,0,3
16,6,Player 012,Team 005,Player 044,Team 014,3,0
16,6,Player 012,Team 005,Player 043,Team 014,3,0
16,6,Player 012,Team 005,Player 031,Team 014,3,2
16,6,Player 012,Team 005,Player 071,Team 014,0,3
16,6,Player 061,Team 005,Player 031,Team 014,0,3
16,6,Player 061,Team 005,Player 071,Team 014,0,3
16,7,Player 008,Team 003,Player 085,Team 016,3,0
16,7,Player 008,Team 003,Player 087,Team 016,3,1
16,7,Player 008,Team 003,Player 059,Team 016,3,1
16,7,Player 008,Team 003,Player 086,Team 016,3,0
16,7,Player 005,Team 003,Player 085,Team 016,3,0
16,7,Player 005,Team 003,Player 087,Team 016,3,0
16,7,Player 005,Team 003,Player 057,Team 016,3,0
16,7,Player 005,Team 003,Player 059,Team 016,3,2
16,7,Player 125,Team 003,Player 085,Team 016,3,0
16,7,Player 125,Team 003,Player 087,Team 016,3,0
16,7,Player 125,Team 003,Player 057,Team 016,3,0
16,7,Player 125,Team 003,Player 059,Team 016,3,1
16,7,Player 003,Team 003,Player 085,Team 016,3,1
16,7,Player 003,Team 003,Player 087,Team 016,3,1
16,7,Player 003,Team 003,Player 059,Team 016,3,1
16,7,Player 003,Team 003,Player 086,Team 016,3,2
16,8,Player 052,Team 013,Player 017,Team 004,0,3
16,8,Player 052,Team 013,Player 018,Team 004,0,3
16,8,Player 052,Team 013,Player 004,Team 004,0,3
16,8,Player 052,Team 013,Player 075,Team 004,1,3
16,8,Player 051,Team 013,Player 017,Team 004,1,3
16,8,Player 051,Team 013,Player 018,Team 004,3,0
16,8,Player 051,Team 013,Player 004,Team 004,0,3
16,8,Player 051,Team 013,Player 075,Team 004,1,3
16,8,Player 029,Team 013,Player 017,Team 004,3,0
16,8,Player 029,Team 013,Player 018,Team 004,2,3
16,8,Player 029,Team 013,Player 004,Team 004,3,1
16,8,Player 029,Team 013,Player 075,Team 004,3,0
16,8,(játék nélkül),Team 013,Player 017,Team 004,0,3
16,8,(játék nélkül),Team 013,Player 018,Team 004,0,3
16,8,(játék nélkül),Team 013,Player 004,Team 004,0,3
16,8,(játék nélkül),Team 013,Player 075,Team 004,0,3
17,1,Player 020,Team 010,Player 061,Team 005,3,1
17,1,Player 020,Team 010,Player 104,Team 005,3,0
17,1,Player 020,Team 010,Player 012,Team 005,0,3
17,1,Player 020,Team 010,Player 006,Team 005,0,3
17,1,Player 064,Team 010,Player 061,Team 005,0,3
17,1,Player 064,Team 010,Player 104,Team 005,3,0
17,1,Player 064,Team 010,Player 012,Team 005,0,3
17,1,Player 064,Team 010,Player 006,Team 005,0,3
17,1,Player 063,Team 010,Player 061,Team 005,1,3
17,1,Player 063,Team 010,Player 104,Team 005,3,0
17,1,Player 063,Team 010,Player 012,Team 005,3,0
17,1,Player 063,Team 010,Player 006,Team 005,0,3
17,1,Player 024,Team 010,Player 061,Team 005,3,0
17,1,Player 024,Team 010,Player 104,Team 005,3,0
17,1,Player 024,Team 010,Player 012,Team 005,1,3
17,1,Player 024,Team 010,Player 006,Team 005,1,3
17,2,Player 088,Team 007,Player 041,Team 002,0,3
17,2,Player 088,Team 007,Player 053,Team 002,0,3
17,2,Player 088,Team 007,Player 054,Team 002,3,2
17,2,Player 088,Team 007,Player 002,Team 002,0,3
17,2,Player 034,Team 007,Player 041,Team 002,3,2
17,2,Player 034,Team 007,Player 053,Team 002,3,1
17,2,Player 034,Team 007,Player 078,Team 002,3,0
17,2,Player 034,Team 007,Player 054,Team 002,3,0
17,2,Player 026,Team 007,Player 041,Team 002,3,0
17,2,Player 026,Team 007,Player 053,Team 002,3,0
17,2,Player 026,Team 007,Player 078,Team 002,3,0
17,2,Player 026,Team 007,Player 054,Team 002,3,1
17,2,Player 116,Team 007,Player 041,Team 002,3,2
17,2,Player 116,Team 007,Player 053,Team 002,3,0
17,2,Player 116,Team 007,Player 054,Team 002,3,0
17,2,Player 116,Team 007,Player 002,Team 002,0,3
17,3,Player 021,Team 011,Player 005,Team 003,3,2
17,3,Player 021,Team 011,Player 067,Team 003,1,3
17,3,Player 021,Team 011,Player 008,Team 003,2,3
17,3,Player 021,Team 011,Player 125,Team 003,3,0
17,3,Player 022,Team 011,Player 005,Team 003,3,1
17,3,Player 022,Team 011,Player 067,Team 003,3,2
17,3,Player 022,Team 011,Player 008,Team 003,1,3
17,3,Player 022,Team 011,Player 125,Team 003,0,3
17,3,Player 082,Team 011,Player 005,Team 003,1,3
17,3,Player 082,Team 011,Player 067,Team 003,0,3
17,3,Player 082,Team 011,Player 008,Team 003,0,3
17,3,Player 082,Team 011,Player 125,Team 003,3,2
17,3,Player 072,Team 011,Player 005,Team 003,3,2
17,3,Player 072,Team 011,Player 067,Team 003,0,3
17,3,Player 072,Team 011,Player 008,Team 003,3,1
17,3,Player 072,Team 011,Player 125,Team 003,3,0
17,4,Player 075,Team 004,Player 045,Team 009,3,1
17,4,Player 075,Team 004,Player 079,Team 009,3,2
17,4,Player 075,Team 004,Player 058,Team 009,3,1
17,4,Player 075,Team 004,(játék nélkül),Team 009,3,0
17,4,Player 017,Team 004,Player 045,Team 009,3,0
17,4,Player 017,Team 004,Player 079,Team 009,3,0
17,4,Player 017,Team 004,Player 058,Team 009,3,0
17,4,Player 017,Team 004,(játék nélkül),Team 009,3,0
17,4,Player 004,Team 004,Player 045,Team 009,3,0
17,4,Player 004,Team 004,Player 079,Team 009,3,0
17,4,Player 004,Team 004,Player 058,Team 009,3,0
17,4,Player 004,Team 004,(játék nélkül),Team 009,3,0
17,4,Player 009,Team 004,Player 045,Team 009,3,0
17,4,Player 009,Team 004,Player 079,Team 009,3,0
17,4,Player 009,Team 004,Player 058,Team 009,3,0
17,4,Player 009,Team 004,(játék nélkül),Team 009,3,0
17,5,Player 001,Team 001,Player 028,Team 012,3,1
17,5,Player 001,Team 001,Player 039,Team 012,3,1
17,5,Player 001,Team 001,Player 025,Team 012,3,0
17,5,Player 001,Team 001,Player 083,Team 012,3,0
17,5,Player 013,Team 001,Player 028,Team 012,3,2
17,5,Player 013,Team 001,Player 039,Team 012,3,1
17,5,Player 013,Team 001,Player 025,Team 012,3,2
17,5,Player 013,Team 001,Player 083,Team 012,3,0
17,5,Player 007,Team 001,Player 028,Team 012,3,0
17,5,Player 007,Team 001,Player 039,Team 012,3,0
17,5,Player 007,Team 001,Player 025,Team 012,3,1
17,5,Player 007,Team 001,Player 083,Team 012,3,0
17,5,Player 069,Team 001,Player 028,Team 012,3,0
17,5,Player 069,Team 001,Player 039,Team 012,3,0
17,5,Player 069,Team 001,Player 025,Team 012,3,0
17,5,Player 069,Team 001,Player 083,Team 012,3,0
17,6,Player 035,Team 008,Player 010,Team 006,0,3
17,6,Player 035,Team 008,Player 073,Team 006,1,3
17,6,Player 077,Team 008,Player 010,Team 006,1,3
17,6,Player 077,Team 008,Player 073,Team 006,3,1
17,6,Player 077,Team 008,Player 032,Team 006,3,0
17,6,Player 077,Team 008,Player 094,Team 006,3,0
17,6,Player 037,Team 008,Player 010,Team 006,0,3
17,6,Player 037,Team 008,Player 073,Team 006,3,0
17,6,Player 037,Team 008,Player 032,Team 006,3,0
17,6,Player 037,Team 008,Player 030,Team 006,3,0
17,6,Player 036,Team 008,Player 010,Team 006,0,3
17,6,Player 036,Team 008,Player 073,Team 006,3,0
17,6,Player 036,Team 008,Player 032,Team 006,3,0
17,6,Player 036,Team 008,Player 030,Team 006,3,0
17,6,Player 060,Team 008,Player 032,Team 006,3,2
17,6,Player 060,Team 008,Player 094,Team 006,3,0
17,7,Player 043,Team 014,(játék nélkül),Team 013,3,0
17,7,Player 043,Team 014,(játék nélkül),Team 013,3,0
17,7,Player 043,Team 014,(játék nélkül),Team 013,3,0
17,7,Player 043,Team 014,(játék nélkül),Team 013,3,0
17,7,Player 095,Team 014,(játék nélkül),Team 013,3,0
17,7,Player 095,Team 014,(játék nélkül),Team 013,3,0
17,7,Player 095,Team 014,(játék nélkül),Team 013,3,0
17,7,Player 095,Team 014,(játék nélkül),Team 013,3,0
17,7,Player 042,Team 014,(játék nélkül),Team 013,3,0
17,7,Player 042,Team 014,(játék nélkül),Team 013,3,0
17,7,Player 042,Team 014,(játék nélkül),Team 013,3,0
17,7,Player 042,Team 014,(játék nélkül),Team 013,3,0
17,7,Player 070,Team 014,(játék nélkül),Team 013,3,0
17,7,Player 070,Team 014,(játék nélkül),Team 013,3,0
17,7,Player 070,Team 014,(játék nélkül),Team 013,3,0
17,7,Player 070,Team 014,(játék nélkül),Team 013,3,0
17,8,Player 086,Team 016,Player 046,Team 015,2,3
17,8,Player 086,Team 016,Player 048,Team 015,0,3
17,8,Player 086,Team 016,Player 047,Team 015,0,3
17,8,Player 086,Team 016,Player 056,Team 015,0,3
17,8,Player 087,Team 016,Player 046,Team 015,0,3
17,8,Player 087,Team 016,Player 048,Team 015,1,3
17,8,Player 087,Team 016,Player 047,Team 015,0,3
17,8,Player 087,Team 016,Player 056,Team 015,0,3
17,8,Player 057,Team 016,Player 047,Team 015,1,3
17,8,Player 057,Team 016,Player 056,Team 015,0,3
17,8,Player 085,Team 016,Player 046,Team 015,3,0
17,8,Player 085,Team 016,Player 047,Team 015,1,3
17,8,Player 085,Team 016,Player 056,Team 015,2,3
17,8,Player 085,Team 016,Player 111,Team 015,0,3
17,8,Player 059,Team 016,Player 046,Team 015,0,3
17,8,Player 059,Team 016,Player 111,Team 015,0,3
18,1,Player 029,Team 013,Player 064,Team 010,3,0
18,1,Player 029,Team 013,Player 020,Team 010,3,1
18,1,Player 029,Team 013,Player 024,Team 010,3,0
18,1,Player 029,Team 013,Player 103,Team 010,3,0
18,1,Player 106,Team 013,Player 064,Team 010,3,0
18,1,Player 106,Team 013,Player 020,Team 010,3,1
18,1,Player 106,Team 013,Player 024,Team 010,0,3
18,1,Player 106,Team 013,Player 103,Team 010,3,0
18,1,Player 051,Team 013,Player 064,Team 010,0,3
18,1,Player 051,Team 013,Player 020,Team 010,0,3
18,1,Player 051,Team 013,Player 024,Team 010,0,3
18,1,Player 051,Team 013,Player 103,Team 010,0,3
18,1,(játék nélkül),Team 013,Player 064,Team 010,0,3
18,1,(játék nélkül),Team 013,Player 020,Team 010,0,3
18,1,(játék nélkül),Team 013,Player 024,Team 010,0,3
18,1,(játék nélkül),Team 013,Player 103,Team 010,0,3
18,2,Player 054,Team 002,Player 075,Team 004,1,3
18,2,Player 054,Team 002,Player 017,Team 004,1,3
18,2,Player 054,Team 002,Player 018,Team 004,2,3
18,2,Player 054,Team 002,Player 004,Team 004,0,3
18,2,Player 041,Team 002,Player 075,Team 004,2,3
18,2,Player 041,Team 002,Player 017,Team 004,1,3
18,2,Player 041,Team 002,Player 018,Team 004,2,3
18,2,Player 041,Team 002,Player 004,Team 004,0,3
18,2,Player 053,Team 002,Player 075,Team 004,0,3
18,2,Player 053,Team 002,Player 017,Team 004,0,3
18,2,Player 053,Team 002,Player 018,Team 004,0,3
18,2,Player 053,Team 002,Player 004,Team 004,0,3
18,2,Player 078,Team 002,Player 075,Team 004,1,3
18,2,Player 078,Team 002,Player 017,Team 004,0,3
18,2,Player 078,Team 002,Player 018,Team 004,0,3
18,2,Player 078,Team 002,Player 004,Team 004,1,3
18,3,Player 025,Team 012,Player 046,Team 015,3,2
18,3,Player 025,Team 012,Player 048,Team 015,3,0
18,3,Player 025,Team 012,Player 056,Team 015,3,0
18,3,Player 025,Team 012,Player 047,Team 015,3,0
18,3,Player 083,Team 012,Player 046,Team 015,2,3
18,3,Player 083,Team 012,Player 048,Team 015,3,2
18,3,Player 083,Team 012,Player 056,Team 015,3,1
18,3,Player 083,Team 012,Player 047,Team 015,3,0
18,3,Player 109,Team 012,Player 046,Team 015,0,3
18,3,Player 109,Team 012,Player 048,Team 015,3,1
18,3,Player 109,Team 012,Player 056,Team 015,3,1
18,3,Player 109,Team 012,Player 047,Team 015,2,3
18,3,Player 039,Team 012,Player 046,Team 015,3,1
18,3,Player 039,Team 012,Player 048,Team 015,3,1
18,3,Player 039,Team 012,Player 056,Team 015,3,1
18,3,Player 039,Team 012,Player 047,Team 015,3,2
18,4,Player 010,Team 006,Player 076,Team 001,0,3
18,4,Player 010,Team 006,Player 013,Team 001,3,2
18,4,Player 010,Team 006,Player 007,Team 001,1,3
18,4,Player 010,Team 006,Player 100,Team 001,1,3
18,4,Player 032,Team 006,Player 076,Team 001,0,3
18,4,Player 032,Team 006,Player 013,Team 001,0,3
18,4,Player 032,Team 006,Player 007,Team 001,0,3
18,4,Player 032,Team 006,Player 100,Team 001,0,3
18,4,Player 073,Team 006,Player 076,Team 001,0,3
18,4,Player 073,Team 006,Player 013,Team 001,0,3
18,4,Player 073,Team 006,Player 007,Team 001,0,3
18,4,Player 073,Team 006,Player 100,Team 001,0,3
18,4,Player 102,Team 006,Player 076,Team 001,0,3
18,4,Player 102,Team 006,Player 013,Team 001,1,3
18,4,Player 102,Team 006,Player 007,Team 001,0,3
18,4,Player 102,Team 006,Player 100,Team 001,0,3
18,5,Player 045,Team 009,Player 071,Team 014,0,3
18,5,Player 045,Team 009,Player 043,Team 014,0,3
18,5,Player 045,Team 009,Player 042,Team 014,1,3
18,5,Player 045,Team 009,Player 031,Team 014,0,3
18,5,Player 079,Team 009,Player 071,Team 014,0,3
18,5,Player 079,Team 009,Player 043,Team 014,2,3
18,5,Player 079,Team 009,Player 042,Team 014,1,3
18,5,Player 079,Team 009,Player 031,Team 014,1,3
18,5,Player 120,Team 009,Player 071,Team 014,1,3
18,5,Player 120,Team 009,Player 043,Team 014,0,3
18,5,Player 120,Team 009,Player 042,Team 014,3,1
18,5,Player 120,Team 009,Player 031,Team 014,3,0
18,5,Player 081,Team 009,Player 071,Team 014,0,3
18,5,Player 081,Team 009,Player 043,Team 014,0,3
18,5,Player 081,Team 009,Player 042,Team 014,3,1
18,5,Player 081,Team 009,Player 031,Team 014,2,3
18,6,Player 008,Team 003,Player 014,Team 007,3,2
18,6,Player 008,Team 003,Player 093,Team 007,3,0
18,6,Player 008,Team 003,Player 026,Team 007,3,0
18,6,Player 008,Team 003,Player 116,Team 007,0,3
18,6,Player 067,Team 003,Player 014,Team 007,1,3
18,6,Player 067,Team 003,Player 093,Team 007,3,0
18,6,Player 067,Team 003,Player 026,Team 007,3,0
18,6,Player 067,Team 003,Player 116,Team 007,3,2
18,6,Player 005,Team 003,Player 014,Team 007,2,3
18,6,Player 005,Team 003,Player 093,Team 007,3,0
18,6,Player 005,Team 003,Player 026,Team 007,0,3
18,6,Player 005,Team 003,Player 116,Team 007,1,3
18,6,Player 003,Team 003,Player 014,Team 007,1,3
18,6,Player 003,Team 003,Player 093,Team 007,3,0
18,6,Player 003,Team 003,Player 026,Team 007,2,3
18,6,Player 003,Team 003,Player 116,Team 007,3,1
18,7,Player 040,Team 005,Player 035,Team 008,3,1
18,7,Player 040,Team 005,Player 077,Team 008,0,3
18,7,Player 040,Team 005,Player 037,Team 008,1,3
18,7,Player 040,Team 005,Player 036,Team 008,0,3
18,7,Player 038,Team 005,Player 077,Team 008,1,3
18,7,Player 038,Team 005,Player 037,Team 008,1,3
18,7,Player 038,Team 005,Player 036,Team 008,0,3
18,7,Player 038,Team 005,Player 092,Team 008,3,0
18,7,Player 012,Team 005,Player 077,Team 008,0,3
18,7,Player 012,Team 005,Player 037,Team 008,1,3
18,7,Player 012,Team 005,Player 036,Team 008,0,3
18,7,Player 012,Team 005,Player 092,Team 008,3,0
18,7,Player 006,Team 005,Player 035,Team 008,3,0
18,7,Player 006,Team 005,Player 077,Team 008,3,0
18,7,Player 006,Team 005,Player 037,Team 008,3,0
18,7,Player 006,Team 005,Player 036,Team 008,3,2
18,8,Player 057,Team 016,Player 023,Team 011,1,3
18,8,Player 057,Team 016,Player 021,Team 011,0,3
18,8,Player 057,Team 016,Player 033,Team 011,1,3
18,8,Player 057,Team 016,Player 072,Team 011,0,3
18,8,Player 059,Team 016,Player 023,Team 011,1,3
18,8,Player 059,Team 016,Player 021,Team 011,0,3
18,8,Player 059,Team 016,Player 033,Team 011,3,0
18,8,Player 059,Team 016,Player 072,Team 011,2,3
18,8,Player 087,Team 016,Player 023,Team 011,0,3
18,8,Player 087,Team 016,Player 021,Team 011,0,3
18,8,Player 087,Team 016,Player 033,Team 011,3,0
18,8,Player 087,Team 016,Player 072,Team 011,0,3
18,8,Player 085,Team 016,Player 023,Team 011,1,3
18,8,Player 085,Team 016,Player 021,Team 011,0,3
18,8,Player 085,Team 016,Player 033,Team 011,3,1
18,8,Player 085,Team 016,Player 072,Team 011,0,3
19,1,Player 103,Team 010,Player 120,Team 009,0,3
19,1,Player 103,Team 010,Player 045,Team 009,3,2
19,1,Player 063,Team 010,Player 120,Team 009,0,3
19,1,Player 063,Team 010,Player 045,Team 009,1,3
19,1,Player 063,Team 010,Player 079,Team 009,0,3
19,1,Player 063,Team 010,(játék nélkül),Team 009,3,0
19,1,Player 020,Team 010,Player 120,Team 009,0,3
19,1,Player 020,Team 010,Player 045,Team 009,1,3
19,1,Player 020,Team 010,Player 079,Team 009,3,0
19,1,Player 020,Team 010,(játék nélkül),Team 009,3,0
19,1,Player 024,Team 010,Player 120,Team 009,3,0
19,1,Player 024,Team 010,Player 045,Team 009,3,1
19,1,Player 024,Team 010,Player 079,Team 009,3,0
19,1,Player 024,Team 010,(játék nélkül),Team 009,3,0
19,1,Player 064,Team 010,Player 079,Team 009,0,3
19,1,Player 064,Team 010,(játék nélkül),Team 009,3,0
19,2,Player 084,Team 014,Player 041,Team 002,3,0
19,2,Player 084,Team 014,Player 002,Team 002,0,3
19,2,Player 084,Team 014,Player 078,Team 002,3,1
19,2,Player 031,Team 014,Player 041,Team 002,3,2
19,2,Player 031,Team 014,Player 002,Team 002,3,1
19,2,Player 031,Team 014,Player 078,Team 002,3,0
19,2,Player 044,Team 014,Player 041,Team 002,1,3
19,2,Player 044,Team 014,Player 002,Team 002,0,3
19,2,Player 044,Team 014,Player 078,Team 002,3,2
19,3,Player 017,Team 004,Player 005,Team 003,3,0
19,3,Player 017,Team 004,Player 067,Team 003,3,1
19,3,Player 017,Team 004,Player 008,Team 003,3,0
19,3,Player 017,Team 004,Player 125,Team 003,3,2
19,3,Player 018,Team 004,Player 005,Team 003,3,2
19,3,Player 018,Team 004,Player 067,Team 003,0,3
19,3,Player 018,Team 004,Player 008,Team 003,2,3
19,3,Player 018,Team 004,Player 125,Team 003,2,3
19,3,Player 009,Team 004,Player 005,Team 003,3,1
19,3,Player 009,Team 004,Player 067,Team 003,0,3
19,3,Player 009,Team 004,Player 008,Team 003,2,3
19,3,Player 009,Team 004,Player 125,Team 003,1,3
19,3,Player 004,Team 004,Player 005,Team 003,3,0
19,3,Player 004,Team 004,Player 067,Team 003,3,2
19,3,Player 004,Team 004,Player 008,Team 003,3,0
19,3,Player 004,Team 004,Player 125,Team 003,3,0
19,4,Player 028,Team 012,Player 010,Team 006,2,3
19,4,Player 028,Team 012,Player 032,Team 006,3,0
19,4,Player 028,Team 012,Player 102,Team 006,3,0
19,4,Player 028,Team 012,Player 073,Team 006,3,2
19,4,Player 083,Team 012,Player 010,Team 006,0,3
19,4,Player 083,Team 012,Player 032,Team 006,3,0
19,4,Player 083,Team 012,Player 102,Team 006,1,3
19,4,Player 083,Team 012,Player 073,Team 006,1,3
19,4,Player 109,Team 012,Player 010,Team 006,0,3
19,4,Player 109,Team 012,Player 032,Team 006,3,2
19,4,Player 109,Team 012,Player 102,Team 006,3,0
19,4,Player 109,Team 012,Player 073,Team 006,2,3
19,4,Player 025,Team 012,Player 010,Team 006,3,2
19,4,Player 025,Team 012,Player 032,Team 006,3,0
19,4,Player 025,Team 012,Player 102,Team 006,3,0
19,4,Player 025,Team 012,Player 073,Team 006,3,0
19,5,Player 046,Team 015,Player 082,Team 011,2,3
19,5,Player 046,Team 015,Player 021,Team 011,2,3
19,5,Player 046,Team 015,Player 022,Team 011,1,3
19,5,Player 046,Team 015,Player 023,Team 011,3,0
19,5,Player 048,Team 015,Player 082,Team 011,0,3
19,5,Player 048,Team 015,Player 021,Team 011,0,3
19,5,Player 048,Team 015,Player 022,Team 011,1,3
19,5,Player 048,Team 015,Player 023,Team 011,1,3
19,5,Player 047,Team 015,Player 082,Team 011,3,1
19,5,Player 047,Team 015,Player 021,Team 011,3,1
19,5,Player 047,Team 015,Player 022,Team 011,1,3
19,5,Player 047,Team 015,Player 023,Team 011,3,0
19,5,Player 056,Team 015,Player 082,Team 011,2,3
19,5,Player 056,Team 015,Player 021,Team 011,0,3
19,5,Player 056,Team 015,Player 022,Team 011,3,0
19,5,Player 056,Team 015,Player 023,Team 011,1,3
19,6,Player 077,Team 008,Player 052,Team 013,3,1
19,6,Player 077,Team 008,Player 051,Team 013,3,1
19,6,Player 077,Team 008,Player 029,Team 013,2,3
19,6,Player 077,Team 008,(játék nélkül),Team 013,3,0
19,6,Player 108,Team 008,Player 051,Team 013,1,3
19,6,Player 037,Team 008,Player 052,Team 013,1,3
19,6,Player 037,Team 008,Player 051,Team 013,3,0
19,6,Player 037,Team 008,Player 029,Team 013,2,3
19,6,Player 037,Team 008,(játék nélkül),Team 013,3,0
19,6,Player 036,Team 008,Player 052,Team 013,3,1
19,6,Player 036,Team 008,Player 051,Team 013,3,0
19,6,Player 036,Team 008,Player 029,Team 013,0,3
19,6,Player 036,Team 008,(játék nélkül),Team 013,3,0
19,6,Player 035,Team 008,Player 052,Team 013,0,3
19,6,Player 035,Team 008,Player 029,Team 013,0,3
19,6,Player 035,Team 008,(játék nélkül),Team 013,3,0
19,7,Player 100,Team 001,Player 061,Team 005,3,2
19,7,Player 100,Team 001,Player 012,Team 005,3,0
19,7,Player 100,Team 001,Player 006,Team 005,2,3
19,7,Player 100,Team 001,Player 091,Team 005,3,0
19,7,Player 013,Team 001,Player 061,Team 005,3,0
19,7,Player 013,Team 001,Player 012,Team 005,1,3
19,7,Player 013,Team 001,Player 006,Team 005,0,3
19,7,Player 013,Team 001,Player 091,Team 005,3,0
19,7,Player 076,Team 001,Player 061,Team 005,3,2
19,7,Player 076,Team 001,Player 012,Team 005,3,2
19,7,Player 076,Team 001,Player 006,Team 005,0,3
19,7,Player 076,Team 001,Player 104,Team 005,3,0
19,7,Player 007,Team 001,Player 061,Team 005,3,0
19,7,Player 007,Team 001,Player 012,Team 005,3,0
19,7,Player 007,Team 001,Player 006,Team 005,1,3
19,7,Player 007,Team 001,Player 104,Team 005,3,0
19,8,Player 034,Team 007,Player 057,Team 016,3,2
19,8,Player 034,Team 007,Player 087,Team 016,3,1
19,8,Player 034,Team 007,Player 085,Team 016,0,3
19,8,Player 034,Team 007,Player 059,Team 016,3,1
19,8,Player 049,Team 007,Player 057,Team 016,0,3
19,8,Player 049,Team 007,Player 087,Team 016,0,3
19,8,Player 049,Team 007,Player 085,Team 016,2,3
19,8,Player 049,Team 007,Player 059,Team 016,0,3
19,8,Player 093,Team 007,Player 057,Team 016,3,2
19,8,Player 093,Team 007,Player 087,Team 016,2,3
19,8,Player 093,Team 007,Player 085,Team 016,0,3
19,8,Player 093,Team 007,Player 086,Team 016,3,0
19,8,Player 118,Team 007,Player 057,Team 016,3,2
19,8,Player 118,Team 007,Player 087,Team 016,3,0
19,8,Player 118,Team 007,Player 085,Team 016,3,0
19,8,Player 118,Team 007,Player 086,Team 016,3,0
20,1,Player 041,Team 002,Player 064,Team 010,3,0
20,1,Player 041,Team 002,Player 020,Team 010,3,2
20,1,Player 041,Team 002,Player 063,Team 010,3,0
20,1,Player 041,Team 002,Player 024,Team 010,0,3
20,1,Player 053,Team 002,Player 064,Team 010,3,2
20,1,Player 053,Team 002,Player 020,Team 010,0,3
20,1,Player 053,Team 002,Player 063,Team 010,3,0
20,1,Player 053,Team 002,Player 024,Team 010,0,3
20,1,Player 002,Team 002,Player 064,Team 010,3,0
20,1,Player 002,Team 002,Player 020,Team 010,3,1
20,1,Player 002,Team 002,Player 063,Team 010,3,0
20,1,Player 002,Team 002,Player 024,Team 010,3,1
20,1,Player 078,Team 002,Player 064,Team 010,1,3
20,1,Player 078,Team 002,Player 020,Team 010,0,3
20,1,Player 078,Team 002,Player 063,Team 010,0,3
20,1,Player 078,Team 002,Player 024,Team 010,0,3
20,2,Player 072,Team 011,Player 034,Team 007,3,2
20,2,Player 072,Team 011,Player 118,Team 007,3,0
20,2,Player 072,Team 011,Player 026,Team 007,1,3
20,2,Player 072,Team 011,Player 116,Team 007,1,3
20,2,Player 082,Team 011,Player 034,Team 007,1,3
20,2,Player 082,Team 011,Player 118,Team 007,2,3
20,2,Player 082,Team 011,Player 026,Team 007,0,3
20,2,Player 082,Team 011,Player 116,Team 007,0,3
20,2,Player 023,Team 011,Player 034,Team 007,0,3
20,2,Player 023,Team 011,Player 118,Team 007,0,3
20,2,Player 023,Team 011,Player 026,Team 007,0,3
20,2,Player 023,Team 011,Player 116,Team 007,1,3
20,2,Player 033,Team 011,Player 034,Team 007,1,3
20,2,Player 033,Team 011,Player 118,Team 007,3,1
20,2,Player 033,Team 011,Player 026,Team 007,0,3
20,2,Player 033,Team 011,Player 116,Team 007,0,3
20,3,Player 017,Team 004,Player 005,Team 003,3,0
20,3,Player 017,Team 004,Player 067,Team 003,3,1
20,3,Player 017,Team 004,Player 008,Team 003,3,0
20,3,Player 017,Team 004,Player 125,Team 003,3,2
20,3,Player 018,Team 004,Player 005,Team 003,3,2
20,3,Player 018,Team 004,Player 067,Team 003,0,3
20,3,Player 018,Team 004,Player 008,Team 003,2,3
20,3,Player 018,Team 004,Player 125,Team 003,2,3
20,3,Player 009,Team 004,Player 005,Team 003,3,1
20,3,Player 009,Team 004,Player 067,Team 003,0,3
20,3,Player 009,Team 004,Player 008,Team 003,2,3
20,3,Player 009,Team 004,Player 125,Team 003,1,3
20,3,Player 004,Team 004,Player 005,Team 003,3,0
20,3,Player 004,Team 004,Player 067,Team 003,3,2
20,3,Player 004,Team 004,Player 008,Team 003,3,0
20,3,Player 004,Team 004,Player 125,Team 003,3,0
20,4,Player 010,Team 006,Player 046,Team 015,3,2
20,4,Player 010,Team 006,Player 056,Team 015,3,2
20,4,Player 010,Team 006,Player 047,Team 015,3,0
20,4,Player 010,Team 006,Player 048,Team 015,3,0
20,4,Player 032,Team 006,Player 046,Team 015,3,2
20,4,Player 032,Team 006,Player 056,Team 015,3,2
20,4,Player 032,Team 006,Player 047,Team 015,0,3
20,4,Player 032,Team 006,Player 048,Team 015,3,0
20,4,Player 073,Team 006,Player 046,Team 015,2,3
20,4,Player 073,Team 006,Player 056,Team 015,3,1
20,4,Player 073,Team 006,Player 047,Team 015,2,3
20,4,Player 073,Team 006,Player 048,Team 015,3,0
20,4,Player 102,Team 006,Player 046,Team 015,1,3
20,4,Player 102,Team 006,Player 056,Team 015,1,3
20,4,Player 102,Team 006,Player 047,Team 015,3,2
20,4,Player 102,Team 006,Player 048,Team 015,1,3
20,5,Player 029,Team 009,Player 035,Team 008,3,0
20,5,Player 029,Team 009,Player 077,Team 008,1,3
20,5,Player 029,Team 009,Player 060,Team 008,0,3
20,5,Player 029,Team 009,Player 092,Team 008,2,3
20,5,Player 080,Team 009,Player 035,Team 008,0,3
20,5,Player 080,Team 009,Player 077,Team 008,2,3
20,5,Player 080,Team 009,Player 060,Team 008,1,3
20,5,Player 080,Team 009,Player 092,Team 008,1,3
20,5,Player 068,Team 009,Player 035,Team 008,3,0
20,5,Player 068,Team 009,Player 077,Team 008,3,0
20,5,Player 068,Team 009,Player 060,Team 008,3,2
20,5,Player 068,Team 009,Player 092,Team 008,3,0
20,5,Player 081,Team 009,Player 035,Team 008,3,2
20,5,Player 081,Team 009,Player 077,Team 008,0,3
20,5,Player 081,Team 009,Player 060,Team 008,0,3
20,5,Player 081,Team 009,Player 092,Team 008,1,3
20,6,Player 008,Team 003,Player 043,Team 014,3,1
20,6,Player 008,Team 003,Player 084,Team 014,3,1
20,6,Player 008,Team 003,Player 042,Team 014,3,1
20,6,Player 008,Team 003,Player 044,Team 014,3,2
20,6,Player 067,Team 003,Player 043,Team 014,3,2
20,6,Player 067,Team 003,Player 084,Team 014,3,0
20,6,Player 067,Team 003,Player 042,Team 014,3,0
20,6,Player 067,Team 003,Player 044,Team 014,3,1
20,6,Player 005,Team 003,Player 043,Team 014,0,3
20,6,Player 005,Team 003,Player 084,Team 014,2,3
20,6,Player 005,Team 003,Player 042,Team 014,1,3
20,6,Player 005,Team 003,Player 044,Team 014,2,3
20,6,Player 125,Team 003,Player 043,Team 014,3,0
20,6,Player 125,Team 003,Player 084,Team 014,1,3
20,6,Player 125,Team 003,Player 042,Team 014,3,2
20,6,Player 125,Team 003,Player 044,Team 014,3,0
20,7,Player 040,Team 005,Player 039,Team 012,1,3
20,7,Player 040,Team 005,Player 025,Team 012,0,3
20,7,Player 040,Team 005,Player 083,Team 012,2,3
20,7,Player 040,Team 005,Player 028,Team 012,0,3
20,7,Player 012,Team 005,Player 039,Team 012,3,1
20,7,Player 012,Team 005,Player 025,Team 012,3,1
20,7,Player 012,Team 005,Player 083,Team 012,3,1
20,7,Player 012,Team 005,Player 028,Team 012,2,3
20,7,(játék nélkül),Team 005,Player 039,Team 012,0,3
20,7,(játék nélkül),Team 005,Player 025,Team 012,0,3
20,7,(játék nélkül),Team 005,Player 083,Team 012,0,3
20,7,(játék nélkül),Team 005,Player 028,Team 012,0,3
20,7,Player 006,Team 005,Player 039,Team 012,3,0
20,7,Player 006,Team 005,Player 025,Team 012,3,0
20,7,Player 006,Team 005,Player 083,Team 012,3,1
20,7,Player 006,Team 005,Player 028,Team 012,3,1
20,8,Player 105,Team 016,Player 017,Team 004,0,3
20,8,Player 105,Team 016,Player 075,Team 004,1,3
20,8,Player 105,Team 016,Player 018,Team 004,1,3
20,8,Player 105,Team 016,Player 004,Team 004,1,3
20,8,Player 087,Team 016,Player 017,Team 004,0,3
20,8,Player 087,Team 016,Player 075,Team 004,2,3
20,8,Player 087,Team 016,Player 018,Team 004,2,3
20,8,Player 087,Team 016,Player 004,Team 004,0,3
20,8,Player 059,Team 016,Player 017,Team 004,1,3
20,8,Player 059,Team 016,Player 075,Team 004,3,0
20,8,Player 059,Team 016,Player 018,Team 004,1,3
20,8,Player 059,Team 016,Player 004,Team 004,0,3
20,8,Player 085,Team 016,Player 017,Team 004,0,3
20,8,Player 085,Team 016,Player 075,Team 004,2,3
20,8,Player 085,Team 016,Player 018,Team 004,0,3
20,8,Player 085,Team 016,Player 004,Team 004,0,3
20,9,Player 052,Team 013,Player 100,Team 001,0,3
20,9,Player 052,Team 013,Player 007,Team 001,0,3
20,9,Player 052,Team 013,Player 001,Team 001,1,3
20,9,Player 052,Team 013,Player 076,Team 001,0,3
20,9,Player 051,Team 013,Player 100,Team 001,0,3
20,9,Player 051,Team 013,Player 007,Team 001,0,3
20,9,Player 051,Team 013,Player 001,Team 001,0,3
20,9,Player 051,Team 013,Player 076,Team 001,0,3
20,9,Player 029,Team 013,Player 100,Team 001,0,3
20,9,Player 029,Team 013,Player 007,Team 001,2,3
20,9,Player 029,Team 013,Player 001,Team 001,0,3
20,9,Player 029,Team 013,Player 076,Team 001,0,3
20,9,Player 113,Team 013,Player 100,Team 001,0,3
20,9,Player 113,Team 013,Player 007,Team 001,0,3
20,9,Player 113,Team 013,Player 001,Team 001,0,3
20,9,Player 113,Team 013,Player 076,Team 001,0,3
21,1,Player 020,Team 010,Player 008,Team 003,0,3
21,1,Player 020,Team 010,Player 067,Team 003,0,3
21,1,Player 020,Team 010,Player 005,Team 003,2,3
21,1,Player 020,Team 010,Player 003,Team 003,1,3
21,1,Player 064,Team 010,Player 008,Team 003,0,3
21,1,Player 064,Team 010,Player 067,Team 003,0,3
21,1,Player 064,Team 010,Player 005,Team 003,0,3
21,1,Player 064,Team 010,Player 003,Team 003,0,3
21,1,Player 103,Team 010,Player 008,Team 003,1,3
21,1,Player 103,Team 010,Player 067,Team 003,0,3
21,1,Player 103,Team 010,Player 005,Team 003,1,3
21,1,Player 103,Team 010,Player 003,Team 003,0,3
21,1,Player 024,Team 010,Player 008,Team 003,0,3
21,1,Player 024,Team 010,Player 067,Team 003,1,3
21,1,Player 024,Team 010,Player 005,Team 003,3,2
21,1,Player 024,Team 010,Player 003,Team 003,2,3
21,2,Player 035,Team 008,Player 053,Team 002,3,2
21,2,Player 035,Team 008,Player 054,Team 002,3,0
21,2,Player 035,Team 008,Player 041,Team 002,3,1
21,2,Player 035,Team 008,Player 002,Team 002,0,3
21,2,Player 108,Team 008,Player 054,Team 002,3,2
21,2,Player 016,Team 008,Player 053,Team 002,3,0
21,2,Player 016,Team 008,Player 054,Team 002,3,0
21,2,Player 016,Team 008,Player 041,Team 002,1,3
21,2,Player 016,Team 008,Player 002,Team 002,1,3
21,2,Player 077,Team 008,Player 053,Team 002,3,0
21,2,Player 077,Team 008,Player 054,Team 002,3,0
21,2,Player 077,Team 008,Player 041,Team 002,3,0
21,2,Player 077,Team 008,Player 002,Team 002,3,1
21,2,Player 092,Team 008,Player 053,Team 002,2,3
21,2,Player 092,Team 008,Player 041,Team 002,0,3
21,2,Player 092,Team 008,Player 002,Team 002,0,3
21,3,Player 004,Team 004,Player 082,Team 011,3,0
21,3,Player 004,Team 004,Player 072,Team 011,3,0
21,3,Player 004,Team 004,Player 023,Team 011,3,0
21,3,Player 004,Team 004,Player 022,Team 011,1,3
21,3,Player 017,Team 004,Player 082,Team 011,3,1
21,3,Player 017,Team 004,Player 072,Team 011,3,2
21,3,Player 017,Team 004,Player 023,Team 011,3,0
21,3,Player 017,Team 004,Player 022,Team 011,3,0
21,3,Player 009,Team 004,Player 082,Team 011,1,3
21,3,Player 009,Team 004,Player 072,Team 011,0,3
21,3,Player 009,Team 004,Player 023,Team 011,3,0
21,3,Player 009,Team 004,Player 022,Team 011,3,0
21,3,Player 018,Team 004,Player 022,Team 011,0,3
21,3,Player 075,Team 004,Player 082,Team 011,2,3
21,3,Player 075,Team 004,Player 072,Team 011,2,3
21,3,Player 075,Team 004,Player 023,Team 011,3,1
21,4,Player 025,Team 012,Player 052,Team 013,3,2
21,4,Player 025,Team 012,Player 051,Team 013,3,0
21,4,Player 025,Team 012,Player 029,Team 013,3,2
21,4,Player 025,Team 012,(játék nélkül),Team 013,3,0
21,4,Player 039,Team 012,Player 052,Team 013,3,1
21,4,Player 039,Team 012,Player 051,Team 013,3,0
21,4,Player 039,Team 012,Player 029,Team 013,3,1
21,4,Player 039,Team 012,(játék nélkül),Team 013,3,0
21,4,Player 109,Team 012,Player 052,Team 013,3,2
21,4,Player 109,Team 012,Player 051,Team 013,3,0
21,4,Player 109,Team 012,Player 029,Team 013,1,3
21,4,Player 109,Team 012,(játék nélkül),Team 013,3,0
21,4,Player 117,Team 012,Player 052,Team 013,2,3
21,4,Player 117,Team 012,Player 051,Team 013,3,0
21,4,Player 117,Team 012,Player 029,Team 013,0,3
21,4,Player 117,Team 012,(játék nélkül),Team 013,3,0
21,5,Player 001,Team 001,Player 029,Team 009,3,1
21,5,Player 001,Team 001,Player 058,Team 009,3,0
21,5,Player 001,Team 001,Player 068,Team 009,3,0
21,5,Player 001,Team 001,Player 079,Team 009,3,0
21,5,Player 101,Team 001,Player 029,Team 009,3,0
21,5,Player 101,Team 001,Player 058,Team 009,3,1
21,5,Player 101,Team 001,Player 068,Team 009,0,3
21,5,Player 101,Team 001,Player 079,Team 009,3,0
21,5,Player 076,Team 001,Player 029,Team 009,3,0
21,5,Player 076,Team 001,Player 058,Team 009,3,0
21,5,Player 076,Team 001,Player 068,Team 009,3,1
21,5,Player 076,Team 001,Player 079,Team 009,3,0
21,5,Player 007,Team 001,Player 029,Team 009,3,0
21,5,Player 007,Team 001,Player 058,Team 009,3,0
21,5,Player 007,Team 001,Player 068,Team 009,3,0
21,5,Player 007,Team 001,Player 079,Team 009,3,0
21,6,Player 046,Team 015,Player 014,Team 007,1,3
21,6,Player 046,Team 015,Player 034,Team 007,2,3
21,6,Player 046,Team 015,Player 026,Team 007,0,3
21,6,Player 046,Team 015,Player 116,Team 007,0,3
21,6,Player 056,Team 015,Player 014,Team 007,2,3
21,6,Player 056,Team 015,Player 034,Team 007,3,2
21,6,Player 056,Team 015,Player 026,Team 007,0,3
21,6,Player 056,Team 015,Player 116,Team 007,0,3
21,6,Player 047,Team 015,Player 014,Team 007,0,3
21,6,Player 047,Team 015,Player 034,Team 007,3,0
21,6,Player 047,Team 015,Player 026,Team 007,0,3
21,6,Player 047,Team 015,Player 116,Team 007,0,3
21,6,Player 048,Team 015,Player 014,Team 007,2,3
21,6,Player 048,Team 015,Player 034,Team 007,0,3
21,6,Player 048,Team 015,Player 026,Team 007,0,3
21,6,Player 048,Team 015,Player 116,Team 007,0,3
21,7,Player 010,Team 006,Player 038,Team 005,3,0
21,7,Player 010,Team 006,Player 061,Team 005,3,0
21,7,Player 010,Team 006,Player 012,Team 005,3,2
21,7,Player 010,Team 006,Player 040,Team 005,3,0
21,7,Player 073,Team 006,Player 038,Team 005,3,1
21,7,Player 073,Team 006,Player 061,Team 005,0,3
21,7,Player 073,Team 006,Player 012,Team 005,2,3
21,7,Player 073,Team 006,Player 040,Team 005,2,3
21,7,Player 032,Team 006,Player 038,Team 005,3,0
21,7,Player 032,Team 006,Player 061,Team 005,3,1
21,7,Player 032,Team 006,Player 012,Team 005,0,3
21,7,Player 032,Team 006,Player 040,Team 005,1,3
21,7,Player 102,Team 006,Player 038,Team 005,3,2
21,7,Player 102,Team 006,Player 061,Team 005,3,0
21,7,Player 102,Team 006,Player 012,Team 005,1,3
21,7,Player 102,Team 006,Player 040,Team 005,3,2
21,8,Player 043,Team 014,(játék nélkül),Team 013,3,0
21,8,Player 043,Team 014,(játék nélkül),Team 013,3,0
21,8,Player 043,Team 014,(játék nélkül),Team 013,3,0
21,8,Player 043,Team 014,(játék nélkül),Team 013,3,0
21,8,Player 095,Team 014,(játék nélkül),Team 013,3,0
21,8,Player 095,Team 014,(játék nélkül),Team 013,3,0
21,8,Player 095,Team 014,(játék nélkül),Team 013,3,0
21,8,Player 095,Team 014,(játék nélkül),Team 013,3,0
21,8,Player 042,Team 014,(játék nélkül),Team 013,3,0
21,8,Player 042,Team 014,(játék nélkül),Team 013,3,0
21,8,Player 042,Team 014,(játék nélkül),Team 013,3,0
21,8,Player 042,Team 014,(játék nélkül),Team 013,3,0
21,8,Player 070,Team 014,(játék nélkül),Team 013,3,0
21,8,Player 070,Team 014,(játék nélkül),Team 013,3,0
21,8,Player 070,Team 014,(játék nélkül),Team 013,3,0
21,8,Player 070,Team 014,(játék nélkül),Team 013,3,0
21,9,Player 031,Team 014,Player 087,Team 016,3,0
21,9,Player 031,Team 014,Player 085,Team 016,3,1
21,9,Player 031,Team 014,Player 057,Team 016,3,1
21,9,Player 031,Team 014,Player 086,Team 016,1,3
21,9,Player 044,Team 014,Player 087,Team 016,3,1
21,9,Player 044,Team 014,Player 085,Team 016,0,3
21,9,Player 044,Team 014,Player 057,Team 016,3,0
21,9,Player 044,Team 014,Player 086,Team 016,3,1
21,9,Player 042,Team 014,Player 087,Team 016,3,2
21,9,Player 042,Team 014,Player 085,Team 016,3,0
21,9,Player 042,Team 014,Player 057,Team 016,3,0
21,9,Player 042,Team 014,Player 059,Team 016,3,0
21,9,(játék nélkül),Team 014,Player 087,Team 016,0,3
21,9,(játék nélkül),Team 014,Player 085,Team 016,0,3
21,9,(játék nélkül),Team 014,Player 057,Team 016,0,3
21,9,(játék nélkül),Team 014,Player 059,Team 016,0,3
22,1,Player 054,Team 002,Player 001,Team 001,1,3
22,1,Player 054,Team 002,Player 076,Team 001,0,3
22,1,Player 054,Team 002,Player 107,Team 001,0,3
22,1,Player 054,Team 002,Player 101,Team 001,0,3
22,1,Player 041,Team 002,Player 001,Team 001,1,3
22,1,Player 041,Team 002,Player 076,Team 001,0,3
22,1,Player 041,Team 002,Player 107,Team 001,2,3
22,1,Player 041,Team 002,Player 101,Team 001,2,3
22,1,Player 053,Team 002,Player 001,Team 001,0,3
22,1,Player 053,Team 002,Player 076,Team 001,0,3
22,1,Player 053,Team 002,Player 107,Team 001,1,3
22,1,Player 053,Team 002,Player 101,Team 001,0,3
22,1,Player 002,Team 002,Player 001,Team 001,3,2
22,1,Player 002,Team 002,Player 076,Team 001,3,2
22,1,Player 002,Team 002,Player 107,Team 001,3,0
22,1,Player 002,Team 002,Player 101,Team 001,3,2
22,2,Player 022,Team 011,Player 042,Team 014,3,0
22,2,Player 022,Team 011,Player 084,Team 014,2,3
22,2,Player 022,Team 011,Player 043,Team 014,3,1
22,2,Player 022,Team 011,Player 071,Team 014,1,3
22,2,Player 072,Team 011,Player 042,Team 014,3,0
22,2,Player 072,Team 011,Player 084,Team 014,3,0
22,2,Player 072,Team 011,Player 043,Team 014,3,0
22,2,Player 072,Team 011,Player 071,Team 014,3,1
22,2,Player 082,Team 011,Player 042,Team 014,3,1
22,2,Player 082,Team 011,Player 084,Team 014,3,0
22,2,Player 082,Team 011,Player 043,Team 014,3,1
22,2,Player 082,Team 011,Player 071,Team 014,1,3
22,2,Player 023,Team 011,Player 042,Team 014,3,0
22,2,Player 023,Team 011,Player 084,Team 014,3,1
22,2,Player 023,Team 011,Player 043,Team 014,3,0
22,2,Player 023,Team 011,Player 071,Team 014,0,3
22,3,Player 118,Team 007,Player 017,Team 004,0,3
22,3,Player 118,Team 007,Player 075,Team 004,1,3
22,3,Player 118,Team 007,Player 009,Team 004,3,1
22,3,Player 118,Team 007,Player 004,Team 004,3,2
22,3,Player 034,Team 007,Player 017,Team 004,1,3
22,3,Player 034,Team 007,Player 075,Team 004,0,3
22,3,Player 034,Team 007,Player 009,Team 004,3,1
22,3,Player 034,Team 007,Player 004,Team 004,0,3
22,3,Player 026,Team 007,Player 017,Team 004,2,3
22,3,Player 026,Team 007,Player 075,Team 004,3,2
22,3,Player 026,Team 007,Player 009,Team 004,3,1
22,3,Player 026,Team 007,Player 004,Team 004,1,3
22,3,Player 116,Team 007,Player 017,Team 004,3,0
22,3,Player 116,Team 007,Player 075,Team 004,3,0
22,3,Player 116,Team 007,Player 009,Team 004,3,0
22,3,Player 116,Team 007,Player 004,Team 004,3,1
22,4,Player 029,Team 009,Player 028,Team 012,0,3
22,4,Player 029,Team 009,Player 039,Team 012,1,3
22,4,Player 029,Team 009,Player 083,Team 012,2,3
22,4,Player 029,Team 009,Player 109,Team 012,1,3
22,4,Player 079,Team 009,Player 028,Team 012,0,3
22,4,Player 079,Team 009,Player 039,Team 012,1,3
22,4,Player 079,Team 009,Player 083,Team 012,0,3
22,4,Player 079,Team 009,Player 109,Team 012,3,1
22,4,Player 120,Team 009,Player 028,Team 012,0,3
22,4,Player 120,Team 009,Player 039,Team 012,2,3
22,4,Player 120,Team 009,Player 083,Team 012,3,1
22,4,Player 120,Team 009,Player 121,Team 012,3,0
22,4,Player 081,Team 009,Player 028,Team 012,0,3
22,4,Player 081,Team 009,Player 039,Team 012,0,3
22,4,Player 081,Team 009,Player 083,Team 012,3,2
22,4,Player 081,Team 009,Player 121,Team 012,3,0
22,5,Player 008,Team 003,Player 077,Team 008,0,3
22,5,Player 008,Team 003,Player 036,Team 008,3,1
22,5,Player 008,Team 003,Player 035,Team 008,1,3
22,5,Player 008,Team 003,Player 016,Team 008,0,3
22,5,Player 067,Team 003,Player 077,Team 008,0,3
22,5,Player 067,Team 003,Player 036,Team 008,3,0
22,5,Player 067,Team 003,Player 035,Team 008,3,1
22,5,Player 067,Team 003,Player 016,Team 008,3,1
22,5,Player 125,Team 003,Player 077,Team 008,0,3
22,5,Player 125,Team 003,Player 036,Team 008,3,2
22,5,Player 125,Team 003,Player 035,Team 008,2,3
22,5,Player 125,Team 003,Player 016,Team 008,0,3
22,5,Player 003,Team 003,Player 077,Team 008,0,3
22,5,Player 003,Team 003,Player 036,Team 008,3,1
22,5,Player 003,Team 003,Player 016,Team 008,0,3
22,5,Player 003,Team 003,Player 108,Team 008,3,2
22,6,Player 008,Team 003,Player 043,Team 014,3,1
22,6,Player 008,Team 003,Player 084,Team 014,3,1
22,6,Player 008,Team 003,Player 042,Team 014,3,1
22,6,Player 008,Team 003,Player 044,Team 014,3,2
22,6,Player 067,Team 003,Player 043,Team 014,3,2
22,6,Player 067,Team 003,Player 084,Team 014,3,0
22,6,Player 067,Team 003,Player 042,Team 014,3,0
22,6,Player 067,Team 003,Player 044,Team 014,3,1
22,6,Player 005,Team 003,Player 043,Team 014,0,3
22,6,Player 005,Team 003,Player 084,Team 014,2,3
22,6,Player 005,Team 003,Player 042,Team 014,1,3
22,6,Player 005,Team 003,Player 044,Team 014,2,3
22,6,Player 125,Team 003,Player 043,Team 014,3,0
22,6,Player 125,Team 003,Player 084,Team 014,1,3
22,6,Player 125,Team 003,Player 042,Team 014,3,2
22,6,Player 125,Team 003,Player 044,Team 014,3,0
22,7,Player 040,Team 005,Player 046,Team 015,2,3
22,7,Player 040,Team 005,Player 048,Team 015,3,1
22,7,Player 040,Team 005,Player 047,Team 015,3,0
22,7,Player 040,Team 005,Player 056,Team 015,3,0
22,7,Player 061,Team 005,Player 046,Team 015,0,3
22,7,Player 061,Team 005,Player 048,Team 015,2,3
22,7,Player 061,Team 005,Player 047,Team 015,0,3
22,7,Player 061,Team 005,Player 056,Team 015,0,3
22,7,Player 012,Team 005,Player 046,Team 015,3,1
22,7,Player 012,Team 005,Player 048,Team 015,3,0
22,7,Player 012,Team 005,Player 047,Team 015,3,0
22,7,Player 012,Team 005,Player 056,Team 015,3,2
22,7,Player 006,Team 005,Player 046,Team 015,3,0
22,7,Player 006,Team 005,Player 048,Team 015,3,0
22,7,Player 006,Team 005,Player 047,Team 015,3,0
22,7,Player 006,Team 005,Player 056,Team 015,3,0
22,8,Player 085,Team 016,Player 020,Team 010,1,3
22,8,Player 085,Team 016,Player 064,Team 010,3,1
22,8,Player 085,Team 016,Player 103,Team 010,3,1
22,8,Player 085,Team 016,Player 024,Team 010,1,3
22,8,Player 086,Team 016,Player 020,Team 010,2,3
22,8,Player 086,Team 016,Player 064,Team 010,3,0
22,8,Player 086,Team 016,Player 103,Team 010,1,3
22,8,Player 086,Team 016,Player 024,Team 010,0,3
22,8,Player 057,Team 016,Player 020,Team 010,0,3
22,8,Player 057,Team 016,Player 064,Team 010,1,3
22,8,Player 057,Team 016,Player 103,Team 010,0,3
22,8,Player 057,Team 016,Player 024,Team 010,1,3
22,8,Player 059,Team 016,Player 020,Team 010,0,3
22,8,Player 059,Team 016,Player 064,Team 010,3,1
22,8,Player 059,Team 016,Player 103,Team 010,3,1
22,8,Player 059,Team 016,Player 024,Team 010,0,3
22,9,Player 029,Team 013,Player 010,Team 006,3,0
22,9,Player 029,Team 013,Player 032,Team 006,3,2
22,9,Player 029,Team 013,Player 030,Team 006,3,0
22,9,Player 029,Team 013,Player 094,Team 006,3,0
22,9,Player 052,Team 013,Player 010,Team 006,1,3
22,9,Player 052,Team 013,Player 032,Team 006,3,2
22,9,Player 052,Team 013,Player 030,Team 006,3,1
22,9,Player 052,Team 013,Player 094,Team 006,3,1
22,9,Player 051,Team 013,Player 010,Team 006,0,3
22,9,Player 051,Team 013,Player 032,Team 006,3,1
22,9,Player 051,Team 013,Player 030,Team 006,3,2
22,9,Player 051,Team 013,Player 094,Team 006,1,3
22,9,Player 066,Team 013,Player 010,Team 006,1,3
22,9,Player 066,Team 013,Player 032,Team 006,3,2
22,9,Player 066,Team 013,Player 030,Team 006,3,1
22,9,Player 066,Team 013,Player 094,Team 006,3,0
23,1,Player 064,Team 010,Player 022,Team 011,1,3
23,1,Player 064,Team 010,Player 021,Team 011,0,3
23,1,Player 064,Team 010,Player 023,Team 011,0,3
23,1,Player 064,Team 010,Player 033,Team 011,0,3
23,1,Player 020,Team 010,Player 022,Team 011,3,1
23,1,Player 020,Team 010,Player 021,Team 011,1,3
23,1,Player 020,Team 010,Player 023,Team 011,2,3
23,1,Player 020,Team 010,Player 033,Team 011,1,3
23,1,Player 063,Team 010,Player 022,Team 011,0,3
23,1,Player 063,Team 010,Player 021,Team 011,0,3
23,1,Player 063,Team 010,Player 023,Team 011,1,3
23,1,Player 063,Team 010,Player 033,Team 011,1,3
23,1,Player 103,Team 010,Player 022,Team 011,0,3
23,1,Player 103,Team 010,Player 021,Team 011,0,3
23,1,Player 103,Team 010,Player 023,Team 011,0,3
23,1,Player 103,Team 010,Player 033,Team 011,0,3
23,2,Player 028,Team 012,Player 099,Team 002,3,0
23,2,Player 028,Team 012,Player 054,Team 002,3,0
23,2,Player 028,Team 012,Player 041,Team 002,3,1
23,2,Player 028,Team 012,Player 002,Team 002,0,3
23,2,Player 083,Team 012,Player 099,Team 002,3,0
23,2,Player 083,Team 012,Player 054,Team 002,3,0
23,2,Player 083,Team 012,Player 041,Team 002,2,3
23,2,Player 083,Team 012,Player 002,Team 002,0,3
23,2,Player 039,Team 012,Player 099,Team 002,3,0
23,2,Player 039,Team 012,Player 054,Team 002,3,0
23,2,Player 039,Team 012,Player 041,Team 002,3,1
23,2,Player 039,Team 012,Player 002,Team 002,3,0
23,2,Player 025,Team 012,Player 099,Team 002,3,0
23,2,Player 025,Team 012,Player 054,Team 002,3,1
23,2,Player 025,Team 012,Player 041,Team 002,3,1
23,2,Player 025,Team 012,Player 002,Team 002,0,3
23,3,Player 010,Team 006,Player 029,Team 009,3,1
23,3,Player 010,Team 006,Player 120,Team 009,3,1
23,3,Player 010,Team 006,Player 058,Team 009,3,0
23,3,Player 010,Team 006,Player 081,Team 009,3,1
23,3,Player 032,Team 006,Player 029,Team 009,3,0
23,3,Player 032,Team 006,Player 120,Team 009,3,1
23,3,Player 032,Team 006,Player 058,Team 009,0,3
23,3,Player 032,Team 006,Player 081,Team 009,3,2
23,3,Player 073,Team 006,Player 029,Team 009,3,1
23,3,Player 073,Team 006,Player 120,Team 009,0,3
23,3,Player 073,Team 006,Player 058,Team 009,3,0
23,3,Player 073,Team 006,Player 081,Team 009,3,1
23,3,Player 102,Team 006,Player 029,Team 009,3,1
23,3,Player 102,Team 006,Player 120,Team 009,2,3
23,3,Player 102,Team 006,Player 058,Team 009,3,0
23,3,Player 102,Team 006,Player 081,Team 009,3,1
23,4,Player 013,Team 001,Player 008,Team 003,3,1
23,4,Player 013,Team 001,Player 067,Team 003,3,2
23,4,Player 013,Team 001,Player 003,Team 003,2,3
23,4,Player 013,Team 001,Player 005,Team 003,3,1
23,4,Player 001,Team 001,Player 008,Team 003,2,3
23,4,Player 001,Team 001,Player 067,Team 003,3,1
23,4,Player 001,Team 001,Player 003,Team 003,3,0
23,4,Player 001,Team 001,Player 005,Team 003,3,1
23,4,Player 007,Team 001,Player 008,Team 003,3,0
23,4,Player 007,Team 001,Player 067,Team 003,2,3
23,4,Player 007,Team 001,Player 003,Team 003,3,0
23,4,Player 007,Team 001,Player 005,Team 003,3,0
23,4,Player 069,Team 001,Player 008,Team 003,3,0
23,4,Player 069,Team 001,Player 067,Team 003,3,1
23,4,Player 069,Team 001,Player 003,Team 003,3,0
23,4,Player 069,Team 001,Player 005,Team 003,3,2
23,5,Player 048,Team 015,Player 004,Team 004,0,3
23,5,Player 048,Team 015,Player 017,Team 004,1,3
23,5,Player 048,Team 015,Player 018,Team 004,1,3
23,5,Player 048,Team 015,Player 009,Team 004,0,3
23,5,Player 047,Team 015,Player 004,Team 004,0,3
23,5,Player 047,Team 015,Player 017,Team 004,0,3
23,5,Player 047,Team 015,Player 018,Team 004,0,3
23,5,Player 047,Team 015,Player 009,Team 004,2,3
23,5,Player 112,Team 015,Player 004,Team 004,0,3
23,5,Player 112,Team 015,Player 017,Team 004,0,3
23,5,Player 112,Team 015,Player 018,Team 004,0,3
23,5,Player 112,Team 015,Player 009,Team 004,0,3
23,5,Player 046,Team 015,Player 004,Team 004,0,3
23,5,Player 046,Team 015,Player 017,Team 004,0,3
23,5,Player 046,Team 015,Player 018,Team 004,3,1
23,5,Player 046,Team 015,Player 009,Team 004,0,3
23,6,Player 071,Team 014,Player 118,Team 007,2,3
23,6,Player 071,Team 014,Player 034,Team 007,3,2
23,6,Player 071,Team 014,Player 026,Team 007,3,1
23,6,Player 071,Team 014,Player 116,Team 007,3,0
23,6,Player 042,Team 014,Player 118,Team 007,2,3
23,6,Player 042,Team 014,Player 034,Team 007,0,3
23,6,Player 042,Team 014,Player 026,Team 007,0,3
23,6,Player 042,Team 014,Player 116,Team 007,0,3
23,6,Player 031,Team 014,Player 118,Team 007,3,0
23,6,Player 031,Team 014,Player 034,Team 007,3,2
23,6,Player 031,Team 014,Player 026,Team 007,1,3
23,6,Player 031,Team 014,Player 116,Team 007,1,3
23,6,Player 095,Team 014,Player 118,Team 007,1,3
23,6,Player 095,Team 014,Player 034,Team 007,3,1
23,6,Player 095,Team 014,Player 026,Team 007,1,3
23,6,Player 095,Team 014,Player 116,Team 007,2,3
23,7,Player 091,Team 005,Player 051,Team 013,1,3
23,7,Player 091,Team 005,Player 106,Team 013,2,3
23,7,Player 091,Team 005,Player 029,Team 013,0,3
23,7,Player 091,Team 005,(játék nélkül),Team 013,3,0
23,7,Player 038,Team 005,Player 051,Team 013,3,1
23,7,Player 038,Team 005,Player 106,Team 013,3,2
23,7,Player 038,Team 005,Player 029,Team 013,0,3
23,7,Player 038,Team 005,(játék nélkül),Team 013,3,0
23,7,Player 040,Team 005,Player 051,Team 013,3,1
23,7,Player 040,Team 005,Player 106,Team 013,0,3
23,7,Player 040,Team 005,Player 029,Team 013,0,3
23,7,Player 040,Team 005,(játék nélkül),Team 013,3,0
23,7,Player 012,Team 005,Player 051,Team 013,3,1
23,7,Player 012,Team 005,Player 106,Team 013,1,3
23,7,Player 012,Team 005,Player 029,Team 013,3,2
23,7,Player 012,Team 005,(játék nélkül),Team 013,3,0
23,8,Player 035,Team 008,Player 086,Team 016,2,3
23,8,Player 035,Team 008,Player 085,Team 016,3,1
23,8,Player 035,Team 008,Player 057,Team 016,3,1
23,8,Player 035,Team 008,Player 059,Team 016,3,0
23,8,Player 037,Team 008,Player 086,Team 016,3,0
23,8,Player 037,Team 008,Player 085,Team 016,3,0
23,8,Player 037,Team 008,Player 057,Team 016,3,1
23,8,Player 037,Team 008,Player 059,Team 016,3,0
23,8,Player 108,Team 008,Player 057,Team 016,2,3
23,8,Player 016,Team 008,Player 086,Team 016,3,0
23,8,Player 016,Team 008,Player 085,Team 016,3,0
23,8,Player 016,Team 008,Player 057,Team 016,3,0
23,8,Player 016,Team 008,Player 059,Team 016,3,1
23,8,Player 092,Team 008,Player 086,Team 016,3,0
23,8,Player 092,Team 008,Player 085,Team 016,1,3
23,8,Player 092,Team 008,Player 059,Team 016,1,3
24,1,Player 118,Team 007,Player 063,Team 010,3,0
24,1,Player 118,Team 007,Player 064,Team 010,3,0
24,1,Player 118,Team 007,Player 024,Team 010,3,2
24,1,Player 118,Team 007,Player 103,Team 010,3,0
24,1,Player 026,Team 007,Player 064,Team 010,3,0
24,1,Player 026,Team 007,Player 024,Team 010,0,3
24,1,Player 026,Team 007,Player 103,Team 010,3,0
24,1,Player 026,Team 007,Player 020,Team 010,3,1
24,1,Player 093,Team 007,Player 064,Team 010,3,1
24,1,Player 093,Team 007,Player 024,Team 010,0,3
24,1,Player 093,Team 007,Player 103,Team 010,3,0
24,1,Player 093,Team 007,Player 020,Team 010,0,3
24,1,Player 116,Team 007,Player 063,Team 010,3,0
24,1,Player 116,Team 007,Player 064,Team 010,3,0
24,1,Player 116,Team 007,Player 024,Team 010,3,1
24,1,Player 116,Team 007,Player 103,Team 010,3,0
24,2,Player 078,Team 002,Player 010,Team 006,1,3
24,2,Player 078,Team 002,Player 032,Team 006,0,3
24,2,Player 078,Team 002,Player 123,Team 006,1,3
24,2,Player 078,Team 002,Player 030,Team 006,3,0
24,2,Player 041,Team 002,Player 010,Team 006,1,3
24,2,Player 041,Team 002,Player 032,Team 006,2,3
24,2,Player 041,Team 002,Player 123,Team 006,3,1
24,2,Player 041,Team 002,Player 030,Team 006,3,1
24,2,Player 054,Team 002,Player 010,Team 006,0,3
24,2,Player 054,Team 002,Player 032,Team 006,1,3
24,2,Player 054,Team 002,Player 123,Team 006,0,3
24,2,Player 054,Team 002,Player 030,Team 006,3,1
24,2,Player 002,Team 002,Player 010,Team 006,2,3
24,2,Player 002,Team 002,Player 032,Team 006,3,0
24,2,Player 002,Team 002,Player 123,Team 006,3,0
24,2,Player 002,Team 002,Player 030,Team 006,3,0
24,3,Player 022,Team 011,Player 037,Team 008,0,3
24,3,Player 022,Team 011,Player 077,Team 008,0,3
24,3,Player 022,Team 011,Player 036,Team 008,3,1
24,3,Player 022,Team 011,Player 016,Team 008,3,2
24,3,Player 072,Team 011,Player 037,Team 008,3,2
24,3,Player 072,Team 011,Player 077,Team 008,3,2
24,3,Player 072,Team 011,Player 036,Team 008,3,0
24,3,Player 072,Team 011,Player 016,Team 008,1,3
24,3,Player 082,Team 011,Player 037,Team 008,1,3
24,3,Player 082,Team 011,Player 077,Team 008,1,3
24,3,Player 082,Team 011,Player 036,Team 008,3,0
24,3,Player 082,Team 011,Player 016,Team 008,1,3
24,3,Player 021,Team 011,Player 037,Team 008,3,1
24,3,Player 021,Team 011,Player 077,Team 008,1,3
24,3,Player 021,Team 011,Player 036,Team 008,3,0
24,3,Player 021,Team 011,Player 016,Team 008,0,3
24,4,Player 004,Team 004,Player 071,Team 014,3,0
24,4,Player 004,Team 004,Player 031,Team 014,3,0
24,4,Player 004,Team 004,Player 084,Team 014,3,2
24,4,Player 004,Team 004,Player 044,Team 014,3,0
24,4,Player 017,Team 004,Player 071,Team 014,3,0
24,4,Player 017,Team 004,Player 031,Team 014,3,1
24,4,Player 017,Team 004,Player 084,Team 014,3,0
24,4,Player 017,Team 004,Player 044,Team 014,3,0
24,4,Player 018,Team 004,Player 071,Team 014,0,3
24,4,Player 018,Team 004,Player 031,Team 014,3,2
24,4,Player 018,Team 004,Player 084,Team 014,0,3
24,4,Player 018,Team 004,Player 044,Team 014,3,1
24,4,Player 075,Team 004,Player 071,Team 014,0,3
24,4,Player 075,Team 004,Player 031,Team 014,0,3
24,4,Player 075,Team 004,Player 084,Team 014,3,0
24,4,Player 075,Team 004,Player 044,Team 014,3,0
24,5,Player 008,Team 003,Player 028,Team 012,1,3
24,5,Player 008,Team 003,Player 025,Team 012,3,1
24,5,Player 008,Team 003,Player 039,Team 012,0,3
24,5,Player 008,Team 003,Player 083,Team 012,3,0
24,5,Player 067,Team 003,Player 028,Team 012,3,2
24,5,Player 067,Team 003,Player 025,Team 012,3,0
24,5,Player 067,Team 003,Player 039,Team 012,3,0
24,5,Player 067,Team 003,Player 083,Team 012,3,0
24,5,Player 003,Team 003,Player 028,Team 012,2,3
24,5,Player 003,Team 003,Player 025,Team 012,3,2
24,5,Player 003,Team 003,Player 039,Team 012,3,2
24,5,Player 003,Team 003,Player 083,Team 012,3,0
24,5,Player 125,Team 003,Player 028,Team 012,0,3
24,5,Player 125,Team 003,Player 025,Team 012,1,3
24,5,Player 125,Team 003,Player 039,Team 012,2,3
24,5,Player 125,Team 003,Player 083,Team 012,0,3
24,6,Player 058,Team 009,Player 040,Team 005,0,3
24,6,Player 058,Team 009,Player 061,Team 005,0,3
24,6,Player 058,Team 009,Player 012,Team 005,0,3
24,6,Player 058,Team 009,Player 038,Team 005,0,3
24,6,Player 080,Team 009,Player 040,Team 005,1,3
24,6,Player 080,Team 009,Player 061,Team 005,3,0
24,6,Player 080,Team 009,Player 012,Team 005,0,3
24,6,Player 080,Team 009,Player 038,Team 005,0,3
24,6,Player 079,Team 009,Player 040,Team 005,3,0
24,6,Player 079,Team 009,Player 061,Team 005,3,1
24,6,Player 079,Team 009,Player 012,Team 005,0,3
24,6,Player 079,Team 009,Player 038,Team 005,2,3
24,6,(játék nélkül),Team 009,Player 040,Team 005,0,3
24,6,(játék nélkül),Team 009,Player 061,Team 005,0,3
24,6,(játék nélkül),Team 009,Player 012,Team 005,0,3
24,6,(játék nélkül),Team 009,Player 038,Team 005,0,3
24,7,Player 086,Team 016,Player 076,Team 001,0,3
24,7,Player 086,Team 016,Player 100,Team 001,0,3
24,7,Player 086,Team 016,Player 101,Team 001,0,3
24,7,Player 086,Team 016,Player 122,Team 001,0,3
24,7,Player 087,Team 016,Player 076,Team 001,0,3
24,7,Player 087,Team 016,Player 100,Team 001,0,3
24,7,Player 087,Team 016,Player 101,Team 001,3,1
24,7,Player 087,Team 016,Player 122,Team 001,0,3
24,7,Player 085,Team 016,Player 076,Team 001,0,3
24,7,Player 085,Team 016,Player 100,Team 001,0,3
24,7,Player 085,Team 016,Player 101,Team 001,2,3
24,7,Player 085,Team 016,Player 122,Team 001,0,3
24,7,Player 057,Team 016,Player 076,Team 001,0,3
24,7,Player 057,Team 016,Player 100,Team 001,0,3
24,7,Player 057,Team 016,Player 101,Team 001,2,3
24,7,Player 057,Team 016,Player 122,Team 001,1,3
24,8,Player 029,Team 013,Player 046,Team 015,3,2
24,8,Player 029,Team 013,Player 048,Team 015,3,1
24,8,Player 029,Team 013,Player 056,Team 015,3,1
24,8,Player 029,Team 013,Player 047,Team 015,0,3
24,8,Player 051,Team 013,Player 046,Team 015,1,3
24,8,Player 051,Team 013,Player 048,Team 015,0,3
24,8,Player 051,Team 013,Player 056,Team 015,0,3
24,8,Player 051,Team 013,Player 047,Team 015,0,3
24,8,Player 113,Team 013,Player 046,Team 015,0,3
24,8,Player 113,Team 013,Player 048,Team 015,0,3
24,8,Player 113,Team 013,Player 056,Team 015,0,3
24,8,Player 113,Team 013,Player 047,Team 015,0,3
24,8,(játék nélkül),Team 013,Player 046,Team 015,0,3
24,8,(játék nélkül),Team 013,Player 048,Team 015,0,3
24,8,(játék nélkül),Team 013,Player 056,Team 015,0,3
24,8,(játék nélkül),Team 013,Player 047,Team 015,0,3
25,1,Player 064,Team 010,Player 075,Team 004,0,3
25,1,Player 064,Team 010,Player 004,Team 004,0,3
25,1,Player 064,Team 010,Player 018,Team 004,0,3
25,1,Player 064,Team 010,Player 017,Team 004,0,3
25,1,Player 063,Team 010,Player 075,Team 004,0,3
25,1,Player 063,Team 010,Player 004,Team 004,0,3
25,1,Player 063,Team 010,Player 018,Team 004,0,3
25,1,Player 063,Team 010,Player 017,Team 004,0,3
25,1,Player 103,Team 010,Player 075,Team 004,2,3
25,1,Player 103,Team 010,Player 004,Team 004,0,3
25,1,Player 103,Team 010,Player 018,Team 004,0,3
25,1,Player 103,Team 010,Player 017,Team 004,0,3
25,1,Player 024,Team 010,Player 075,Team 004,3,0
25,1,Player 024,Team 010,Player 004,Team 004,0,3
25,1,Player 024,Team 010,Player 018,Team 004,1,3
25,1,Player 024,Team 010,Player 017,Team 004,1,3
25,2,Player 010,Team 006,Player 003,Team 003,0,3
25,2,Player 010,Team 006,Player 067,Team 003,0,3
25,2,Player 010,Team 006,Player 125,Team 003,3,0
25,2,Player 010,Team 006,Player 008,Team 003,2,3
25,2,Player 102,Team 006,Player 003,Team 003,0,3
25,2,Player 102,Team 006,Player 067,Team 003,0,3
25,2,Player 102,Team 006,Player 125,Team 003,3,1
25,2,Player 102,Team 006,Player 008,Team 003,0,3
25,2,Player 032,Team 006,Player 003,Team 003,3,2
25,2,Player 032,Team 006,Player 067,Team 003,0,3
25,2,Player 032,Team 006,Player 125,Team 003,2,3
25,2,Player 032,Team 006,Player 008,Team 003,2,3
25,2,Player 094,Team 006,Player 003,Team 003,0,3
25,2,Player 094,Team 006,Player 067,Team 003,0,3
25,2,Player 094,Team 006,Player 125,Team 003,0,3
25,2,Player 094,Team 006,Player 008,Team 003,0,3
25,3,Player 001,Team 001,Player 021,Team 011,3,1
25,3,Player 001,Team 001,Player 072,Team 011,3,1
25,3,Player 001,Team 001,Player 022,Team 011,3,0
25,3,Player 001,Team 001,Player 082,Team 011,3,0
25,3,Player 007,Team 001,Player 021,Team 011,3,0
25,3,Player 007,Team 001,Player 072,Team 011,3,1
25,3,Player 007,Team 001,Player 022,Team 011,3,0
25,3,Player 007,Team 001,Player 082,Team 011,3,0
25,3,Player 100,Team 001,Player 021,Team 011,3,1
25,3,Player 100,Team 001,Player 072,Team 011,3,1
25,3,Player 100,Team 001,Player 022,Team 011,3,0
25,3,Player 100,Team 001,Player 082,Team 011,3,0
25,3,Player 013,Team 001,Player 021,Team 011,3,0
25,3,Player 013,Team 001,Player 072,Team 011,3,0
25,3,Player 013,Team 001,Player 022,Team 011,3,1
25,3,Player 013,Team 001,Player 082,Team 011,3,1
25,4,Player 048,Team 015,Player 071,Team 014,0,3
25,4,Player 048,Team 015,Player 031,Team 014,1,3
25,4,Player 048,Team 015,Player 043,Team 014,2,3
25,4,Player 048,Team 015,Player 084,Team 014,2,3
25,4,Player 047,Team 015,Player 071,Team 014,0,3
25,4,Player 047,Team 015,Player 031,Team 014,1,3
25,4,Player 047,Team 015,Player 043,Team 014,1,3
25,4,Player 047,Team 015,Player 084,Team 014,3,1
25,4,Player 046,Team 015,Player 071,Team 014,3,2
25,4,Player 046,Team 015,Player 031,Team 014,1,3
25,4,Player 046,Team 015,Player 043,Team 014,3,0
25,4,Player 046,Team 015,Player 084,Team 014,0,3
25,4,Player 056,Team 015,Player 071,Team 014,0,3
25,4,Player 056,Team 015,Player 031,Team 014,1,3
25,4,Player 056,Team 015,Player 043,Team 014,0,3
25,4,Player 056,Team 015,Player 084,Team 014,1,3
25,5,Player 035,Team 008,Player 118,Team 007,1,3
25,5,Player 035,Team 008,Player 034,Team 007,3,1
25,5,Player 035,Team 008,Player 026,Team 007,0,3
25,5,Player 035,Team 008,Player 116,Team 007,0,3
25,5,Player 077,Team 008,Player 118,Team 007,1,3
25,5,Player 077,Team 008,Player 034,Team 007,3,2
25,5,Player 077,Team 008,Player 026,Team 007,2,3
25,5,Player 077,Team 008,Player 116,Team 007,0,3
25,5,Player 037,Team 008,Player 118,Team 007,0,3
25,5,Player 037,Team 008,Player 034,Team 007,3,0
25,5,Player 037,Team 008,Player 026,Team 007,2,3
25,5,Player 037,Team 008,Player 116,Team 007,1,3
25,5,Player 016,Team 008,Player 118,Team 007,3,0
25,5,Player 016,Team 008,Player 034,Team 007,3,1
25,5,Player 016,Team 008,Player 116,Team 007,3,1
25,5,Player 108,Team 008,Player 026,Team 007,0,3
25,6,Player 038,Team 005,Player 041,Team 002,3,2
25,6,Player 038,Team 005,Player 078,Team 002,3,0
25,6,Player 038,Team 005,Player 054,Team 002,3,0
25,6,Player 038,Team 005,Player 002,Team 002,0,3
25,6,Player 061,Team 005,Player 041,Team 002,3,0
25,6,Player 061,Team 005,Player 078,Team 002,3,0
25,6,Player 061,Team 005,Player 054,Team 002,3,1
25,6,Player 061,Team 005,Player 002,Team 002,0,3
25,6,Player 012,Team 005,Player 041,Team 002,3,0
25,6,Player 012,Team 005,Player 078,Team 002,3,0
25,6,Player 012,Team 005,Player 054,Team 002,3,0
25,6,Player 012,Team 005,Player 002,Team 002,3,1
25,6,Player 006,Team 005,Player 041,Team 002,3,2
25,6,Player 006,Team 005,Player 078,Team 002,3,1
25,6,Player 006,Team 005,Player 054,Team 002,3,0
25,6,Player 006,Team 005,Player 002,Team 002,3,2
25,7,Player 039,Team 012,Player 085,Team 016,3,0
25,7,Player 039,Team 012,Player 087,Team 016,3,0
25,7,Player 039,Team 012,Player 057,Team 016,3,0
25,7,Player 039,Team 012,Player 086,Team 016,3,0
25,7,Player 124,Team 012,Player 087,Team 016,0,3
25,7,Player 124,Team 012,Player 057,Team 016,0,3
25,7,Player 109,Team 012,Player 085,Team 016,0,3
25,7,Player 109,Team 012,Player 087,Team 016,3,1
25,7,Player 109,Team 012,Player 057,Team 016,3,0
25,7,Player 109,Team 012,Player 059,Team 016,3,1
25,7,Player 121,Team 012,Player 085,Team 016,1,3
25,7,Player 121,Team 012,Player 087,Team 016,0,3
25,7,Player 121,Team 012,Player 057,Team 016,0,3
25,7,Player 121,Team 012,Player 059,Team 016,0,3
25,7,Player 028,Team 012,Player 085,Team 016,1,3
25,7,Player 028,Team 012,Player 086,Team 016,3,0
25,8,Player 052,Team 013,Player 029,Team 009,3,2
25,8,Player 052,Team 013,Player 080,Team 009,3,0
25,8,Player 052,Team 013,Player 120,Team 009,3,0
25,8,Player 052,Team 013,Player 079,Team 009,3,0
25,8,Player 029,Team 013,Player 029,Team 009,3,0
25,8,Player 029,Team 013,Player 080,Team 009,3,2
25,8,Player 029,Team 013,Player 120,Team 009,3,1
25,8,Player 029,Team 013,Player 079,Team 009,3,0
25,8,Player 051,Team 013,Player 029,Team 009,0,3
25,8,Player 051,Team 013,Player 080,Team 009,0,3
25,8,Player 051,Team 013,Player 120,Team 009,0,3
25,8,Player 051,Team 013,Player 079,Team 009,0,3
25,8,Player 066,Team 013,Player 029,Team 009,3,0
25,8,Player 066,Team 013,Player 080,Team 009,3,0
25,8,Player 066,Team 013,Player 120,Team 009,3,1
25,8,Player 066,Team 013,Player 079,Team 009,3,1
26,1,Player 071,Team 014,Player 064,Team 010,3,0
26,1,Player 071,Team 014,Player 103,Team 010,3,0
26,1,Player 071,Team 014,Player 024,Team 010,3,1
26,1,Player 071,Team 014,Player 063,Team 010,3,0
26,1,Player 043,Team 014,Player 064,Team 010,3,0
26,1,Player 043,Team 014,Player 103,Team 010,3,0
26,1,Player 043,Team 014,Player 024,Team 010,1,3
26,1,Player 043,Team 014,Player 063,Team 010,3,0
26,1,Player 084,Team 014,Player 064,Team 010,3,0
26,1,Player 084,Team 014,Player 103,Team 010,2,3
26,1,Player 084,Team 014,Player 024,Team 010,0,3
26,1,Player 084,Team 014,Player 063,Team 010,3,0
26,1,Player 031,Team 014,Player 064,Team 010,3,0
26,1,Player 031,Team 014,Player 103,Team 010,3,0
26,1,Player 031,Team 014,Player 024,Team 010,3,0
26,1,Player 031,Team 014,Player 063,Team 010,3,0
26,2,Player 041,Team 002,Player 051,Team 013,3,1
26,2,Player 041,Team 002,Player 113,Team 013,3,0
26,2,Player 041,Team 002,Player 029,Team 013,1,3
26,2,Player 041,Team 002,(játék nélkül),Team 013,3,0
26,2,Player 053,Team 002,Player 051,Team 013,3,0
26,2,Player 053,Team 002,Player 113,Team 013,3,2
26,2,Player 053,Team 002,Player 029,Team 013,0,3
26,2,Player 053,Team 002,(játék nélkül),Team 013,3,0
26,2,Player 002,Team 002,Player 051,Team 013,3,0
26,2,Player 002,Team 002,Player 113,Team 013,3,0
26,2,Player 002,Team 002,Player 029,Team 013,2,3
26,2,Player 002,Team 002,(játék nélkül),Team 013,3,0
26,2,Player 078,Team 002,Player 051,Team 013,0,3
26,2,Player 078,Team 002,Player 113,Team 013,2,3
26,2,Player 078,Team 002,Player 029,Team 013,0,3
26,2,Player 078,Team 002,(játék nélkül),Team 013,3,0
26,3,Player 021,Team 011,Player 028,Team 012,3,2
26,3,Player 021,Team 011,Player 025,Team 012,3,2
26,3,Player 021,Team 011,Player 039,Team 012,3,0
26,3,Player 021,Team 011,Player 083,Team 012,3,0
26,3,Player 072,Team 011,Player 028,Team 012,3,1
26,3,Player 072,Team 011,Player 025,Team 012,3,1
26,3,Player 072,Team 011,Player 039,Team 012,3,2
26,3,Player 072,Team 011,Player 083,Team 012,3,1
26,3,Player 023,Team 011,Player 028,Team 012,0,3
26,3,Player 023,Team 011,Player 025,Team 012,0,3
26,3,Player 023,Team 011,Player 039,Team 012,3,2
26,3,Player 023,Team 011,Player 083,Team 012,2,3
26,3,Player 082,Team 011,Player 028,Team 012,0,3
26,3,Player 082,Team 011,Player 025,Team 012,1,3
26,3,Player 082,Team 011,Player 039,Team 012,2,3
26,3,Player 082,Team 011,Player 083,Team 012,1,3
26,4,Player 017,Team 004,Player 077,Team 008,2,3
26,4,Player 017,Team 004,Player 037,Team 008,1,3
26,4,Player 017,Team 004,Player 036,Team 008,0,3
26,4,Player 017,Team 004,Player 016,Team 008,3,1
26,4,Player 004,Team 004,Player 077,Team 008,3,0
26,4,Player 004,Team 004,Player 037,Team 008,3,2
26,4,Player 004,Team 004,Player 036,Team 008,3,1
26,4,Player 004,Team 004,Player 016,Team 008,3,1
26,4,Player 018,Team 004,Player 077,Team 008,0,3
26,4,Player 018,Team 004,Player 037,Team 008,1,3
26,4,Player 018,Team 004,Player 036,Team 008,3,2
26,4,Player 018,Team 004,Player 016,Team 008,3,1
26,4,Player 009,Team 004,Player 077,Team 008,3,1
26,4,Player 009,Team 004,Player 037,Team 008,3,2
26,4,Player 009,Team 004,Player 036,Team 008,3,0
26,4,Player 009,Team 004,Player 016,Team 008,3,1
26,5,Player 118,Team 007,Player 013,Team 001,1,3
26,5,Player 118,Team 007,Player 100,Team 001,1,3
26,5,Player 118,Team 007,Player 007,Team 001,1,3
26,5,Player 118,Team 007,Player 076,Team 001,1,3
26,5,Player 034,Team 007,Player 013,Team 001,1,3
26,5,Player 034,Team 007,Player 100,Team 001,0,3
26,5,Player 034,Team 007,Player 007,Team 001,0,3
26,5,Player 034,Team 007,Player 076,Team 001,0,3
26,5,Player 098,Team 007,Player 013,Team 001,0,3
26,5,Player 098,Team 007,Player 100,Team 001,0,3
26,5,Player 098,Team 007,Player 007,Team 001,0,3
26,5,Player 098,Team 007,Player 076,Team 001,0,3
26,5,Player 026,Team 007,Player 013,Team 001,3,2
26,5,Player 026,Team 007,Player 100,Team 001,2,3
26,5,Player 026,Team 007,Player 007,Team 001,0,3
26,5,Player 026,Team 007,Player 076,Team 001,3,2
26,6,Player 029,Team 009,Player 048,Team 015,3,1
26,6,Player 029,Team 009,Player 047,Team 015,0,3
26,6,Player 029,Team 009,Player 046,Team 015,0,3
26,6,Player 029,Team 009,Player 056,Team 015,2,3
26,6,Player 081,Team 009,Player 048,Team 015,1,3
26,6,Player 081,Team 009,Player 047,Team 015,2,3
26,6,Player 081,Team 009,Player 046,Team 015,1,3
26,6,Player 081,Team 009,Player 056,Team 015,0,3
26,6,Player 058,Team 009,Player 048,Team 015,0,3
26,6,Player 058,Team 009,Player 047,Team 015,1,3
26,6,Player 058,Team 009,Player 046,Team 015,0,3
26,6,Player 058,Team 009,Player 056,Team 015,0,3
26,6,Player 080,Team 009,Player 048,Team 015,3,0
26,6,Player 080,Team 009,Player 047,Team 015,0,3
26,6,Player 080,Team 009,Player 046,Team 015,1,3
26,6,Player 080,Team 009,Player 056,Team 015,0,3
26,7,Player 005,Team 003,Player 104,Team 005,3,0
26,7,Player 005,Team 003,Player 012,Team 005,0,3
26,7,Player 005,Team 003,Player 006,Team 005,1,3
26,7,Player 005,Team 003,Player 040,Team 005,0,3
26,7,Player 067,Team 003,Player 104,Team 005,3,0
26,7,Player 067,Team 003,Player 012,Team 005,2,3
26,7,Player 067,Team 003,Player 006,Team 005,1,3
26,7,Player 067,Team 003,Player 040,Team 005,3,0
26,7,Player 003,Team 003,Player 104,Team 005,3,0
26,7,Player 003,Team 003,Player 012,Team 005,1,3
26,7,Player 003,Team 003,Player 006,Team 005,0,3
26,7,Player 003,Team 003,Player 040,Team 005,3,1
26,7,Player 125,Team 003,Player 104,Team 005,3,0
26,7,Player 125,Team 003,Player 012,Team 005,3,2
26,7,Player 125,Team 003,Player 006,Team 005,1,3
26,7,Player 125,Team 003,Player 040,Team 005,3,2
26,8,Player 034,Team 007,Player 057,Team 016,3,2
26,8,Player 034,Team 007,Player 087,Team 016,3,1
26,8,Player 034,Team 007,Player 085,Team 016,0,3
26,8,Player 034,Team 007,Player 059,Team 016,3,1
26,8,Player 049,Team 007,Player 057,Team 016,0,3
26,8,Player 049,Team 007,Player 087,Team 016,0,3
26,8,Player 049,Team 007,Player 085,Team 016,2,3
26,8,Player 049,Team 007,Player 059,Team 016,0,3
26,8,Player 093,Team 007,Player 057,Team 016,3,2
26,8,Player 093,Team 007,Player 087,Team 016,2,3
26,8,Player 093,Team 007,Player 085,Team 016,0,3
26,8,Player 093,Team 007,Player 086,Team 016,3,0
26,8,Player 118,Team 007,Player 057,Team 016,3,2
26,8,Player 118,Team 007,Player 087,Team 016,3,0
26,8,Player 118,Team 007,Player 085,Team 016,3,0
26,8,Player 118,Team 007,Player 086,Team 016,3,0
26,9,Player 086,Team 016,Player 010,Team 006,0,3
26,9,Player 086,Team 016,Player 030,Team 006,3,2
26,9,Player 059,Team 016,Player 010,Team 006,0,3
26,9,Player 059,Team 016,Player 030,Team 006,3,0
26,9,Player 059,Team 016,Player 032,Team 006,3,1
26,9,Player 059,Team 016,Player 073,Team 006,2,3
26,9,Player 087,Team 016,Player 010,Team 006,0,3
26,9,Player 087,Team 016,Player 030,Team 006,3,0
26,9,Player 087,Team 016,Player 032,Team 006,3,2
26,9,Player 087,Team 016,Player 073,Team 006,3,2
26,9,Player 085,Team 016,Player 010,Team 006,3,0
26,9,Player 085,Team 016,Player 030,Team 006,3,0
26,9,Player 085,Team 016,Player 032,Team 006,3,2
26,9,Player 085,Team 016,Player 073,Team 006,3,2
26,9,Player 057,Team 016,Player 032,Team 006,1,3
26,9,Player 057,Team 016,Player 073,Team 006,2,3
26,10,Player 052,Team 013,Player 100,Team 001,0,3
26,10,Player 052,Team 013,Player 007,Team 001,0,3
26,10,Player 052,Team 013,Player 001,Team 001,1,3
26,10,Player 052,Team 013,Player 076,Team 001,0,3
26,10,Player 051,Team 013,Player 100,Team 001,0,3
26,10,Player 051,Team 013,Player 007,Team 001,0,3
26,10,Player 051,Team 013,Player 001,Team 001,0,3
26,10,Player 051,Team 013,Player 076,Team 001,0,3
26,10,Player 029,Team 013,Player 100,Team 001,0,3
26,10,Player 029,Team 013,Player 007,Team 001,2,3
26,10,Player 029,Team 013,Player 001,Team 001,0,3
26,10,Player 029,Team 013,Player 076,Team 001,0,3
26,10,Player 113,Team 013,Player 100,Team 001,0,3
26,10,Player 113,Team 013,Player 007,Team 001,0,3
26,10,Player 113,Team 013,Player 001,Team 001,0,3
26,10,Player 113,Team 013,Player 076,Team 001,0,3
27,1,Player 046,Team 015,Player 064,Team 010,3,2
27,1,Player 046,Team 015,Player 103,Team 010,3,0
27,1,Player 046,Team 015,Player 024,Team 010,0,3
27,1,Player 046,Team 015,Player 020,Team 010,1,3
27,1,Player 048,Team 015,Player 064,Team 010,3,0
27,1,Player 048,Team 015,Player 103,Team 010,3,1
27,1,Player 048,Team 015,Player 024,Team 010,1,3
27,1,Player 048,Team 015,Player 020,Team 010,3,0
27,1,Player 047,Team 015,Player 064,Team 010,3,0
27,1,Player 047,Team 015,Player 024,Team 010,3,1
27,1,Player 047,Team 015,Player 020,Team 010,2,3
27,1,Player 047,Team 015,Player 063,Team 010,3,0
27,1,Player 056,Team 015,Player 064,Team 010,3,0
27,1,Player 056,Team 015,Player 024,Team 010,3,1
27,1,Player 056,Team 015,Player 020,Team 010,3,2
27,1,Player 056,Team 015,Player 063,Team 010,3,0
27,2,Player 045,Team 009,Player 041,Team 002,3,2
27,2,Player 045,Team 009,Player 054,Team 002,3,0
27,2,Player 045,Team 009,Player 002,Team 002,0,3
27,2,Player 120,Team 009,Player 041,Team 002,3,1
27,2,Player 120,Team 009,Player 054,Team 002,3,1
27,2,Player 120,Team 009,Player 002,Team 002,1,3
27,2,Player 058,Team 009,Player 041,Team 002,2,3
27,2,Player 058,Team 009,Player 054,Team 002,3,0
27,2,Player 058,Team 009,Player 002,Team 002,0,3
27,3,Player 028,Team 012,Player 118,Team 007,3,1
27,3,Player 028,Team 012,Player 088,Team 007,3,0
27,3,Player 028,Team 012,Player 026,Team 007,3,0
27,3,Player 028,Team 012,Player 034,Team 007,3,0
27,3,Player 025,Team 012,Player 118,Team 007,3,2
27,3,Player 025,Team 012,Player 088,Team 007,3,0
27,3,Player 025,Team 012,Player 026,Team 007,1,3
27,3,Player 025,Team 012,Player 034,Team 007,3,1
27,3,Player 083,Team 012,Player 118,Team 007,3,1
27,3,Player 083,Team 012,Player 088,Team 007,3,0
27,3,Player 083,Team 012,Player 026,Team 007,0,3
27,3,Player 083,Team 012,Player 034,Team 007,1,3
27,3,Player 039,Team 012,Player 118,Team 007,3,0
27,3,Player 039,Team 012,Player 088,Team 007,3,0
27,3,Player 039,Team 012,Player 026,Team 007,1,3
27,3,Player 039,Team 012,Player 034,Team 007,3,1
27,4,Player 073,Team 006,Player 021,Team 011,0,3
27,4,Player 073,Team 006,Player 072,Team 011,1,3
27,4,Player 073,Team 006,Player 082,Team 011,1,3
27,4,Player 073,Team 006,Player 022,Team 011,1,3
27,4,Player 032,Team 006,Player 021,Team 011,0,3
27,4,Player 032,Team 006,Player 072,Team 011,0,3
27,4,Player 032,Team 006,Player 082,Team 011,2,3
27,4,Player 032,Team 006,Player 022,Team 011,1,3
27,4,Player 030,Team 006,Player 021,Team 011,0,3
27,4,Player 030,Team 006,Player 072,Team 011,0,3
27,4,Player 030,Team 006,Player 082,Team 011,0,3
27,4,Player 030,Team 006,Player 022,Team 011,0,3
27,4,Player 102,Team 006,Player 021,Team 011,3,1
27,4,Player 102,Team 006,Player 072,Team 011,0,3
27,4,Player 102,Team 006,Player 082,Team 011,1,3
27,4,Player 102,Team 006,Player 022,Team 011,1,3
27,5,Player 100,Team 001,Player 004,Team 004,3,0
27,5,Player 100,Team 001,Player 018,Team 004,3,0
27,5,Player 100,Team 001,Player 017,Team 004,3,0
27,5,Player 100,Team 001,Player 009,Team 004,3,0
27,5,Player 101,Team 001,Player 004,Team 004,2,3
27,5,Player 101,Team 001,Player 018,Team 004,3,2
27,5,Player 101,Team 001,Player 017,Team 004,0,3
27,5,Player 101,Team 001,Player 009,Team 004,0,3
27,5,Player 013,Team 001,Player 004,Team 004,3,2
27,5,Player 013,Team 001,Player 018,Team 004,3,0
27,5,Player 013,Team 001,Player 017,Team 004,3,1
27,5,Player 013,Team 001,Player 009,Team 004,3,1
27,5,Player 069,Team 001,Player 004,Team 004,3,0
27,5,Player 069,Team 001,Player 018,Team 004,3,0
27,5,Player 069,Team 001,Player 017,Team 004,3,1
27,5,Player 069,Team 001,Player 009,Team 004,3,0
27,6,Player 035,Team 008,Player 071,Team 014,0,3
27,6,Player 035,Team 008,Player 084,Team 014,3,2
27,6,Player 077,Team 008,Player 071,Team 014,1,3
27,6,Player 077,Team 008,Player 084,Team 014,3,1
27,6,Player 077,Team 008,Player 042,Team 014,3,1
27,6,Player 077,Team 008,(játék nélkül),Team 014,3,0
27,6,Player 037,Team 008,Player 071,Team 014,2,3
27,6,Player 037,Team 008,Player 084,Team 014,3,2
27,6,Player 037,Team 008,Player 042,Team 014,3,0
27,6,Player 037,Team 008,(játék nélkül),Team 014,3,0
27,6,Player 016,Team 008,Player 071,Team 014,2,3
27,6,Player 016,Team 008,Player 084,Team 014,3,1
27,6,Player 016,Team 008,Player 042,Team 014,3,2
27,6,Player 016,Team 008,(játék nélkül),Team 014,3,0
27,6,Player 036,Team 008,Player 042,Team 014,2,3
27,6,Player 036,Team 008,(játék nélkül),Team 014,3,0
27,7,Player 038,Team 005,Player 086,Team 016,3,1
27,7,Player 038,Team 005,Player 057,Team 016,3,1
27,7,Player 038,Team 005,Player 087,Team 016,2,3
27,7,Player 038,Team 005,Player 085,Team 016,0,3
27,7,Player 091,Team 005,Player 086,Team 016,3,1
27,7,Player 091,Team 005,Player 057,Team 016,3,2
27,7,Player 091,Team 005,Player 087,Team 016,0,3
27,7,Player 091,Team 005,Player 085,Team 016,3,2
27,7,Player 040,Team 005,Player 086,Team 016,3,0
27,7,Player 040,Team 005,Player 057,Team 016,3,1
27,7,Player 040,Team 005,Player 087,Team 016,2,3
27,7,Player 040,Team 005,Player 085,Team 016,3,2
27,7,Player 012,Team 005,Player 086,Team 016,3,0
27,7,Player 012,Team 005,Player 057,Team 016,3,0
27,7,Player 012,Team 005,Player 087,Team 016,3,1
27,7,Player 012,Team 005,Player 085,Team 016,3,1
27,8,Player 052,Team 013,Player 005,Team 003,3,1
27,8,Player 052,Team 013,Player 067,Team 003,3,2
27,8,Player 052,Team 013,Player 125,Team 003,2,3
27,8,Player 052,Team 013,Player 003,Team 003,1,3
27,8,Player 051,Team 013,Player 005,Team 003,1,3
27,8,Player 051,Team 013,Player 067,Team 003,0,3
27,8,Player 051,Team 013,Player 125,Team 003,0,3
27,8,Player 051,Team 013,Player 003,Team 003,1,3
27,8,Player 029,Team 013,Player 005,Team 003,3,0
27,8,Player 029,Team 013,Player 067,Team 003,0,3
27,8,Player 029,Team 013,Player 125,Team 003,2,3
27,8,Player 029,Team 013,Player 003,Team 003,1,3
27,8,(játék nélkül),Team 013,Player 005,Team 003,0,3
27,8,(játék nélkül),Team 013,Player 067,Team 003,0,3
27,8,(játék nélkül),Team 013,Player 125,Team 003,0,3
27,8,(játék nélkül),Team 013,Player 003,Team 003,0,3
28,1,Player 114,Team 010,Player 035,Team 008,1,3
28,1,Player 114,Team 010,Player 060,Team 008,0,3
28,1,Player 114,Team 010,Player 037,Team 008,0,3
28,1,Player 114,Team 010,Player 036,Team 008,1,3
28,1,Player 063,Team 010,Player 035,Team 008,0,3
28,1,Player 063,Team 010,Player 060,Team 008,1,3
28,1,Player 063,Team 010,Player 037,Team 008,1,3
28,1,Player 063,Team 010,Player 036,Team 008,0,3
28,1,Player 103,Team 010,Player 035,Team 008,0,3
28,1,Player 103,Team 010,Player 060,Team 008,0,3
28,1,Player 103,Team 010,Player 037,Team 008,0,3
28,1,Player 103,Team 010,Player 036,Team 008,0,3
28,1,Player 024,Team 010,Player 035,Team 008,0,3
28,1,Player 024,Team 010,Player 060,Team 008,3,0
28,1,Player 024,Team 010,Player 037,Team 008,2,3
28,1,Player 024,Team 010,Player 036,Team 008,3,2
28,2,Player 078,Team 002,Player 056,Team 015,0,3
28,2,Player 078,Team 002,Player 112,Team 015,1,3
28,2,Player 078,Team 002,Player 047,Team 015,1,3
28,2,Player 078,Team 002,Player 046,Team 015,0,3
28,2,Player 053,Team 002,Player 056,Team 015,0,3
28,2,Player 053,Team 002,Player 112,Team 015,3,1
28,2,Player 053,Team 002,Player 047,Team 015,0,3
28,2,Player 053,Team 002,Player 046,Team 015,2,3
28,2,Player 054,Team 002,Player 056,Team 015,0,3
28,2,Player 054,Team 002,Player 112,Team 015,0,3
28,2,Player 054,Team 002,Player 047,Team 015,0,3
28,2,Player 054,Team 002,Player 046,Team 015,0,3
28,2,Player 002,Team 002,Player 056,Team 015,3,0
28,2,Player 002,Team 002,Player 112,Team 015,3,0
28,2,Player 002,Team 002,Player 047,Team 015,3,1
28,2,Player 002,Team 002,Player 046,Team 015,2,3
28,3,Player 004,Team 004,Player 028,Team 012,2,3
28,3,Player 004,Team 004,Player 039,Team 012,3,0
28,3,Player 004,Team 004,Player 025,Team 012,3,0
28,3,Player 004,Team 004,Player 083,Team 012,3,1
28,3,Player 018,Team 004,Player 028,Team 012,0,3
28,3,Player 018,Team 004,Player 039,Team 012,2,3
28,3,Player 018,Team 004,Player 025,Team 012,0,3
28,3,Player 018,Team 004,Player 083,Team 012,0,3
28,3,Player 075,Team 004,Player 028,Team 012,1,3
28,3,Player 075,Team 004,Player 039,Team 012,0,3
28,3,Player 075,Team 004,Player 025,Team 012,3,2
28,3,Player 075,Team 004,Player 083,Team 012,1,3
28,3,Player 009,Team 004,Player 028,Team 012,3,1
28,3,Player 009,Team 004,Player 039,Team 012,2,3
28,3,Player 009,Team 004,Player 025,Team 012,3,0
28,3,Player 009,Team 004,Player 083,Team 012,3,0
28,4,Player 088,Team 007,Player 010,Team 006,0,3
28,4,Player 088,Team 007,Player 032,Team 006,0,3
28,4,Player 088,Team 007,Player 030,Team 006,3,0
28,4,Player 088,Team 007,Player 073,Team 006,0,3
28,4,Player 049,Team 007,Player 010,Team 006,0,3
28,4,Player 049,Team 007,Player 032,Team 006,1,3
28,4,Player 049,Team 007,Player 030,Team 006,3,0
28,4,Player 049,Team 007,Player 073,Team 006,3,1
28,4,Player 026,Team 007,Player 010,Team 006,3,0
28,4,Player 026,Team 007,Player 032,Team 006,3,0
28,4,Player 026,Team 007,Player 030,Team 006,3,1
28,4,Player 026,Team 007,Player 073,Team 006,3,1
28,4,Player 034,Team 007,Player 010,Team 006,0,3
28,4,Player 034,Team 007,Player 032,Team 006,3,0
28,4,Player 034,Team 007,Player 030,Team 006,3,0
28,4,Player 034,Team 007,Player 073,Team 006,2,3
28,5,Player 043,Team 014,Player 001,Team 001,0,3
28,5,Player 043,Team 014,Player 069,Team 001,0,3
28,5,Player 043,Team 014,Player 076,Team 001,2,3
28,5,Player 043,Team 014,Player 013,Team 001,1,3
28,5,Player 031,Team 014,Player 001,Team 001,0,3
28,5,Player 031,Team 014,Player 069,Team 001,0,3
28,5,Player 031,Team 014,Player 076,Team 001,2,3
28,5,Player 031,Team 014,Player 013,Team 001,2,3
28,5,Player 095,Team 014,Player 001,Team 001,3,1
28,5,Player 095,Team 014,Player 069,Team 001,0,3
28,5,Player 095,Team 014,Player 076,Team 001,1,3
28,5,Player 095,Team 014,Player 013,Team 001,1,3
28,5,Player 084,Team 014,Player 001,Team 001,1,3
28,5,Player 084,Team 014,Player 069,Team 001,0,3
28,5,Player 084,Team 014,Player 076,Team 001,2,3
28,5,Player 084,Team 014,Player 013,Team 001,0,3
28,6,Player 125,Team 003,Player 045,Team 009,3,0
28,6,Player 125,Team 003,Player 058,Team 009,3,0
28,6,Player 125,Team 003,Player 079,Team 009,3,2
28,6,Player 125,Team 003,(játék nélkül),Team 009,3,0
28,6,Player 067,Team 003,Player 045,Team 009,3,0
28,6,Player 067,Team 003,Player 058,Team 009,3,0
28,6,Player 067,Team 003,Player 079,Team 009,3,0
28,6,Player 067,Team 003,(játék nélkül),Team 009,3,0
28,6,Player 003,Team 003,Player 045,Team 009,3,0
28,6,Player 003,Team 003,Player 058,Team 009,3,0
28,6,Player 003,Team 003,Player 079,Team 009,3,1
28,6,Player 003,Team 003,(játék nélkül),Team 009,3,0
28,6,Player 008,Team 003,Player 045,Team 009,3,0
28,6,Player 008,Team 003,Player 058,Team 009,3,0
28,6,Player 008,Team 003,Player 079,Team 009,3,0
28,6,Player 008,Team 003,(játék nélkül),Team 009,3,0
28,7,Player 022,Team 011,Player 040,Team 005,3,0
28,7,Player 022,Team 011,Player 012,Team 005,0,3
28,7,Player 022,Team 011,Player 006,Team 005,0,3
28,7,Player 022,Team 011,Player 061,Team 005,1,3
28,7,Player 082,Team 011,Player 040,Team 005,3,0
28,7,Player 082,Team 011,Player 012,Team 005,0,3
28,7,Player 082,Team 011,Player 006,Team 005,0,3
28,7,Player 082,Team 011,Player 061,Team 005,3,0
28,7,Player 021,Team 011,Player 040,Team 005,3,1
28,7,Player 021,Team 011,Player 012,Team 005,1,3
28,7,Player 021,Team 011,Player 006,Team 005,1,3
28,7,Player 021,Team 011,Player 061,Team 005,3,2
28,7,Player 023,Team 011,Player 040,Team 005,1,3
28,7,Player 023,Team 011,Player 012,Team 005,1,3
28,7,Player 023,Team 011,Player 006,Team 005,1,3
28,7,Player 023,Team 011,Player 061,Team 005,3,0
28,8,Player 085,Team 016,Player 029,Team 013,3,1
28,8,Player 085,Team 016,Player 051,Team 013,3,2
28,8,Player 085,Team 016,Player 052,Team 013,3,2
28,8,Player 085,Team 016,(játék nélkül),Team 013,3,0
28,8,Player 087,Team 016,Player 029,Team 013,0,3
28,8,Player 087,Team 016,Player 051,Team 013,3,0
28,8,Player 087,Team 016,Player 052,Team 013,1,3
28,8,Player 087,Team 016,(játék nélkül),Team 013,3,0
28,8,Player 059,Team 016,Player 029,Team 013,0,3
28,8,Player 059,Team 016,Player 052,Team 013,2,3
28,8,Player 059,Team 016,(játék nélkül),Team 013,3,0
28,8,Player 057,Team 016,Player 029,Team 013,3,1
28,8,Player 057,Team 016,Player 051,Team 013,3,0
28,8,Player 057,Team 016,Player 052,Team 013,1,3
28,8,Player 057,Team 016,(játék nélkül),Team 013,3,0
28,8,Player 086,Team 016,Player 051,Team 013,1,3
29,1,Player 100,Team 001,Player 064,Team 010,3,1
29,1,Player 100,Team 001,Player 063,Team 010,3,0
29,1,Player 100,Team 001,Player 103,Team 010,3,0
29,1,Player 100,Team 001,Player 020,Team 010,3,1
29,1,Player 101,Team 001,Player 064,Team 010,3,0
29,1,Player 101,Team 001,Player 063,Team 010,3,0
29,1,Player 101,Team 001,Player 103,Team 010,3,0
29,1,Player 101,Team 001,Player 020,Team 010,3,0
29,1,Player 050,Team 001,Player 064,Team 010,3,0
29,1,Player 050,Team 001,Player 063,Team 010,3,2
29,1,Player 050,Team 001,Player 103,Team 010,3,1
29,1,Player 050,Team 001,Player 020,Team 010,3,0
29,1,Player 076,Team 001,Player 064,Team 010,3,0
29,1,Player 076,Team 001,Player 063,Team 010,3,0
29,1,Player 076,Team 001,Player 103,Team 010,3,0
29,1,Player 076,Team 001,Player 020,Team 010,3,0
29,2,Player 041,Team 002,Player 008,Team 003,0,3
29,2,Player 041,Team 002,Player 067,Team 003,1,3
29,2,Player 041,Team 002,Player 003,Team 003,2,3
29,2,Player 041,Team 002,Player 125,Team 003,3,2
29,2,Player 078,Team 002,Player 008,Team 003,0,3
29,2,Player 078,Team 002,Player 067,Team 003,0,3
29,2,Player 078,Team 002,Player 003,Team 003,0,3
29,2,Player 078,Team 002,Player 125,Team 003,0,3
29,2,Player 002,Team 002,Player 008,Team 003,3,1
29,2,Player 002,Team 002,Player 067,Team 003,3,0
29,2,Player 002,Team 002,Player 003,Team 003,3,2
29,2,Player 002,Team 002,Player 125,Team 003,3,0
29,2,Player 054,Team 002,Player 008,Team 003,0,3
29,2,Player 054,Team 002,Player 067,Team 003,0,3
29,2,Player 054,Team 002,Player 003,Team 003,0,3
29,2,Player 054,Team 002,Player 125,Team 003,0,3
29,3,Player 039,Team 012,Player 031,Team 014,3,1
29,3,Player 039,Team 012,Player 071,Team 014,3,2
29,3,Player 039,Team 012,Player 044,Team 014,3,2
29,3,Player 039,Team 012,(játék nélkül),Team 014,3,0
29,3,Player 028,Team 012,Player 031,Team 014,2,3
29,3,Player 028,Team 012,Player 071,Team 014,2,3
29,3,Player 028,Team 012,Player 044,Team 014,3,0
29,3,Player 028,Team 012,(játék nélkül),Team 014,3,0
29,3,Player 025,Team 012,Player 031,Team 014,3,2
29,3,Player 025,Team 012,Player 071,Team 014,0,3
29,3,Player 025,Team 012,Player 044,Team 014,3,1
29,3,Player 025,Team 012,(játék nélkül),Team 014,3,0
29,3,Player 083,Team 012,Player 031,Team 014,3,0
29,3,Player 083,Team 012,(játék nélkül),Team 014,3,0
29,3,Player 109,Team 012,Player 071,Team 014,1,3
29,3,Player 109,Team 012,Player 044,Team 014,3,0
29,4,Player 010,Team 006,Player 018,Team 004,3,0
29,4,Player 010,Team 006,Player 075,Team 004,3,0
29,4,Player 010,Team 006,Player 004,Team 004,0,3
29,4,Player 010,Team 006,(játék nélkül),Team 004,3,0
29,4,Player 102,Team 006,Player 018,Team 004,2,3
29,4,Player 102,Team 006,Player 075,Team 004,3,1
29,4,Player 102,Team 006,Player 004,Team 004,0,3
29,4,Player 102,Team 006,(játék nélkül),Team 004,3,0
29,4,Player 032,Team 006,Player 018,Team 004,0,3
29,4,Player 032,Team 006,Player 075,Team 004,1,3
29,4,Player 032,Team 006,Player 004,Team 004,0,3
29,4,Player 032,Team 006,(játék nélkül),Team 004,3,0
29,4,Player 094,Team 006,Player 018,Team 004,0,3
29,4,Player 094,Team 006,(játék nélkül),Team 004,3,0
29,4,Player 073,Team 006,Player 075,Team 004,3,1
29,4,Player 073,Team 006,Player 004,Team 004,0,3
29,5,Player 046,Team 015,Player 037,Team 008,3,0
29,5,Player 046,Team 015,Player 077,Team 008,0,3
29,5,Player 046,Team 015,Player 016,Team 008,3,1
29,5,Player 046,Team 015,Player 036,Team 008,0,3
29,5,Player 048,Team 015,Player 037,Team 008,0,3
29,5,Player 048,Team 015,Player 077,Team 008,2,3
29,5,Player 048,Team 015,Player 016,Team 008,0,3
29,5,Player 048,Team 015,Player 036,Team 008,0,3
29,5,Player 047,Team 015,Player 037,Team 008,3,1
29,5,Player 047,Team 015,Player 077,Team 008,2,3
29,5,Player 047,Team 015,Player 016,Team 008,3,2
29,5,Player 047,Team 015,Player 036,Team 008,3,1
29,5,Player 056,Team 015,Player 037,Team 008,1,3
29,5,Player 056,Team 015,Player 077,Team 008,0,3
29,5,Player 056,Team 015,Player 016,Team 008,2,3
29,5,Player 056,Team 015,Player 036,Team 008,3,0
29,6,Player 061,Team 005,Player 088,Team 007,3,0
29,6,Player 061,Team 005,Player 118,Team 007,1,3
29,6,Player 061,Team 005,Player 026,Team 007,0,3
29,6,Player 061,Team 005,(játék nélkül),Team 007,3,0
29,6,Player 040,Team 005,Player 088,Team 007,3,0
29,6,Player 040,Team 005,Player 118,Team 007,1,3
29,6,Player 040,Team 005,Player 026,Team 007,3,1
29,6,Player 040,Team 005,(játék nélkül),Team 007,3,0
29,6,Player 012,Team 005,Player 088,Team 007,3,0
29,6,Player 012,Team 005,Player 118,Team 007,3,2
29,6,Player 012,Team 005,Player 026,Team 007,3,0
29,6,Player 012,Team 005,(játék nélkül),Team 007,3,0
29,6,Player 006,Team 005,Player 088,Team 007,3,0
29,6,Player 006,Team 005,Player 118,Team 007,3,1
29,6,Player 006,Team 005,Player 026,Team 007,3,2
29,6,Player 006,Team 005,(játék nélkül),Team 007,3,0
29,7,(játék nélkül),Team 009,Player 085,Team 016,0,3
29,7,(játék nélkül),Team 009,Player 087,Team 016,0,3
29,7,(játék nélkül),Team 009,Player 059,Team 016,0,3
29,7,(játék nélkül),Team 009,Player 057,Team 016,0,3
29,7,(játék nélkül),Team 009,Player 085,Team 016,0,3
29,7,(játék nélkül),Team 009,Player 087,Team 016,0,3
29,7,(játék nélkül),Team 009,Player 059,Team 016,0,3
29,7,(játék nélkül),Team 009,Player 057,Team 016,0,3
29,7,(játék nélkül),Team 009,Player 085,Team 016,0,3
29,7,(játék nélkül),Team 009,Player 087,Team 016,0,3
29,7,(játék nélkül),Team 009,Player 059,Team 016,0,3
29,7,(játék nélkül),Team 009,Player 057,Team 016,0,3
29,7,(játék nélkül),Team 009,Player 085,Team 016,0,3
29,7,(játék nélkül),Team 009,Player 087,Team 016,0,3
29,7,(játék nélkül),Team 009,Player 059,Team 016,0,3
29,7,(játék nélkül),Team 009,Player 057,Team 016,0,3
29,8,Player 051,Team 013,Player 082,Team 011,1,3
29,8,Player 051,Team 013,Player 023,Team 011,1,3
29,8,Player 051,Team 013,Player 033,Team 011,3,2
29,8,Player 051,Team 013,Player 072,Team 011,0,3
29,8,Player 119,Team 013,Player 082,Team 011,3,0
29,8,Player 119,Team 013,Player 023,Team 011,3,0
29,8,Player 119,Team 013,Player 033,Team 011,3,0
29,8,Player 119,Team 013,Player 072,Team 011,3,1
29,8,Player 029,Team 013,Player 082,Team 011,1,3
29,8,Player 029,Team 013,Player 023,Team 011,1,3
29,8,Player 029,Team 013,Player 033,Team 011,3,0
29,8,Player 029,Team 013,Player 072,Team 011,1,3
29,8,(játék nélkül),Team 013,Player 082,Team 011,0,3
29,8,(játék nélkül),Team 013,Player 023,Team 011,0,3
29,8,(játék nélkül),Team 013,Player 033,Team 011,0,3
29,8,(játék nélkül),Team 013,Player 072,Team 011,0,3
30,1,Player 115,Team 010,Player 028,Team 012,0,3
30,1,Player 115,Team 010,Player 109,Team 012,1,3
30,1,Player 115,Team 010,Player 039,Team 012,0,3
30,1,Player 115,Team 010,Player 083,Team 012,0,3
30,1,Player 063,Team 010,Player 028,Team 012,0,3
30,1,Player 063,Team 010,Player 109,Team 012,1,3
30,1,Player 063,Team 010,Player 039,Team 012,0,3
30,1,Player 063,Team 010,Player 083,Team 012,1,3
30,1,Player 103,Team 010,Player 028,Team 012,0,3
30,1,Player 103,Team 010,Player 109,Team 012,0,3
30,1,Player 103,Team 010,Player 039,Team 012,0,3
30,1,Player 103,Team 010,Player 083,Team 012,1,3
30,1,Player 114,Team 010,Player 028,Team 012,0,3
30,1,Player 114,Team 010,Player 109,Team 012,0,3
30,1,Player 114,Team 010,Player 039,Team 012,0,3
30,1,Player 114,Team 010,Player 083,Team 012,0,3
30,2,Player 082,Team 011,Player 081,Team 009,3,1
30,2,Player 082,Team 011,Player 027,Team 009,3,1
30,2,Player 082,Team 011,Player 058,Team 009,2,3
30,2,Player 082,Team 011,Player 019,Team 009,0,3
30,2,Player 072,Team 011,Player 081,Team 009,3,0
30,2,Player 072,Team 011,Player 027,Team 009,3,0
30,2,Player 072,Team 011,Player 058,Team 009,3,0
30,2,Player 072,Team 011,Player 019,Team 009,3,0
30,2,Player 021,Team 011,Player 081,Team 009,3,0
30,2,Player 021,Team 011,Player 027,Team 009,3,0
30,2,Player 021,Team 011,Player 058,Team 009,3,1
30,2,Player 021,Team 011,Player 019,Team 009,3,1
30,2,Player 023,Team 011,Player 081,Team 009,3,2
30,2,Player 023,Team 011,Player 027,Team 009,3,0
30,2,Player 023,Team 011,Player 058,Team 009,3,0
30,2,Player 023,Team 011,Player 019,Team 009,0,3
30,3,Player 034,Team 007,Player 051,Team 013,3,1
30,3,Player 034,Team 007,Player 106,Team 013,3,1
30,3,Player 034,Team 007,Player 029,Team 013,1,3
30,3,Player 034,Team 007,Player 119,Team 013,0,3
30,3,Player 093,Team 007,Player 051,Team 013,0,3
30,3,Player 093,Team 007,Player 106,Team 013,0,3
30,3,Player 093,Team 007,Player 029,Team 013,0,3
30,3,Player 093,Team 007,Player 119,Team 013,0,3
30,3,Player 049,Team 007,Player 051,Team 013,2,3
30,3,Player 049,Team 007,Player 106,Team 013,0,3
30,3,Player 049,Team 007,Player 029,Team 013,0,3
30,3,Player 049,Team 007,Player 119,Team 013,0,3
30,3,Player 088,Team 007,Player 051,Team 013,3,2
30,3,Player 088,Team 007,Player 106,Team 013,0,3
30,3,Player 088,Team 007,Player 029,Team 013,0,3
30,3,Player 088,Team 007,Player 119,Team 013,0,3
30,4,Player 108,Team 008,Player 100,Team 001,0,3
30,4,Player 035,Team 008,Player 100,Team 001,0,3
30,4,Player 035,Team 008,Player 001,Team 001,0,3
30,4,Player 035,Team 008,Player 069,Team 001,0,3
30,4,Player 035,Team 008,Player 013,Team 001,1,3
30,4,Player 077,Team 008,Player 100,Team 001,0,3
30,4,Player 077,Team 008,Player 001,Team 001,2,3
30,4,Player 077,Team 008,Player 069,Team 001,0,3
30,4,Player 077,Team 008,Player 013,Team 001,1,3
30,4,Player 036,Team 008,Player 100,Team 001,0,3
30,4,Player 036,Team 008,Player 001,Team 001,2,3
30,4,Player 036,Team 008,Player 069,Team 001,0,3
30,4,Player 036,Team 008,Player 013,Team 001,0,3
30,4,Player 060,Team 008,Player 001,Team 001,3,1
30,4,Player 060,Team 008,Player 069,Team 001,0,3
30,4,Player 060,Team 008,Player 013,Team 001,1,3
30,5,Player 071,Team 014,Player 010,Team 006,3,1
30,5,Player 071,Team 014,Player 032,Team 006,3,1
30,5,Player 071,Team 014,Player 030,Team 006,3,0
30,5,Player 071,Team 014,Player 073,Team 006,3,1
30,5,Player 031,Team 014,Player 010,Team 006,0,3
30,5,Player 031,Team 014,Player 032,Team 006,3,0
30,5,Player 031,Team 014,Player 030,Team 006,3,0
30,5,Player 031,Team 014,Player 073,Team 006,3,1
30,5,Player 084,Team 014,Player 010,Team 006,0,3
30,5,Player 084,Team 014,Player 032,Team 006,3,2
30,5,Player 084,Team 014,Player 030,Team 006,3,2
30,5,Player 084,Team 014,Player 073,Team 006,0,3
30,5,Player 043,Team 014,Player 010,Team 006,0,3
30,5,Player 043,Team 014,Player 032,Team 006,1,3
30,5,Player 043,Team 014,Player 030,Team 006,3,1
30,5,Player 043,Team 014,Player 073,Team 006,1,3
30,6,Player 008,Team 003,Player 046,Team 015,3,0
30,6,Player 008,Team 003,Player 056,Team 015,3,1
30,6,Player 008,Team 003,Player 112,Team 015,3,0
30,6,Player 067,Team 003,Player 046,Team 015,3,1
30,6,Player 067,Team 003,Player 056,Team 015,3,2
30,6,Player 067,Team 003,Player 112,Team 015,3,0
30,6,Player 067,Team 003,Player 047,Team 015,3,0
30,6,Player 125,Team 003,Player 046,Team 015,1,3
30,6,Player 125,Team 003,Player 056,Team 015,3,1
30,6,Player 125,Team 003,Player 112,Team 015,3,0
30,6,Player 125,Team 003,Player 047,Team 015,3,0
30,6,Player 003,Team 003,Player 046,Team 015,1,3
30,6,Player 003,Team 003,Player 056,Team 015,3,2
30,6,Player 003,Team 003,Player 112,Team 015,3,0
30,6,Player 003,Team 003,Player 047,Team 015,3,0
30,6,Player 005,Team 003,Player 047,Team 015,1,3
30,7,Player 075,Team 004,Player 040,Team 005,1,3
30,7,Player 075,Team 004,Player 012,Team 005,0,3
30,7,Player 075,Team 004,Player 006,Team 005,2,3
30,7,Player 075,Team 004,Player 061,Team 005,3,1
30,7,Player 004,Team 004,Player 040,Team 005,3,1
30,7,Player 004,Team 004,Player 012,Team 005,3,1
30,7,Player 004,Team 004,Player 006,Team 005,2,3
30,7,Player 004,Team 004,Player 061,Team 005,3,0
30,7,Player 018,Team 004,Player 040,Team 005,2,3
30,7,Player 018,Team 004,Player 012,Team 005,0,3
30,7,Player 018,Team 004,Player 006,Team 005,0,3
30,7,Player 018,Team 004,Player 061,Team 005,3,0
30,7,Player 017,Team 004,Player 040,Team 005,3,2
30,7,Player 017,Team 004,Player 012,Team 005,3,1
30,7,Player 017,Team 004,Player 006,Team 005,0,3
30,7,Player 017,Team 004,Player 061,Team 005,3,0
30,8,Player 087,Team 016,Player 041,Team 002,3,2
30,8,Player 087,Team 016,Player 078,Team 002,3,0
30,8,Player 087,Team 016,Player 054,Team 002,3,0
30,8,Player 087,Team 016,Player 002,Team 002,2,3
30,8,Player 059,Team 016,Player 041,Team 002,3,1
30,8,Player 059,Team 016,Player 078,Team 002,3,0
30,8,Player 059,Team 016,Player 054,Team 002,3,0
30,8,Player 059,Team 016,Player 002,Team 002,1,3
30,8,Player 085,Team 016,Player 041,Team 002,3,0
30,8,Player 085,Team 016,Player 078,Team 002,3,0
30,8,Player 085,Team 016,Player 054,Team 002,3,0
30,8,Player 085,Team 016,Player 002,Team 002,2,3
30,8,Player 086,Team 016,Player 041,Team 002,1,3
30,8,Player 086,Team 016,Player 078,Team 002,1,3
30,8,Player 086,Team 016,Player 054,Team 002,3,0
30,8,Player 086,Team 016,Player 002,Team 002,0,3
