round_number,rank,player_name,team_name,matches_all,matches_played,percentage_played,matches_won,matches_lost,matches_won_percent
1,1,Player 001,Team 001,4,4,100.0,4,0,100.0
1,1,Player 002,Team 002,4,4,100.0,4,0,100.0
1,1,Player 003,Team 003,4,4,100.0,4,0,100.0
1,1,Player 004,Team 004,4,4,100.0,4,0,100.0
1,1,Player 005,Team 003,4,4,100.0,4,0,100.0
1,1,Player 006,Team 005,4,4,100.0,4,0,100.0
1,1,Player 007,Team 001,4,4,100.0,4,0,100.0
1,1,Player 008,Team 003,4,4,100.0,4,0,100.0
1,1,Player 009,Team 004,4,4,100.0,4,0,100.0
1,1,Player 010,Team 006,4,4,100.0,4,0,100.0
1,1,Player 011,,4,4,100.0,4,0,100.0
1,1,Player 012,Team 005,4,4,100.0,4,0,100.0
1,1,Player 013,Team 001,4,4,100.0,4,0,100.0
1,2,Player 014,Team 007,4,3,75.0,3,0,100.0
1,3,Player 015,Team 006,4,2,50.0,2,0,100.0
1,4,Player 016,Team 008,4,4,100.0,3,1,75.0
1,4,Player 017,Team 004,4,4,100.0,3,1,75.0
1,4,Player 018,Team 004,4,4,100.0,3,1,75.0
1,4,Player 019,Team 009,4,4,100.0,3,1,75.0
1,4,Player 020,Team 010,4,4,100.0,3,1,75.0
1,4,Player 021,Team 011,4,4,100.0,3,1,75.0
1,4,Player 022,Team 011,4,4,100.0,3,1,75.0
1,4,Player 023,Team 011,4,4,100.0,3,1,75.0
1,4,Player 024,Team 010,4,4,100.0,3,1,75.0
1,4,Player 025,Team 012,4,4,100.0,3,1,75.0
1,5,Player 026,Team 007,4,4,100.0,3,1,75.0
1,5,Player 027,Team 009,4,4,100.0,3,1,75.0
1,5,Player 028,Team 012,4,4,100.0,3,1,75.0
1,6,Player 029,Team 013,4,4,100.0,2,2,50.0
1,6,Player 030,Team 006,4,4,100.0,2,2,50.0
1,6,Player 031,Team 014,4,4,100.0,2,2,50.0
1,6,Player 032,Team 006,4,4,100.0,2,2,50.0
1,6,Player 033,Team 011,4,4,100.0,2,2,50.0
1,6,Player 034,Team 007,4,4,100.0,2,2,50.0
1,7,Player 035,Team 008,4,2,50.0,1,1,50.0
1,8,Player 036,Team 008,4,4,100.0,2,2,50.0
1,9,Player 037,Team 008,4,4,100.0,2,2,50.0
1,9,Player 038,Team 005,4,4,100.0,2,2,50.0
1,9,Player 039,Team 012,4,4,100.0,2,2,50.0
1,10,Player 040,Team 005,4,2,50.0,1,1,50.0
1,11,Player 041,Team 002,4,4,100.0,1,3,25.0
1,11,Player 042,Team 014,4,4,100.0,1,3,25.0
1,11,Player 043,Team 014,4,4,100.0,1,3,25.0
1,11,Player 044,Team 014,4,4,100.0,1,3,25.0
1,11,Player 045,Team 009,4,4,100.0,1,3,25.0
1,11,Player 046,Team 015,4,4,100.0,1,3,25.0
1,11,Player 047,Team 015,4,4,100.0,1,3,25.0
1,11,Player 048,Team 015,4,4,100.0,1,3,25.0
1,12,Player 049,Team 007,4,4,100.0,1,3,25.0
1,12,Player 050,Team 001,4,4,100.0,1,3,25.0
1,13,Player 051,Team 013,4,4,100.0,0,4,0.0
1,13,Player 052,Team 013,4,4,100.0,0,4,0.0
1,13,Player 053,Team 002,4,4,100.0,0,4,0.0
1,13,Player 054,Team 002,4,4,100.0,0,4,0.0
1,13,Player 055,Team 016,4,4,100.0,0,4,0.0
1,13,Player 056,Team 015,4,4,100.0,0,4,0.0
1,13,Player 057,Team 016,4,4,100.0,0,4,0.0
1,13,Player 058,Team 009,4,4,100.0,0,4,0.0
1,13,Player 059,Team 016,4,4,100.0,0,4,0.0
1,14,Player 060,Team 008,4,2,50.0,0,2,0.0
1,14,Player 061,Team 005,4,2,50.0,0,2,0.0
1,14,Player 062,Team 006,4,2,50.0,0,2,0.0
1,15,Player 063,Team 010,4,4,100.0,0,4,0.0
1,15,Player 064,Team 010,4,4,100.0,0,4,0.0
1,,Player 065,Team 007,4,1,25.0,0,1,0.0
2,1,Player 006,Team 005,8,8,100.0,8,0,100.0
2,1,Player 012,Team 005,8,8,100.0,8,0,100.0
2,1,Player 013,Team 001,8,8,100.0,8,0,100.0
2,2,Player 014,Team 007,8,7,87.5,7,0,100.0
2,3,Player 001,Team 001,8,4,50.0,4,0,100.0
2,3,Player 066,Team 013,8,4,50.0,4,0,100.0
2,3,Player 067,Team 003,8,4,50.0,4,0,100.0
2,3,Player 068,Team 009,8,4,50.0,4,0,100.0
2,3,Player 069,Team 001,8,4,50.0,4,0,100.0
2,3,Player 007,Team 001,8,4,50.0,4,0,100.0
2,3,Player 008,Team 003,8,4,50.0,4,0,100.0
2,4,Player 016,Team 008,8,8,100.0,7,1,87.5
2,4,Player 002,Team 002,8,8,100.0,7,1,87.5
2,4,Player 004,Team 004,8,8,100.0,7,1,87.5
2,4,Player 009,Team 004,8,8,100.0,7,1,87.5
2,5,Player 026,Team 007,8,6,75.0,5,1,83.34
2,6,Player 037,Team 008,8,8,100.0,6,2,75.0
2,6,Player 010,Team 006,8,8,100.0,6,2,75.0
2,7,Player 070,Team 014,8,4,50.0,3,1,75.0
2,7,Player 017,Team 004,8,4,50.0,3,1,75.0
2,7,Player 071,Team 014,8,4,50.0,3,1,75.0
2,7,Player 019,Team 009,8,4,50.0,3,1,75.0
2,7,Player 027,Team 009,8,4,50.0,3,1,75.0
2,7,Player 021,Team 011,8,4,50.0,3,1,75.0
2,7,Player 072,Team 011,8,4,50.0,3,1,75.0
2,8,Player 003,Team 003,8,8,100.0,6,2,75.0
2,9,Player 024,Team 010,8,4,50.0,3,1,75.0
2,10,Player 046,Team 015,8,8,100.0,5,3,62.5
2,10,Player 022,Team 011,8,8,100.0,5,3,62.5
2,10,Player 047,Team 015,8,8,100.0,5,3,62.5
2,10,Player 048,Team 015,8,8,100.0,5,3,62.5
2,10,Player 023,Team 011,8,8,100.0,5,3,62.5
2,10,Player 025,Team 012,8,8,100.0,5,3,62.5
2,10,Player 034,Team 007,8,8,100.0,5,3,62.5
2,11,Player 020,Team 010,8,8,100.0,5,3,62.5
2,12,Player 038,Team 005,8,8,100.0,5,3,62.5
2,12,Player 005,Team 003,8,8,100.0,5,3,62.5
2,12,Player 011,,8,8,100.0,5,3,62.5
2,13,Player 039,Team 012,8,8,100.0,4,4,50.0
2,14,Player 073,Team 006,8,4,50.0,2,2,50.0
2,14,Player 029,Team 013,8,4,50.0,2,2,50.0
2,14,Player 074,Team 002,8,4,50.0,2,2,50.0
2,14,Player 031,Team 014,8,4,50.0,2,2,50.0
2,14,Player 033,Team 011,8,4,50.0,2,2,50.0
2,14,Player 075,Team 004,8,4,50.0,2,2,50.0
2,14,Player 036,Team 008,8,4,50.0,2,2,50.0
2,15,Player 018,Team 004,8,8,100.0,4,4,50.0
2,15,Player 028,Team 012,8,8,100.0,4,4,50.0
2,16,Player 076,Team 001,8,4,50.0,2,2,50.0
2,16,Player 077,Team 008,8,4,50.0,2,2,50.0
2,17,Player 056,Team 015,8,8,100.0,3,5,37.5
2,17,Player 044,Team 014,8,8,100.0,3,5,37.5
2,17,Player 032,Team 006,8,8,100.0,3,5,37.5
2,18,Player 030,Team 006,8,6,75.0,2,4,33.34
2,19,Player 052,Team 013,8,8,100.0,2,6,25.0
2,20,Player 041,Team 002,8,4,50.0,1,3,25.0
2,20,Player 078,Team 002,8,4,50.0,1,3,25.0
2,20,Player 042,Team 014,8,4,50.0,1,3,25.0
2,20,Player 043,Team 014,8,4,50.0,1,3,25.0
2,20,Player 079,Team 009,8,4,50.0,1,3,25.0
2,20,Player 080,Team 009,8,4,50.0,1,3,25.0
2,20,Player 045,Team 009,8,4,50.0,1,3,25.0
2,20,Player 081,Team 009,8,4,50.0,1,3,25.0
2,20,Player 082,Team 011,8,4,50.0,1,3,25.0
2,20,Player 083,Team 012,8,4,50.0,1,3,25.0
2,21,Player 049,Team 007,8,4,50.0,1,3,25.0
2,21,Player 084,Team 014,8,4,50.0,1,3,25.0
2,22,Player 051,Team 013,8,8,100.0,1,7,12.5
2,22,Player 053,Team 002,8,8,100.0,1,7,12.5
2,22,Player 059,Team 016,8,8,100.0,1,7,12.5
2,22,Player 050,Team 001,8,8,100.0,1,7,12.5
2,23,Player 063,Team 010,8,8,100.0,0,8,0.0
2,23,Player 064,Team 010,8,8,100.0,0,8,0.0
2,24,Player 060,Team 008,8,4,50.0,0,4,0.0
2,24,Player 054,Team 002,8,4,50.0,0,4,0.0
2,24,Player 055,Team 016,8,4,50.0,0,4,0.0
2,24,Player 085,Team 016,8,4,50.0,0,4,0.0
2,24,Player 057,Team 016,8,4,50.0,0,4,0.0
2,24,Player 086,Team 016,8,4,50.0,0,4,0.0
2,24,Player 087,Team 016,8,4,50.0,0,4,0.0
2,24,Player 088,Team 007,8,4,50.0,0,4,0.0
2,24,Player 058,Team 009,8,4,50.0,0,4,0.0
2,24,Player 089,Team 010,8,4,50.0,0,4,0.0
2,,Player 090,Team 005,8,2,25.0,2,0,100.0
2,,Player 015,Team 006,8,2,25.0,2,0,100.0
2,,Player 035,Team 008,8,2,25.0,1,1,50.0
2,,Player 091,Team 005,8,2,25.0,1,1,50.0
2,,Player 040,Team 005,8,2,25.0,1,1,50.0
2,,Player 092,Team 008,8,2,25.0,1,1,50.0
2,,Player 093,Team 007,8,2,25.0,0,2,0.0
2,,Player 061,Team 005,8,2,25.0,0,2,0.0
2,,Player 094,Team 006,8,2,25.0,0,2,0.0
2,,Player 062,Team 006,8,2,25.0,0,2,0.0
2,,Player 065,Team 007,8,1,12.5,0,1,0.0
3,1,Player 006,Team 005,12,12,100.0,12,0,100.0
3,1,Player 012,Team 005,12,12,100.0,12,0,100.0
3,2,Player 067,Team 003,12,8,66.67,8,0,100.0
3,2,Player 069,Team 001,12,8,66.67,8,0,100.0
3,2,Player 007,Team 001,12,8,66.67,8,0,100.0
3,2,Player 013,Team 001,12,8,66.67,8,0,100.0
3,3,Player 004,Team 004,12,12,100.0,11,1,91.67
3,3,Player 009,Team 004,12,12,100.0,11,1,91.67
3,4,Player 014,Team 007,12,11,91.67,10,1,90.91
3,5,Player 001,Team 001,12,8,66.67,7,1,87.5
3,5,Player 002,Team 002,12,8,66.67,7,1,87.5
3,5,Player 068,Team 009,12,8,66.67,7,1,87.5
3,5,Player 008,Team 003,12,8,66.67,7,1,87.5
3,6,Player 021,Team 011,12,8,66.67,7,1,87.5
3,7,Player 026,Team 007,12,6,50.0,5,1,83.34
3,8,Player 020,Team 010,12,12,100.0,9,3,75.0
3,8,Player 022,Team 011,12,12,100.0,9,3,75.0
3,8,Player 025,Team 012,12,12,100.0,9,3,75.0
3,9,Player 017,Team 004,12,8,66.67,6,2,75.0
3,9,Player 031,Team 014,12,8,66.67,6,2,75.0
3,9,Player 033,Team 011,12,8,66.67,6,2,75.0
3,9,Player 075,Team 004,12,8,66.67,6,2,75.0
3,10,Player 016,Team 008,12,12,100.0,9,3,75.0
3,11,Player 076,Team 001,12,8,66.67,6,2,75.0
3,12,Player 037,Team 008,12,12,100.0,8,4,66.67
3,12,Player 003,Team 003,12,12,100.0,8,4,66.67
3,13,Player 005,Team 003,12,8,66.67,5,3,62.5
3,13,Player 023,Team 011,12,8,66.67,5,3,62.5
3,14,Player 082,Team 011,12,8,66.67,5,3,62.5
3,15,Player 039,Team 012,12,12,100.0,7,5,58.34
3,15,Player 010,Team 006,12,12,100.0,7,5,58.34
3,16,Player 034,Team 007,12,12,100.0,7,5,58.34
3,17,Player 047,Team 015,12,12,100.0,7,5,58.34
3,17,Player 048,Team 015,12,12,100.0,7,5,58.34
3,17,Player 011,,12,12,100.0,7,5,58.34
3,18,Player 046,Team 015,12,12,100.0,6,6,50.0
3,19,Player 018,Team 004,12,8,66.67,4,4,50.0
3,19,Player 042,Team 014,12,8,66.67,4,4,50.0
3,19,Player 077,Team 008,12,8,66.67,4,4,50.0
3,19,Player 089,Team 010,12,8,66.67,4,4,50.0
3,19,Player 028,Team 012,12,8,66.67,4,4,50.0
3,20,Player 056,Team 015,12,12,100.0,5,7,41.67
3,20,Player 038,Team 005,12,12,100.0,5,7,41.67
3,21,Player 044,Team 014,12,8,66.67,3,5,37.5
3,21,Player 032,Team 006,12,8,66.67,3,5,37.5
3,21,Player 083,Team 012,12,8,66.67,3,5,37.5
3,22,Player 063,Team 010,12,12,100.0,4,8,33.34
3,22,Player 064,Team 010,12,12,100.0,4,8,33.34
3,23,Player 041,Team 002,12,7,58.34,2,5,28.58
3,24,Player 073,Team 006,12,8,66.67,2,6,25.0
3,24,Player 052,Team 013,12,8,66.67,2,6,25.0
3,24,Player 074,Team 002,12,8,66.67,2,6,25.0
3,25,Player 030,Team 006,12,10,83.34,2,8,20.0
3,26,Player 060,Team 008,12,6,50.0,1,5,16.67
3,27,Player 051,Team 013,12,8,66.67,1,7,12.5
3,27,Player 053,Team 002,12,8,66.67,1,7,12.5
3,27,Player 078,Team 002,12,8,66.67,1,7,12.5
3,27,Player 045,Team 009,12,8,66.67,1,7,12.5
3,27,Player 081,Team 009,12,8,66.67,1,7,12.5
3,27,Player 050,Team 001,12,8,66.67,1,7,12.5
3,28,Player 049,Team 007,12,8,66.67,1,7,12.5
3,29,Player 059,Team 016,12,10,83.34,1,9,10.0
3,30,Player 054,Team 002,12,8,66.67,0,8,0.0
3,30,Player 085,Team 016,12,8,66.67,0,8,0.0
3,30,Player 057,Team 016,12,8,66.67,0,8,0.0
3,30,Player 087,Team 016,12,8,66.67,0,8,0.0
3,30,Player 058,Team 009,12,8,66.67,0,8,0.0
3,31,Player 086,Team 016,12,6,50.0,0,6,0.0
3,,Player 066,Team 013,12,4,33.34,4,0,100.0
3,,Player 090,Team 005,12,2,16.67,2,0,100.0
3,,Player 015,Team 006,12,2,16.67,2,0,100.0
3,,Player 070,Team 014,12,4,33.34,3,1,75.0
3,,Player 095,Team 014,12,4,33.34,3,1,75.0
3,,Player 096,Team 014,12,4,33.34,3,1,75.0
3,,Player 071,Team 014,12,4,33.34,3,1,75.0
3,,Player 019,Team 009,12,4,33.34,3,1,75.0
3,,Player 027,Team 009,12,4,33.34,3,1,75.0
3,,Player 072,Team 011,12,4,33.34,3,1,75.0
3,,Player 024,Team 010,12,4,33.34,3,1,75.0
3,,Player 035,Team 008,12,4,33.34,2,2,50.0
3,,Player 029,Team 013,12,4,33.34,2,2,50.0
3,,Player 036,Team 008,12,4,33.34,2,2,50.0
3,,Player 091,Team 005,12,2,16.67,1,1,50.0
3,,Player 092,Team 008,12,2,16.67,1,1,50.0
3,,Player 084,Team 014,12,4,33.34,1,3,25.0
3,,Player 043,Team 014,12,4,33.34,1,3,25.0
3,,Player 079,Team 009,12,4,33.34,1,3,25.0
3,,Player 080,Team 009,12,4,33.34,1,3,25.0
3,,Player 040,Team 005,12,4,33.34,1,3,25.0
3,,Player 055,Team 016,12,4,33.34,0,4,0.0
3,,Player 061,Team 005,12,4,33.34,0,4,0.0
3,,Player 097,Team 006,12,4,33.34,0,4,0.0
3,,Player 088,Team 007,12,4,33.34,0,4,0.0
3,,Player 065,Team 007,12,3,25.0,0,3,0.0
3,,Player 093,Team 007,12,2,16.67,0,2,0.0
3,,Player 094,Team 006,12,2,16.67,0,2,0.0
3,,Player 098,Team 007,12,2,16.67,0,2,0.0
3,,Player 062,Team 006,12,2,16.67,0,2,0.0
3,,Player 099,Team 002,12,1,8.34,0,1,0.0
4,1,Player 067,Team 003,16,12,75.0,12,0,100.0
4,2,Player 066,Team 013,16,8,50.0,8,0,100.0
4,2,Player 069,Team 001,16,8,50.0,8,0,100.0
4,2,Player 007,Team 001,16,8,50.0,8,0,100.0
4,3,Player 006,Team 005,16,16,100.0,15,1,93.75
4,4,Player 014,Team 007,16,15,93.75,14,1,93.34
4,5,Player 013,Team 001,16,12,75.0,11,1,91.67
4,6,Player 026,Team 007,16,10,62.5,9,1,90.0
4,7,Player 001,Team 001,16,8,50.0,7,1,87.5
4,7,Player 019,Team 009,16,8,50.0,7,1,87.5
4,7,Player 072,Team 011,16,8,50.0,7,1,87.5
4,7,Player 068,Team 009,16,8,50.0,7,1,87.5
4,8,Player 009,Team 004,16,16,100.0,14,2,87.5
4,9,Player 002,Team 002,16,12,75.0,10,2,83.34
4,9,Player 031,Team 014,16,12,75.0,10,2,83.34
4,9,Player 008,Team 003,16,12,75.0,10,2,83.34
4,10,Player 021,Team 011,16,12,75.0,10,2,83.34
4,11,Player 004,Team 004,16,16,100.0,12,4,75.0
4,11,Player 022,Team 011,16,16,100.0,12,4,75.0
4,11,Player 025,Team 012,16,16,100.0,12,4,75.0
4,12,Player 096,Team 014,16,8,50.0,6,2,75.0
4,12,Player 033,Team 011,16,8,50.0,6,2,75.0
4,12,Player 024,Team 010,16,8,50.0,6,2,75.0
4,12,Player 075,Team 004,16,8,50.0,6,2,75.0
4,13,Player 012,Team 005,16,16,100.0,12,4,75.0
4,14,Player 016,Team 008,16,16,100.0,12,4,75.0
4,14,Player 020,Team 010,16,16,100.0,12,4,75.0
4,15,Player 076,Team 001,16,12,75.0,9,3,75.0
4,16,Player 039,Team 012,16,16,100.0,11,5,68.75
4,17,Player 037,Team 008,16,16,100.0,11,5,68.75
4,18,Player 003,Team 003,16,16,100.0,10,6,62.5
4,19,Player 023,Team 011,16,8,50.0,5,3,62.5
4,20,Player 017,Team 004,16,12,75.0,7,5,58.34
4,20,Player 042,Team 014,16,12,75.0,7,5,58.34
4,20,Player 048,Team 015,16,12,75.0,7,5,58.34
4,20,Player 028,Team 012,16,12,75.0,7,5,58.34
4,20,Player 011,,16,12,75.0,7,5,58.34
4,20,Player 034,Team 007,16,12,75.0,7,5,58.34
4,21,Player 082,Team 011,16,12,75.0,7,5,58.34
4,22,Player 010,Team 006,16,16,100.0,9,7,56.25
4,23,Player 046,Team 015,16,16,100.0,8,8,50.0
4,23,Player 047,Team 015,16,16,100.0,8,8,50.0
4,24,Player 005,Team 003,16,12,75.0,6,6,50.0
4,25,Player 029,Team 013,16,8,50.0,4,4,50.0
4,25,Player 084,Team 014,16,8,50.0,4,4,50.0
4,25,Player 089,Team 010,16,8,50.0,4,4,50.0
4,26,Player 077,Team 008,16,12,75.0,6,6,50.0
4,27,Player 018,Team 004,16,12,75.0,5,7,41.67
4,27,Player 038,Team 005,16,12,75.0,5,7,41.67
4,28,Player 056,Team 015,16,16,100.0,6,10,37.5
4,29,Player 044,Team 014,16,8,50.0,3,5,37.5
4,29,Player 080,Team 009,16,8,50.0,3,5,37.5
4,30,Player 032,Team 006,16,12,75.0,4,8,33.34
4,31,Player 083,Team 012,16,12,75.0,4,8,33.34
4,32,Player 063,Team 010,16,14,87.5,4,10,28.58
4,32,Player 064,Team 010,16,14,87.5,4,10,28.58
4,33,Player 073,Team 006,16,12,75.0,3,9,25.0
4,33,Player 052,Team 013,16,12,75.0,3,9,25.0
4,33,Player 045,Team 009,16,12,75.0,3,9,25.0
4,34,Player 074,Team 002,16,8,50.0,2,6,25.0
4,35,Player 059,Team 016,16,14,87.5,3,11,21.43
4,36,Player 030,Team 006,16,10,62.5,2,8,20.0
4,37,Player 041,Team 002,16,11,68.75,2,9,18.19
4,38,Player 085,Team 016,16,12,75.0,2,10,16.67
4,39,Player 049,Team 007,16,8,50.0,1,7,12.5
4,39,Player 060,Team 008,16,8,50.0,1,7,12.5
4,39,Player 081,Team 009,16,8,50.0,1,7,12.5
4,39,Player 050,Team 001,16,8,50.0,1,7,12.5
4,40,Player 057,Team 016,16,10,62.5,1,9,10.0
4,41,Player 051,Team 013,16,12,75.0,1,11,8.34
4,41,Player 053,Team 002,16,12,75.0,1,11,8.34
4,41,Player 078,Team 002,16,12,75.0,1,11,8.34
4,41,Player 087,Team 016,16,12,75.0,1,11,8.34
4,42,Player 054,Team 002,16,8,50.0,0,8,0.0
4,42,Player 061,Team 005,16,8,50.0,0,8,0.0
4,42,Player 086,Team 016,16,8,50.0,0,8,0.0
4,42,Player 058,Team 009,16,8,50.0,0,8,0.0
4,,Player 100,Team 001,16,4,25.0,4,0,100.0
4,,Player 090,Team 005,16,2,12.5,2,0,100.0
4,,Player 015,Team 006,16,2,12.5,2,0,100.0
4,,Player 101,Team 001,16,4,25.0,3,1,75.0
4,,Player 070,Team 014,16,4,25.0,3,1,75.0
4,,Player 095,Team 014,16,4,25.0,3,1,75.0
4,,Player 071,Team 014,16,4,25.0,3,1,75.0
4,,Player 027,Team 009,16,4,25.0,3,1,75.0
4,,Player 035,Team 008,16,4,25.0,2,2,50.0
4,,Player 029,Team 009,16,4,25.0,2,2,50.0
4,,Player 092,Team 008,16,4,25.0,2,2,50.0
4,,Player 036,Team 008,16,4,25.0,2,2,50.0
4,,Player 091,Team 005,16,2,12.5,1,1,50.0
4,,Player 093,Team 007,16,6,37.5,2,4,33.34
4,,Player 043,Team 014,16,4,25.0,1,3,25.0
4,,Player 079,Team 009,16,4,25.0,1,3,25.0
4,,Player 040,Team 005,16,4,25.0,1,3,25.0
4,,Player 102,Team 006,16,4,25.0,1,3,25.0
4,,Player 098,Team 007,16,6,37.5,0,6,0.0
4,,Player 055,Team 016,16,4,25.0,0,4,0.0
4,,Player 103,Team 010,16,4,25.0,0,4,0.0
4,,Player 104,Team 005,16,4,25.0,0,4,0.0
4,,Player 097,Team 006,16,4,25.0,0,4,0.0
4,,Player 088,Team 007,16,4,25.0,0,4,0.0
4,,Player 065,Team 007,16,3,18.75,0,3,0.0
4,,Player 094,Team 006,16,2,12.5,0,2,0.0
4,,Player 062,Team 006,16,2,12.5,0,2,0.0
4,,Player 099,Team 002,16,1,6.25,0,1,0.0
5,1,Player 007,Team 001,20,12,60.0,12,0,100.0
5,2,Player 006,Team 005,20,20,100.0,19,1,95.0
5,3,Player 014,Team 007,20,19,95.0,18,1,94.74
5,4,Player 067,Team 003,20,16,80.0,15,1,93.75
5,5,Player 013,Team 001,20,12,60.0,11,1,91.67
5,6,Player 009,Team 004,20,20,100.0,18,2,90.0
5,7,Player 026,Team 007,20,14,70.0,12,2,85.72
5,8,Player 001,Team 001,20,12,60.0,10,2,83.34
5,8,Player 031,Team 014,20,12,60.0,10,2,83.34
5,8,Player 021,Team 011,20,12,60.0,10,2,83.34
5,8,Player 072,Team 011,20,12,60.0,10,2,83.34
5,9,Player 068,Team 009,20,12,60.0,10,2,83.34
5,9,Player 075,Team 004,20,12,60.0,10,2,83.34
5,10,Player 076,Team 001,20,16,80.0,13,3,81.25
5,10,Player 002,Team 002,20,16,80.0,13,3,81.25
5,11,Player 020,Team 010,20,20,100.0,16,4,80.0
5,11,Player 004,Team 004,20,20,100.0,16,4,80.0
5,12,Player 037,Team 008,20,20,100.0,15,5,75.0
5,13,Player 022,Team 011,20,16,80.0,12,4,75.0
5,13,Player 008,Team 003,20,16,80.0,12,4,75.0
5,14,Player 024,Team 010,20,12,60.0,9,3,75.0
5,15,Player 012,Team 005,20,20,100.0,15,5,75.0
5,16,Player 016,Team 008,20,20,100.0,14,6,70.0
5,16,Player 025,Team 012,20,20,100.0,14,6,70.0
5,17,Player 039,Team 012,20,20,100.0,14,6,70.0
5,18,Player 010,Team 006,20,20,100.0,13,7,65.0
5,19,Player 017,Team 004,20,16,80.0,10,6,62.5
5,20,Player 042,Team 014,20,12,60.0,7,5,58.34
5,20,Player 023,Team 011,20,12,60.0,7,5,58.34
5,20,Player 011,,20,12,60.0,7,5,58.34
5,21,Player 082,Team 011,20,12,60.0,7,5,58.34
5,22,Player 048,Team 015,20,16,80.0,9,7,56.25
5,22,Player 028,Team 012,20,16,80.0,9,7,56.25
5,22,Player 034,Team 007,20,16,80.0,9,7,56.25
5,23,Player 046,Team 015,20,20,100.0,11,9,55.0
5,24,Player 003,Team 003,20,20,100.0,10,10,50.0
5,24,Player 047,Team 015,20,20,100.0,10,10,50.0
5,25,Player 029,Team 013,20,12,60.0,6,6,50.0
5,25,Player 033,Team 011,20,12,60.0,6,6,50.0
5,26,Player 077,Team 008,20,12,60.0,6,6,50.0
5,27,Player 005,Team 003,20,16,80.0,7,9,43.75
5,28,Player 018,Team 004,20,12,60.0,5,7,41.67
5,29,Player 032,Team 006,20,16,80.0,6,10,37.5
5,30,Player 083,Team 012,20,16,80.0,6,10,37.5
5,31,Player 063,Team 010,20,18,90.0,6,12,33.34
5,31,Player 064,Team 010,20,18,90.0,6,12,33.34
5,32,Player 038,Team 005,20,16,80.0,5,11,31.25
5,33,Player 073,Team 006,20,13,65.0,4,9,30.77
5,34,Player 056,Team 015,20,20,100.0,6,14,30.0
5,35,Player 052,Team 013,20,16,80.0,4,12,25.0
5,36,Player 045,Team 009,20,12,60.0,3,9,25.0
5,37,Player 049,Team 007,20,12,60.0,3,9,25.0
5,38,Player 059,Team 016,20,14,70.0,3,11,21.43
5,39,Player 030,Team 006,20,10,50.0,2,8,20.0
5,40,Player 041,Team 002,20,11,55.0,2,9,18.19
5,41,Player 053,Team 002,20,16,80.0,2,14,12.5
5,41,Player 078,Team 002,20,16,80.0,2,14,12.5
5,41,Player 085,Team 016,20,16,80.0,2,14,12.5
5,42,Player 051,Team 013,20,12,60.0,1,11,8.34
5,42,Player 087,Team 016,20,12,60.0,1,11,8.34
5,43,Player 057,Team 016,20,14,70.0,1,13,7.15
5,44,Player 054,Team 002,20,12,60.0,0,12,0.0
5,44,Player 086,Team 016,20,12,60.0,0,12,0.0
5,44,Player 058,Team 009,20,12,60.0,0,12,0.0
5,,Player 066,Team 013,20,8,40.0,8,0,100.0
5,,Player 069,Team 001,20,8,40.0,8,0,100.0
5,,Player 100,Team 001,20,4,20.0,4,0,100.0
5,,Player 090,Team 005,20,2,10.0,2,0,100.0
5,,Player 015,Team 006,20,2,10.0,2,0,100.0
5,,Player 019,Team 009,20,8,40.0,7,1,87.5
5,,Player 070,Team 014,20,8,40.0,6,2,75.0
5,,Player 095,Team 014,20,8,40.0,6,2,75.0
5,,Player 096,Team 014,20,8,40.0,6,2,75.0
5,,Player 071,Team 014,20,8,40.0,6,2,75.0
5,,Player 101,Team 001,20,4,20.0,3,1,75.0
5,,Player 027,Team 009,20,8,40.0,5,3,62.5
5,,Player 036,Team 008,20,8,40.0,5,3,62.5
5,,Player 035,Team 008,20,8,40.0,4,4,50.0
5,,Player 084,Team 014,20,8,40.0,4,4,50.0
5,,Player 089,Team 010,20,8,40.0,4,4,50.0
5,,Player 029,Team 009,20,4,20.0,2,2,50.0
5,,Player 092,Team 008,20,4,20.0,2,2,50.0
5,,Player 044,Team 014,20,8,40.0,3,5,37.5
5,,Player 080,Team 009,20,8,40.0,3,5,37.5
5,,Player 102,Team 006,20,8,40.0,3,5,37.5
5,,Player 093,Team 007,20,6,30.0,2,4,33.34
5,,Player 074,Team 002,20,8,40.0,2,6,25.0
5,,Player 043,Team 014,20,8,40.0,2,6,25.0
5,,Player 105,Team 016,20,4,20.0,1,3,25.0
5,,Player 106,Team 013,20,4,20.0,1,3,25.0
5,,Player 040,Team 005,20,4,20.0,1,3,25.0
5,,Player 107,Team 001,20,4,20.0,1,3,25.0
5,,Player 091,Team 005,20,6,30.0,1,5,16.67
5,,Player 060,Team 008,20,8,40.0,1,7,12.5
5,,Player 079,Team 009,20,8,40.0,1,7,12.5
5,,Player 081,Team 009,20,8,40.0,1,7,12.5
5,,Player 050,Team 001,20,8,40.0,1,7,12.5
5,,Player 061,Team 005,20,8,40.0,0,8,0.0
5,,Player 098,Team 007,20,6,30.0,0,6,0.0
5,,Player 062,Team 006,20,5,25.0,0,5,0.0
5,,Player 055,Team 016,20,4,20.0,0,4,0.0
5,,Player 103,Team 010,20,4,20.0,0,4,0.0
5,,Player 104,Team 005,20,4,20.0,0,4,0.0
5,,Player 097,Team 006,20,4,20.0,0,4,0.0
5,,Player 088,Team 007,20,4,20.0,0,4,0.0
5,,Player 065,Team 007,20,3,15.0,0,3,0.0
5,,Player 094,Team 006,20,2,10.0,0,2,0.0
5,,Player 099,Team 002,20,1,5.0,0,1,0.0
6,1,Player 007,Team 001,24,16,66.67,16,0,100.0
6,2,Player 069,Team 001,24,12,50.0,12,0,100.0
6,3,Player 006,Team 005,24,24,100.0,23,1,95.84
6,4,Player 014,Team 007,24,23,95.84,22,1,95.66
6,5,Player 067,Team 003,24,20,83.34,19,1,95.0
6,6,Player 013,Team 001,24,16,66.67,15,1,93.75
6,7,Player 026,Team 007,24,18,75.0,16,2,88.89
6,8,Player 031,Team 014,24,16,66.67,14,2,87.5
6,8,Player 072,Team 011,24,16,66.67,14,2,87.5
6,9,Player 002,Team 002,24,20,83.34,17,3,85.0
6,10,Player 001,Team 001,24,12,50.0,10,2,83.34
6,10,Player 071,Team 014,24,12,50.0,10,2,83.34
6,11,Player 076,Team 001,24,16,66.67,13,3,81.25
6,11,Player 021,Team 011,24,16,66.67,13,3,81.25
6,12,Player 020,Team 010,24,20,83.34,16,4,80.0
6,13,Player 009,Team 004,24,24,100.0,19,5,79.17
6,14,Player 037,Team 008,24,24,100.0,18,6,75.0
6,15,Player 022,Team 011,24,20,83.34,15,5,75.0
6,15,Player 008,Team 003,24,20,83.34,15,5,75.0
6,16,Player 024,Team 010,24,12,50.0,9,3,75.0
6,17,Player 004,Team 004,24,24,100.0,18,6,75.0
6,17,Player 012,Team 005,24,24,100.0,18,6,75.0
6,18,Player 016,Team 008,24,24,100.0,17,7,70.84
6,19,Player 025,Team 012,24,20,83.34,14,6,70.0
6,20,Player 011,,24,16,66.67,11,5,68.75
6,21,Player 039,Team 012,24,24,100.0,16,8,66.67
6,22,Player 084,Team 014,24,12,50.0,8,4,66.67
6,22,Player 036,Team 008,24,12,50.0,8,4,66.67
6,23,Player 010,Team 006,24,24,100.0,16,8,66.67
6,24,Player 028,Team 012,24,20,83.34,13,7,65.0
6,24,Player 034,Team 007,24,20,83.34,13,7,65.0
6,25,Player 023,Team 011,24,16,66.67,10,6,62.5
6,25,Player 068,Team 009,24,16,66.67,10,6,62.5
6,26,Player 075,Team 004,24,16,66.67,10,6,62.5
6,27,Player 042,Team 014,24,12,50.0,7,5,58.34
6,27,Player 044,Team 014,24,12,50.0,7,5,58.34
6,27,Player 082,Team 011,24,12,50.0,7,5,58.34
6,28,Player 029,Team 013,24,16,66.67,9,7,56.25
6,29,Player 046,Team 015,24,24,100.0,12,12,50.0
6,30,Player 003,Team 003,24,20,83.34,10,10,50.0
6,30,Player 048,Team 015,24,20,83.34,10,10,50.0
6,31,Player 033,Team 011,24,12,50.0,6,6,50.0
6,31,Player 077,Team 008,24,12,50.0,6,6,50.0
6,31,Player 089,Team 010,24,12,50.0,6,6,50.0
6,32,Player 017,Team 004,24,20,83.34,10,10,50.0
6,33,Player 047,Team 015,24,24,100.0,11,13,45.84
6,34,Player 005,Team 003,24,20,83.34,9,11,45.0
6,35,Player 018,Team 004,24,12,50.0,5,7,41.67
6,35,Player 102,Team 006,24,12,50.0,5,7,41.67
6,36,Player 032,Team 006,24,20,83.34,8,12,40.0
6,37,Player 083,Team 012,24,20,83.34,8,12,40.0
6,38,Player 073,Team 006,24,17,70.84,6,11,35.3
6,39,Player 052,Team 013,24,20,83.34,7,13,35.0
6,40,Player 064,Team 010,24,22,91.67,7,15,31.82
6,41,Player 038,Team 005,24,18,75.0,5,13,27.78
6,42,Player 063,Team 010,24,22,91.67,6,16,27.28
6,43,Player 056,Team 015,24,24,100.0,6,18,25.0
6,44,Player 080,Team 009,24,12,50.0,3,9,25.0
6,44,Player 045,Team 009,24,12,50.0,3,9,25.0
6,45,Player 049,Team 007,24,12,50.0,3,9,25.0
6,46,Player 041,Team 002,24,14,58.34,3,11,21.43
6,47,Player 059,Team 016,24,18,75.0,3,15,16.67
6,48,Player 074,Team 002,24,12,50.0,2,10,16.67
6,49,Player 078,Team 002,24,16,66.67,2,14,12.5
6,50,Player 053,Team 002,24,20,83.34,2,18,10.0
6,50,Player 085,Team 016,24,20,83.34,2,18,10.0
6,51,Player 079,Team 009,24,12,50.0,1,11,8.34
6,52,Player 057,Team 016,24,14,58.34,1,13,7.15
6,53,Player 051,Team 013,24,16,66.67,1,15,6.25
6,53,Player 087,Team 016,24,16,66.67,1,15,6.25
6,54,Player 054,Team 002,24,12,50.0,0,12,0.0
6,54,Player 061,Team 005,24,12,50.0,0,12,0.0
6,54,Player 086,Team 016,24,12,50.0,0,12,0.0
6,54,Player 058,Team 009,24,12,50.0,0,12,0.0
6,,Player 066,Team 013,24,8,33.34,8,0,100.0
6,,Player 100,Team 001,24,8,33.34,8,0,100.0
6,,Player 090,Team 005,24,2,8.34,2,0,100.0
6,,Player 015,Team 006,24,2,8.34,2,0,100.0
6,,Player 108,Team 008,24,1,4.17,1,0,100.0
6,,Player 019,Team 009,24,8,33.34,7,1,87.5
6,,Player 070,Team 014,24,8,33.34,6,2,75.0
6,,Player 095,Team 014,24,8,33.34,6,2,75.0
6,,Player 096,Team 014,24,8,33.34,6,2,75.0
6,,Player 101,Team 001,24,4,16.67,3,1,75.0
6,,Player 027,Team 009,24,8,33.34,5,3,62.5
6,,Player 109,Team 012,24,4,16.67,2,2,50.0
6,,Player 092,Team 008,24,4,16.67,2,2,50.0
6,,Player 035,Team 008,24,11,45.84,5,6,45.46
6,,Player 093,Team 007,24,8,33.34,3,5,37.5
6,,Player 043,Team 014,24,8,33.34,2,6,25.0
6,,Player 029,Team 009,24,8,33.34,2,6,25.0
6,,Player 106,Team 013,24,4,16.67,1,3,25.0
6,,Player 040,Team 005,24,4,16.67,1,3,25.0
6,,Player 107,Team 001,24,4,16.67,1,3,25.0
6,,Player 030,Team 006,24,10,41.67,2,8,20.0
6,,Player 091,Team 005,24,6,25.0,1,5,16.67
6,,Player 060,Team 008,24,8,33.34,1,7,12.5
6,,Player 105,Team 016,24,8,33.34,1,7,12.5
6,,Player 081,Team 009,24,8,33.34,1,7,12.5
6,,Player 050,Team 001,24,8,33.34,1,7,12.5
6,,Player 103,Team 010,24,8,33.34,0,8,0.0
6,,Player 088,Team 007,24,6,25.0,0,6,0.0
6,,Player 098,Team 007,24,6,25.0,0,6,0.0
6,,Player 062,Team 006,24,5,20.84,0,5,0.0
6,,Player 055,Team 016,24,4,16.67,0,4,0.0
6,,Player 104,Team 005,24,4,16.67,0,4,0.0
6,,Player 097,Team 006,24,4,16.67,0,4,0.0
6,,Player 065,Team 007,24,3,12.5,0,3,0.0
6,,Player 099,Team 002,24,2,8.34,0,2,0.0
6,,Player 110,Team 005,24,2,8.34,0,2,0.0
6,,Player 094,Team 006,24,2,8.34,0,2,0.0
7,1,Player 007,Team 001,28,16,57.15,16,0,100.0
7,2,Player 006,Team 005,28,28,100.0,27,1,96.43
7,3,Player 013,Team 001,28,16,57.15,15,1,93.75
7,4,Player 014,Team 007,28,27,96.43,25,2,92.6
7,5,Player 067,Team 003,28,24,85.72,22,2,91.67
7,6,Player 072,Team 011,28,20,71.43,18,2,90.0
7,7,Player 002,Team 002,28,24,85.72,21,3,87.5
7,8,Player 031,Team 014,28,20,71.43,17,3,85.0
7,9,Player 020,Team 010,28,24,85.72,20,4,83.34
7,10,Player 026,Team 007,28,22,78.58,18,4,81.82
7,11,Player 024,Team 010,28,16,57.15,13,3,81.25
7,12,Player 076,Team 001,28,20,71.43,16,4,80.0
7,13,Player 009,Team 004,28,28,100.0,22,6,78.58
7,14,Player 004,Team 004,28,24,85.72,18,6,75.0
7,15,Player 037,Team 008,28,28,100.0,20,8,71.43
7,16,Player 016,Team 008,28,28,100.0,20,8,71.43
7,16,Player 012,Team 005,28,28,100.0,20,8,71.43
7,17,Player 022,Team 011,28,24,85.72,17,7,70.84
7,17,Player 008,Team 003,28,24,85.72,17,7,70.84
7,17,Player 025,Team 012,28,24,85.72,17,7,70.84
7,18,Player 021,Team 011,28,20,71.43,14,6,70.0
7,18,Player 068,Team 009,28,20,71.43,14,6,70.0
7,19,Player 010,Team 006,28,28,100.0,19,9,67.86
7,20,Player 028,Team 012,28,24,85.72,16,8,66.67
7,21,Player 029,Team 013,28,20,71.43,13,7,65.0
7,22,Player 039,Team 012,28,28,100.0,18,10,64.29
7,23,Player 034,Team 007,28,24,85.72,15,9,62.5
7,24,Player 077,Team 008,28,16,57.15,10,6,62.5
7,25,Player 011,,28,20,71.43,12,8,60.0
7,26,Player 017,Team 004,28,24,85.72,14,10,58.34
7,27,Player 044,Team 014,28,16,57.15,9,7,56.25
7,28,Player 023,Team 011,28,20,71.43,11,9,55.0
7,29,Player 075,Team 004,28,20,71.43,11,9,55.0
7,30,Player 046,Team 015,28,28,100.0,14,14,50.0
7,31,Player 084,Team 014,28,16,57.15,8,8,50.0
7,32,Player 047,Team 015,28,28,100.0,13,15,46.43
7,33,Player 032,Team 006,28,24,85.72,11,13,45.84
7,34,Player 048,Team 015,28,24,85.72,11,13,45.84
7,35,Player 005,Team 003,28,20,71.43,9,11,45.0
7,36,Player 102,Team 006,28,16,57.15,7,9,43.75
7,37,Player 083,Team 012,28,23,82.15,10,13,43.48
7,38,Player 073,Team 006,28,21,75.0,9,12,42.86
7,39,Player 003,Team 003,28,24,85.72,10,14,41.67
7,40,Player 035,Team 008,28,15,53.58,6,9,40.0
7,41,Player 018,Team 004,28,16,57.15,6,10,37.5
7,42,Player 052,Team 013,28,24,85.72,8,16,33.34
7,43,Player 038,Team 005,28,18,64.29,5,13,27.78
7,44,Player 063,Team 010,28,22,78.58,6,16,27.28
7,45,Player 064,Team 010,28,26,92.86,7,19,26.93
7,46,Player 056,Team 015,28,24,85.72,6,18,25.0
7,47,Player 049,Team 007,28,14,50.0,3,11,21.43
7,47,Player 041,Team 002,28,14,50.0,3,11,21.43
7,48,Player 074,Team 002,28,16,57.15,3,13,18.75
7,48,Player 045,Team 009,28,16,57.15,3,13,18.75
7,49,Player 057,Team 016,28,18,64.29,3,15,16.67
7,49,Player 059,Team 016,28,18,64.29,3,15,16.67
7,50,Player 087,Team 016,28,20,71.43,3,17,15.0
7,51,Player 085,Team 016,28,24,85.72,3,21,12.5
7,52,Player 078,Team 002,28,16,57.15,2,14,12.5
7,52,Player 079,Team 009,28,16,57.15,2,14,12.5
7,53,Player 053,Team 002,28,24,85.72,2,22,8.34
7,54,Player 086,Team 016,28,16,57.15,1,15,6.25
7,55,Player 051,Team 013,28,20,71.43,1,19,5.0
7,,Player 069,Team 001,28,12,42.86,12,0,100.0
7,,Player 066,Team 013,28,8,28.58,8,0,100.0
7,,Player 100,Team 001,28,8,28.58,8,0,100.0
7,,Player 090,Team 005,28,2,7.15,2,0,100.0
7,,Player 015,Team 006,28,2,7.15,2,0,100.0
7,,Player 108,Team 008,28,1,3.58,1,0,100.0
7,,Player 001,Team 001,28,12,42.86,10,2,83.34
7,,Player 071,Team 014,28,12,42.86,10,2,83.34
7,,Player 019,Team 009,28,10,35.72,8,2,80.0
7,,Player 095,Team 014,28,12,42.86,9,3,75.0
7,,Player 101,Team 001,28,8,28.58,6,2,75.0
7,,Player 070,Team 014,28,8,28.58,6,2,75.0
7,,Player 096,Team 014,28,8,28.58,6,2,75.0
7,,Player 111,Team 015,28,4,14.29,3,1,75.0
7,,Player 036,Team 008,28,12,42.86,8,4,66.67
7,,Player 042,Team 014,28,12,42.86,7,5,58.34
7,,Player 082,Team 011,28,12,42.86,7,5,58.34
7,,Player 033,Team 011,28,12,42.86,6,6,50.0
7,,Player 089,Team 010,28,12,42.86,6,6,50.0
7,,Player 027,Team 009,28,10,35.72,5,5,50.0
7,,Player 092,Team 008,28,4,14.29,2,2,50.0
7,,Player 109,Team 012,28,5,17.86,2,3,40.0
7,,Player 093,Team 007,28,8,28.58,3,5,37.5
7,,Player 040,Team 005,28,8,28.58,3,5,37.5
7,,Player 107,Team 001,28,8,28.58,3,5,37.5
7,,Player 050,Team 001,28,12,42.86,4,8,33.34
7,,Player 080,Team 009,28,12,42.86,3,9,25.0
7,,Player 043,Team 014,28,8,28.58,2,6,25.0
7,,Player 029,Team 009,28,8,28.58,2,6,25.0
7,,Player 106,Team 013,28,4,14.29,1,3,25.0
7,,Player 030,Team 006,28,10,35.72,2,8,20.0
7,,Player 103,Team 010,28,12,42.86,2,10,16.67
7,,Player 060,Team 008,28,8,28.58,1,7,12.5
7,,Player 105,Team 016,28,8,28.58,1,7,12.5
7,,Player 081,Team 009,28,8,28.58,1,7,12.5
7,,Player 091,Team 005,28,10,35.72,1,9,10.0
7,,Player 054,Team 002,28,12,42.86,0,12,0.0
7,,Player 061,Team 005,28,12,42.86,0,12,0.0
7,,Player 058,Team 009,28,12,42.86,0,12,0.0
7,,Player 088,Team 007,28,8,28.58,0,8,0.0
7,,Player 099,Team 002,28,6,21.43,0,6,0.0
7,,Player 098,Team 007,28,6,21.43,0,6,0.0
7,,Player 062,Team 006,28,5,17.86,0,5,0.0
7,,Player 055,Team 016,28,4,14.29,0,4,0.0
7,,Player 104,Team 005,28,4,14.29,0,4,0.0
7,,Player 097,Team 006,28,4,14.29,0,4,0.0
7,,Player 065,Team 007,28,3,10.72,0,3,0.0
7,,Player 110,Team 005,28,2,7.15,0,2,0.0
7,,Player 094,Team 006,28,2,7.15,0,2,0.0
8,1,Player 007,Team 001,32,20,62.5,20,0,100.0
8,2,Player 006,Team 005,32,32,100.0,31,1,96.88
8,3,Player 013,Team 001,32,16,50.0,15,1,93.75
8,4,Player 014,Team 007,32,31,96.88,29,2,93.55
8,5,Player 002,Team 002,32,26,81.25,23,3,88.47
8,6,Player 072,Team 011,32,24,75.0,21,3,87.5
8,7,Player 067,Team 003,32,28,87.5,24,4,85.72
8,8,Player 031,Team 014,32,24,75.0,20,4,83.34
8,8,Player 020,Team 010,32,24,75.0,20,4,83.34
8,9,Player 024,Team 010,32,16,50.0,13,3,81.25
8,10,Player 026,Team 007,32,26,81.25,21,5,80.77
8,11,Player 076,Team 001,32,24,75.0,19,5,79.17
8,12,Player 004,Team 004,32,28,87.5,22,6,78.58
8,13,Player 012,Team 005,32,32,100.0,24,8,75.0
8,14,Player 021,Team 011,32,24,75.0,18,6,75.0
8,15,Player 001,Team 001,32,16,50.0,12,4,75.0
8,15,Player 071,Team 014,32,16,50.0,12,4,75.0
8,16,Player 009,Team 004,32,32,100.0,23,9,71.88
8,16,Player 010,Team 006,32,32,100.0,23,9,71.88
8,17,Player 016,Team 008,32,28,87.5,20,8,71.43
8,17,Player 028,Team 012,32,28,87.5,20,8,71.43
8,18,Player 037,Team 008,32,28,87.5,20,8,71.43
8,19,Player 022,Team 011,32,24,75.0,17,7,70.84
8,19,Player 025,Team 012,32,24,75.0,17,7,70.84
8,20,Player 068,Team 009,32,20,62.5,14,6,70.0
8,21,Player 039,Team 012,32,32,100.0,21,11,65.63
8,22,Player 008,Team 003,32,28,87.5,18,10,64.29
8,23,Player 017,Team 004,32,28,87.5,18,10,64.29
8,24,Player 029,Team 013,32,24,75.0,15,9,62.5
8,24,Player 034,Team 007,32,24,75.0,15,9,62.5
8,25,Player 077,Team 008,32,16,50.0,10,6,62.5
8,26,Player 023,Team 011,32,24,75.0,14,10,58.34
8,27,Player 042,Team 014,32,16,50.0,9,7,56.25
8,27,Player 089,Team 010,32,16,50.0,9,7,56.25
8,28,Player 033,Team 011,32,16,50.0,9,7,56.25
8,29,Player 044,Team 014,32,20,62.5,11,9,55.0
8,29,Player 102,Team 006,32,20,62.5,11,9,55.0
8,29,Player 075,Team 004,32,20,62.5,11,9,55.0
8,30,Player 035,Team 008,32,19,59.38,10,9,52.64
8,31,Player 083,Team 012,32,27,84.38,14,13,51.86
8,32,Player 046,Team 015,32,32,100.0,16,16,50.0
8,33,Player 011,,32,24,75.0,12,12,50.0
8,34,Player 084,Team 014,32,16,50.0,8,8,50.0
8,35,Player 032,Team 006,32,28,87.5,14,14,50.0
8,36,Player 073,Team 006,32,23,71.88,11,12,47.83
8,37,Player 047,Team 015,32,28,87.5,13,15,46.43
8,38,Player 018,Team 004,32,20,62.5,9,11,45.0
8,39,Player 003,Team 003,32,24,75.0,10,14,41.67
8,40,Player 048,Team 015,32,28,87.5,11,17,39.29
8,41,Player 005,Team 003,32,24,75.0,9,15,37.5
8,42,Player 052,Team 013,32,24,75.0,8,16,33.34
8,43,Player 038,Team 005,32,18,56.25,5,13,27.78
8,44,Player 064,Team 010,32,26,81.25,7,19,26.93
8,45,Player 056,Team 015,32,28,87.5,7,21,25.0
8,46,Player 063,Team 010,32,26,81.25,6,20,23.08
8,47,Player 059,Team 016,32,22,68.75,5,17,22.73
8,48,Player 041,Team 002,32,18,56.25,4,14,22.23
8,49,Player 045,Team 009,32,20,62.5,4,16,20.0
8,50,Player 074,Team 002,32,16,50.0,3,13,18.75
8,51,Player 049,Team 007,32,18,56.25,3,15,16.67
8,52,Player 087,Team 016,32,20,62.5,3,17,15.0
8,53,Player 057,Team 016,32,22,68.75,3,19,13.64
8,54,Player 085,Team 016,32,24,75.0,3,21,12.5
8,55,Player 078,Team 002,32,20,62.5,2,18,10.0
8,55,Player 079,Team 009,32,20,62.5,2,18,10.0
8,56,Player 053,Team 002,32,24,75.0,2,22,8.34
8,57,Player 086,Team 016,32,20,62.5,1,19,5.0
8,58,Player 051,Team 013,32,24,75.0,1,23,4.17
8,59,Player 054,Team 002,32,16,50.0,0,16,0.0
8,,Player 069,Team 001,32,12,37.5,12,0,100.0
8,,Player 100,Team 001,32,12,37.5,12,0,100.0
8,,Player 066,Team 013,32,8,25.0,8,0,100.0
8,,Player 015,Team 006,32,2,6.25,2,0,100.0
8,,Player 019,Team 009,32,10,31.25,8,2,80.0
8,,Player 095,Team 014,32,12,37.5,9,3,75.0
8,,Player 101,Team 001,32,8,25.0,6,2,75.0
8,,Player 070,Team 014,32,8,25.0,6,2,75.0
8,,Player 096,Team 014,32,8,25.0,6,2,75.0
8,,Player 111,Team 015,32,4,12.5,3,1,75.0
8,,Player 036,Team 008,32,14,43.75,10,4,71.43
8,,Player 090,Team 005,32,6,18.75,4,2,66.67
8,,Player 108,Team 008,32,3,9.38,2,1,66.67
8,,Player 092,Team 008,32,8,25.0,5,3,62.5
8,,Player 082,Team 011,32,12,37.5,7,5,58.34
8,,Player 040,Team 005,32,12,37.5,6,6,50.0
8,,Player 027,Team 009,32,10,31.25,5,5,50.0
8,,Player 109,Team 012,32,9,28.13,4,5,44.45
8,,Player 060,Team 008,32,12,37.5,5,7,41.67
8,,Player 107,Team 001,32,8,25.0,3,5,37.5
8,,Player 050,Team 001,32,12,37.5,4,8,33.34
8,,Player 093,Team 007,32,12,37.5,3,9,25.0
8,,Player 080,Team 009,32,12,37.5,3,9,25.0
8,,Player 029,Team 009,32,12,37.5,3,9,25.0
8,,Player 043,Team 014,32,8,25.0,2,6,25.0
8,,Player 106,Team 013,32,8,25.0,2,6,25.0
8,,Player 112,Team 015,32,4,12.5,1,3,25.0
8,,Player 030,Team 006,32,12,37.5,2,10,16.67
8,,Player 081,Team 009,32,12,37.5,2,10,16.67
8,,Player 103,Team 010,32,12,37.5,2,10,16.67
8,,Player 091,Team 005,32,10,31.25,1,9,10.0
8,,Player 105,Team 016,32,12,37.5,1,11,8.34
8,,Player 061,Team 005,32,12,37.5,0,12,0.0
8,,Player 058,Team 009,32,12,37.5,0,12,0.0
8,,Player 099,Team 002,32,8,25.0,0,8,0.0
8,,Player 088,Team 007,32,8,25.0,0,8,0.0
8,,Player 098,Team 007,32,6,18.75,0,6,0.0
8,,Player 062,Team 006,32,5,15.63,0,5,0.0
8,,Player 113,Team 013,32,4,12.5,0,4,0.0
8,,Player 055,Team 016,32,4,12.5,0,4,0.0
8,,Player 114,Team 010,32,4,12.5,0,4,0.0
8,,Player 115,Team 010,32,4,12.5,0,4,0.0
8,,Player 104,Team 005,32,4,12.5,0,4,0.0
8,,Player 097,Team 006,32,4,12.5,0,4,0.0
8,,Player 065,Team 007,32,3,9.38,0,3,0.0
8,,Player 110,Team 005,32,2,6.25,0,2,0.0
8,,Player 094,Team 006,32,2,6.25,0,2,0.0
9,1,Player 007,Team 001,36,20,55.56,20,0,100.0
9,2,Player 006,Team 005,36,36,100.0,35,1,97.23
9,3,Player 014,Team 007,36,31,86.12,29,2,93.55
9,4,Player 002,Team 002,36,26,72.23,23,3,88.47
9,5,Player 072,Team 011,36,28,77.78,24,4,85.72
9,6,Player 067,Team 003,36,32,88.89,27,5,84.38
9,7,Player 031,Team 014,36,24,66.67,20,4,83.34
9,8,Player 001,Team 001,36,20,55.56,16,4,80.0
9,8,Player 024,Team 010,36,20,55.56,16,4,80.0
9,9,Player 026,Team 007,36,30,83.34,24,6,80.0
9,10,Player 076,Team 001,36,24,66.67,19,5,79.17
9,11,Player 004,Team 004,36,32,88.89,25,7,78.13
9,12,Player 010,Team 006,36,36,100.0,27,9,75.0
9,13,Player 021,Team 011,36,28,77.78,21,7,75.0
9,14,Player 012,Team 005,36,36,100.0,27,9,75.0
9,15,Player 028,Team 012,36,32,88.89,24,8,75.0
9,16,Player 020,Team 010,36,28,77.78,21,7,75.0
9,17,Player 037,Team 008,36,32,88.89,23,9,71.88
9,17,Player 009,Team 004,36,32,88.89,23,9,71.88
9,18,Player 068,Team 009,36,24,66.67,17,7,70.84
9,19,Player 016,Team 008,36,32,88.89,22,10,68.75
9,20,Player 022,Team 011,36,28,77.78,19,9,67.86
9,21,Player 039,Team 012,36,36,100.0,24,12,66.67
9,22,Player 025,Team 012,36,28,77.78,18,10,64.29
9,22,Player 034,Team 007,36,28,77.78,18,10,64.29
9,23,Player 029,Team 013,36,24,66.67,15,9,62.5
9,24,Player 008,Team 003,36,32,88.89,20,12,62.5
9,25,Player 017,Team 004,36,32,88.89,20,12,62.5
9,26,Player 102,Team 006,36,24,66.67,15,9,62.5
9,27,Player 036,Team 008,36,18,50.0,11,7,61.12
9,28,Player 032,Team 006,36,32,88.89,18,14,56.25
9,29,Player 046,Team 015,36,36,100.0,20,16,55.56
9,30,Player 044,Team 014,36,20,55.56,11,9,55.0
9,30,Player 077,Team 008,36,20,55.56,11,9,55.0
9,31,Player 023,Team 011,36,28,77.78,15,13,53.58
9,32,Player 047,Team 015,36,32,88.89,17,15,53.13
9,33,Player 035,Team 008,36,19,52.78,10,9,52.64
9,34,Player 083,Team 012,36,27,75.0,14,13,51.86
9,35,Player 073,Team 006,36,25,69.45,12,13,48.0
9,36,Player 018,Team 004,36,24,66.67,11,13,45.84
9,36,Player 075,Team 004,36,24,66.67,11,13,45.84
9,37,Player 084,Team 014,36,20,55.56,9,11,45.0
9,38,Player 011,,36,28,77.78,12,16,42.86
9,39,Player 003,Team 003,36,24,66.67,10,14,41.67
9,40,Player 005,Team 003,36,28,77.78,11,17,39.29
9,40,Player 048,Team 015,36,28,77.78,11,17,39.29
9,41,Player 038,Team 005,36,22,61.12,8,14,36.37
9,42,Player 056,Team 015,36,32,88.89,11,21,34.38
9,43,Player 052,Team 013,36,24,66.67,8,16,33.34
9,44,Player 064,Team 010,36,28,77.78,7,21,25.0
9,45,Player 049,Team 007,36,22,61.12,5,17,22.73
9,45,Player 041,Team 002,36,22,61.12,5,17,22.73
9,45,Player 059,Team 016,36,22,61.12,5,17,22.73
9,46,Player 045,Team 009,36,20,55.56,4,16,20.0
9,47,Player 063,Team 010,36,30,83.34,6,24,20.0
9,48,Player 074,Team 002,36,20,55.56,3,17,15.0
9,49,Player 057,Team 016,36,22,61.12,3,19,13.64
9,50,Player 079,Team 009,36,24,66.67,3,21,12.5
9,50,Player 087,Team 016,36,24,66.67,3,21,12.5
9,51,Player 085,Team 016,36,28,77.78,3,25,10.72
9,52,Player 053,Team 002,36,24,66.67,2,22,8.34
9,52,Player 078,Team 002,36,24,66.67,2,22,8.34
9,53,Player 054,Team 002,36,20,55.56,1,19,5.0
9,53,Player 086,Team 016,36,20,55.56,1,19,5.0
9,54,Player 051,Team 013,36,24,66.67,1,23,4.17
9,,Player 100,Team 001,36,16,44.45,16,0,100.0
9,,Player 069,Team 001,36,12,33.34,12,0,100.0
9,,Player 066,Team 013,36,8,22.23,8,0,100.0
9,,Player 116,Team 007,36,4,11.12,4,0,100.0
9,,Player 015,Team 006,36,2,5.56,2,0,100.0
9,,Player 013,Team 001,36,16,44.45,15,1,93.75
9,,Player 101,Team 001,36,12,33.34,10,2,83.34
9,,Player 095,Team 014,36,16,44.45,13,3,81.25
9,,Player 019,Team 009,36,10,27.78,8,2,80.0
9,,Player 071,Team 014,36,16,44.45,12,4,75.0
9,,Player 070,Team 014,36,12,33.34,9,3,75.0
9,,Player 096,Team 014,36,8,22.23,6,2,75.0
9,,Player 111,Team 015,36,4,11.12,3,1,75.0
9,,Player 090,Team 005,36,6,16.67,4,2,66.67
9,,Player 108,Team 008,36,3,8.34,2,1,66.67
9,,Player 112,Team 015,36,8,22.23,5,3,62.5
9,,Player 092,Team 008,36,8,22.23,5,3,62.5
9,,Player 082,Team 011,36,12,33.34,7,5,58.34
9,,Player 042,Team 014,36,16,44.45,9,7,56.25
9,,Player 033,Team 011,36,16,44.45,9,7,56.25
9,,Player 089,Team 010,36,16,44.45,9,7,56.25
9,,Player 050,Team 001,36,16,44.45,8,8,50.0
9,,Player 040,Team 005,36,14,38.89,7,7,50.0
9,,Player 027,Team 009,36,10,27.78,5,5,50.0
9,,Player 060,Team 008,36,12,33.34,5,7,41.67
9,,Player 109,Team 012,36,13,36.12,5,8,38.47
9,,Player 107,Team 001,36,8,22.23,3,5,37.5
9,,Player 093,Team 007,36,12,33.34,3,9,25.0
9,,Player 043,Team 014,36,12,33.34,3,9,25.0
9,,Player 080,Team 009,36,12,33.34,3,9,25.0
9,,Player 106,Team 013,36,8,22.23,2,6,25.0
9,,Player 094,Team 006,36,4,11.12,1,3,25.0
9,,Player 029,Team 009,36,16,44.45,3,13,18.75
9,,Player 030,Team 006,36,12,33.34,2,10,16.67
9,,Player 081,Team 009,36,12,33.34,2,10,16.67
9,,Player 103,Team 010,36,14,38.89,2,12,14.29
9,,Player 091,Team 005,36,10,27.78,1,9,10.0
9,,Player 105,Team 016,36,16,44.45,1,15,6.25
9,,Player 058,Team 009,36,16,44.45,1,15,6.25
9,,Player 061,Team 005,36,12,33.34,0,12,0.0
9,,Player 099,Team 002,36,8,22.23,0,8,0.0
9,,Player 055,Team 016,36,8,22.23,0,8,0.0
9,,Player 088,Team 007,36,8,22.23,0,8,0.0
9,,Player 104,Team 005,36,6,16.67,0,6,0.0
9,,Player 098,Team 007,36,6,16.67,0,6,0.0
9,,Player 062,Team 006,36,5,13.89,0,5,0.0
9,,Player 113,Team 013,36,4,11.12,0,4,0.0
9,,Player 114,Team 010,36,4,11.12,0,4,0.0
9,,Player 115,Team 010,36,4,11.12,0,4,0.0
9,,Player 097,Team 006,36,4,11.12,0,4,0.0
9,,Player 065,Team 007,36,3,8.34,0,3,0.0
9,,Player 110,Team 005,36,2,5.56,0,2,0.0
10,1,Player 007,Team 001,40,24,60.0,24,0,100.0
10,2,Player 100,Team 001,40,20,50.0,20,0,100.0
10,3,Player 006,Team 005,40,40,100.0,39,1,97.5
10,4,Player 013,Team 001,40,20,50.0,19,1,95.0
10,5,Player 014,Team 007,40,35,87.5,32,3,91.43
10,6,Player 067,Team 003,40,36,90.0,30,6,83.34
10,7,Player 002,Team 002,40,30,75.0,25,5,83.34
10,8,Player 031,Team 014,40,28,70.0,23,5,82.15
10,9,Player 004,Team 004,40,36,90.0,29,7,80.56
10,10,Player 001,Team 001,40,20,50.0,16,4,80.0
10,10,Player 071,Team 014,40,20,50.0,16,4,80.0
10,11,Player 026,Team 007,40,34,85.0,27,7,79.42
10,12,Player 076,Team 001,40,24,60.0,19,5,79.17
10,13,Player 028,Team 012,40,36,90.0,28,8,77.78
10,14,Player 010,Team 006,40,40,100.0,31,9,77.5
10,15,Player 012,Team 005,40,40,100.0,30,10,75.0
10,16,Player 072,Team 011,40,32,80.0,24,8,75.0
10,17,Player 024,Team 010,40,24,60.0,18,6,75.0
10,18,Player 068,Team 009,40,24,60.0,17,7,70.84
10,19,Player 009,Team 004,40,34,85.0,24,10,70.59
10,20,Player 039,Team 012,40,40,100.0,28,12,70.0
10,21,Player 016,Team 008,40,36,90.0,25,11,69.45
10,22,Player 034,Team 007,40,32,80.0,22,10,68.75
10,23,Player 020,Team 010,40,32,80.0,22,10,68.75
10,24,Player 022,Team 011,40,28,70.0,19,9,67.86
10,25,Player 037,Team 008,40,34,85.0,23,11,67.65
10,26,Player 021,Team 011,40,32,80.0,21,11,65.63
10,27,Player 025,Team 012,40,28,70.0,18,10,64.29
10,28,Player 008,Team 003,40,36,90.0,23,13,63.89
10,29,Player 017,Team 004,40,36,90.0,23,13,63.89
10,30,Player 029,Team 013,40,24,60.0,15,9,62.5
10,31,Player 102,Team 006,40,28,70.0,16,12,57.15
10,32,Player 046,Team 015,40,40,100.0,22,18,55.0
10,33,Player 044,Team 014,40,20,50.0,11,9,55.0
10,34,Player 083,Team 012,40,27,67.5,14,13,51.86
10,35,Player 047,Team 015,40,36,90.0,18,18,50.0
10,36,Player 018,Team 004,40,28,70.0,14,14,50.0
10,37,Player 075,Team 004,40,26,65.0,13,13,50.0
10,38,Player 032,Team 006,40,36,90.0,18,18,50.0
10,39,Player 073,Team 006,40,29,72.5,14,15,48.28
10,40,Player 023,Team 011,40,32,80.0,15,17,46.88
10,41,Player 077,Team 008,40,24,60.0,11,13,45.84
10,42,Player 033,Team 011,40,20,50.0,9,11,45.0
10,43,Player 011,,40,32,80.0,14,18,43.75
10,44,Player 035,Team 008,40,23,57.5,10,13,43.48
10,45,Player 048,Team 015,40,32,80.0,13,19,40.63
10,46,Player 003,Team 003,40,28,70.0,11,17,39.29
10,46,Player 005,Team 003,40,28,70.0,11,17,39.29
10,47,Player 056,Team 015,40,36,90.0,14,22,38.89
10,48,Player 084,Team 014,40,24,60.0,9,15,37.5
10,49,Player 038,Team 005,40,22,55.0,8,14,36.37
10,50,Player 029,Team 009,40,20,50.0,7,13,35.0
10,51,Player 052,Team 013,40,24,60.0,8,16,33.34
10,51,Player 045,Team 009,40,24,60.0,8,16,33.34
10,52,Player 041,Team 002,40,26,65.0,7,19,26.93
10,53,Player 074,Team 002,40,24,60.0,6,18,25.0
10,54,Player 059,Team 016,40,26,65.0,6,20,23.08
10,55,Player 049,Team 007,40,22,55.0,5,17,22.73
10,56,Player 064,Team 010,40,32,80.0,7,25,21.88
10,57,Player 063,Team 010,40,34,85.0,6,28,17.65
10,58,Player 053,Team 002,40,28,70.0,4,24,14.29
10,59,Player 079,Team 009,40,24,60.0,3,21,12.5
10,60,Player 057,Team 016,40,26,65.0,3,23,11.54
10,61,Player 085,Team 016,40,28,70.0,3,25,10.72
10,61,Player 087,Team 016,40,28,70.0,3,25,10.72
10,62,Player 078,Team 002,40,24,60.0,2,22,8.34
10,63,Player 054,Team 002,40,20,50.0,1,19,5.0
10,64,Player 051,Team 013,40,24,60.0,1,23,4.17
10,64,Player 086,Team 016,40,24,60.0,1,23,4.17
10,,Player 069,Team 001,40,16,40.0,16,0,100.0
10,,Player 066,Team 013,40,8,20.0,8,0,100.0
10,,Player 015,Team 006,40,2,5.0,2,0,100.0
10,,Player 116,Team 007,40,8,20.0,7,1,87.5
10,,Player 019,Team 009,40,14,35.0,12,2,85.72
10,,Player 101,Team 001,40,12,30.0,10,2,83.34
10,,Player 095,Team 014,40,16,40.0,13,3,81.25
10,,Player 070,Team 014,40,12,30.0,9,3,75.0
10,,Player 096,Team 014,40,8,20.0,6,2,75.0
10,,Player 117,Team 012,40,4,10.0,3,1,75.0
10,,Player 111,Team 015,40,4,10.0,3,1,75.0
10,,Player 090,Team 005,40,6,15.0,4,2,66.67
10,,Player 108,Team 008,40,3,7.5,2,1,66.67
10,,Player 112,Team 015,40,8,20.0,5,3,62.5
10,,Player 092,Team 008,40,8,20.0,5,3,62.5
10,,Player 036,Team 008,40,18,45.0,11,7,61.12
10,,Player 082,Team 011,40,12,30.0,7,5,58.34
10,,Player 042,Team 014,40,16,40.0,9,7,56.25
10,,Player 089,Team 010,40,16,40.0,9,7,56.25
10,,Player 109,Team 012,40,17,42.5,9,8,52.95
10,,Player 050,Team 001,40,16,40.0,8,8,50.0
10,,Player 040,Team 005,40,14,35.0,7,7,50.0
10,,Player 027,Team 009,40,10,25.0,5,5,50.0
10,,Player 081,Team 009,40,16,40.0,6,10,37.5
10,,Player 107,Team 001,40,8,20.0,3,5,37.5
10,,Player 060,Team 008,40,14,35.0,5,9,35.72
10,,Player 043,Team 014,40,16,40.0,4,12,25.0
10,,Player 093,Team 007,40,12,30.0,3,9,25.0
10,,Player 080,Team 009,40,12,30.0,3,9,25.0
10,,Player 106,Team 013,40,8,20.0,2,6,25.0
10,,Player 094,Team 006,40,4,10.0,1,3,25.0
10,,Player 030,Team 006,40,12,30.0,2,10,16.67
10,,Player 103,Team 010,40,14,35.0,2,12,14.29
10,,Player 091,Team 005,40,10,25.0,1,9,10.0
10,,Player 105,Team 016,40,16,40.0,1,15,6.25
10,,Player 058,Team 009,40,16,40.0,1,15,6.25
10,,Player 061,Team 005,40,16,40.0,0,16,0.0
10,,Player 099,Team 002,40,8,20.0,0,8,0.0
10,,Player 055,Team 016,40,8,20.0,0,8,0.0
10,,Player 088,Team 007,40,8,20.0,0,8,0.0
10,,Player 110,Team 005,40,6,15.0,0,6,0.0
10,,Player 104,Team 005,40,6,15.0,0,6,0.0
10,,Player 098,Team 007,40,6,15.0,0,6,0.0
10,,Player 062,Team 006,40,5,12.5,0,5,0.0
10,,Player 113,Team 013,40,4,10.0,0,4,0.0
10,,Player 114,Team 010,40,4,10.0,0,4,0.0
10,,Player 115,Team 010,40,4,10.0,0,4,0.0
10,,Player 097,Team 006,40,4,10.0,0,4,0.0
10,,Player 065,Team 007,40,3,7.5,0,3,0.0
11,1,Player 007,Team 001,44,28,63.64,28,0,100.0
11,2,Player 100,Team 001,44,24,54.55,24,0,100.0
11,3,Player 013,Team 001,44,24,54.55,23,1,95.84
11,4,Player 006,Team 005,44,44,100.0,42,2,95.46
11,5,Player 014,Team 007,44,37,84.1,32,5,86.49
11,6,Player 067,Team 003,44,40,90.91,34,6,85.0
11,7,Player 002,Team 002,44,32,72.73,27,5,84.38
11,8,Player 031,Team 014,44,28,63.64,23,5,82.15
11,9,Player 028,Team 012,44,40,90.91,32,8,80.0
11,10,Player 010,Team 006,44,44,100.0,35,9,79.55
11,11,Player 076,Team 001,44,24,54.55,19,5,79.17
11,11,Player 001,Team 001,44,24,54.55,19,5,79.17
11,12,Player 026,Team 007,44,36,81.82,28,8,77.78
11,13,Player 004,Team 004,44,40,90.91,31,9,77.5
11,14,Player 072,Team 011,44,36,81.82,27,9,75.0
11,15,Player 068,Team 009,44,28,63.64,21,7,75.0
11,16,Player 024,Team 010,44,24,54.55,18,6,75.0
11,17,Player 009,Team 004,44,38,86.37,28,10,73.69
11,18,Player 012,Team 005,44,44,100.0,31,13,70.46
11,19,Player 016,Team 008,44,40,90.91,28,12,70.0
11,20,Player 020,Team 010,44,36,81.82,25,11,69.45
11,21,Player 029,Team 013,44,28,63.64,19,9,67.86
11,22,Player 021,Team 011,44,36,81.82,24,12,66.67
11,23,Player 039,Team 012,44,44,100.0,29,15,65.91
11,24,Player 037,Team 008,44,38,86.37,25,13,65.79
11,25,Player 008,Team 003,44,40,90.91,26,14,65.0
11,26,Player 036,Team 008,44,22,50.0,14,8,63.64
11,27,Player 025,Team 012,44,32,72.73,20,12,62.5
11,28,Player 022,Team 011,44,32,72.73,20,12,62.5
11,28,Player 102,Team 006,44,32,72.73,20,12,62.5
11,29,Player 034,Team 007,44,36,81.82,22,14,61.12
11,30,Player 017,Team 004,44,40,90.91,24,16,60.0
11,31,Player 046,Team 015,44,44,100.0,25,19,56.82
11,32,Player 047,Team 015,44,40,90.91,21,19,52.5
11,33,Player 032,Team 006,44,36,81.82,18,18,50.0
11,34,Player 075,Team 004,44,26,59.1,13,13,50.0
11,35,Player 073,Team 006,44,29,65.91,14,15,48.28
11,36,Player 023,Team 011,44,36,81.82,17,19,47.23
11,37,Player 083,Team 012,44,31,70.46,14,17,45.17
11,38,Player 018,Team 004,44,32,72.73,14,18,43.75
11,38,Player 011,,44,32,72.73,14,18,43.75
11,39,Player 035,Team 008,44,23,52.28,10,13,43.48
11,40,Player 077,Team 008,44,28,63.64,12,16,42.86
11,41,Player 056,Team 015,44,40,90.91,17,23,42.5
11,42,Player 048,Team 015,44,36,81.82,15,21,41.67
11,43,Player 003,Team 003,44,32,72.73,13,19,40.63
11,43,Player 005,Team 003,44,32,72.73,13,19,40.63
11,44,Player 052,Team 013,44,28,63.64,11,17,39.29
11,45,Player 084,Team 014,44,28,63.64,10,18,35.72
11,46,Player 038,Team 005,44,26,59.1,9,17,34.62
11,47,Player 041,Team 002,44,28,63.64,8,20,28.58
11,47,Player 074,Team 002,44,28,63.64,8,20,28.58
11,47,Player 045,Team 009,44,28,63.64,8,20,28.58
11,48,Player 059,Team 016,44,30,68.19,8,22,26.67
11,49,Player 049,Team 007,44,22,50.0,5,17,22.73
11,50,Player 064,Team 010,44,36,81.82,8,28,22.23
11,51,Player 063,Team 010,44,34,77.28,6,28,17.65
11,52,Player 085,Team 016,44,32,72.73,5,27,15.63
11,52,Player 087,Team 016,44,32,72.73,5,27,15.63
11,53,Player 053,Team 002,44,28,63.64,4,24,14.29
11,53,Player 079,Team 009,44,28,63.64,4,24,14.29
11,54,Player 057,Team 016,44,30,68.19,4,26,13.34
11,55,Player 051,Team 013,44,28,63.64,3,25,10.72
11,56,Player 078,Team 002,44,28,63.64,3,25,10.72
11,57,Player 054,Team 002,44,24,54.55,2,22,8.34
11,58,Player 086,Team 016,44,24,54.55,1,23,4.17
11,,Player 069,Team 001,44,16,36.37,16,0,100.0
11,,Player 066,Team 013,44,8,18.19,8,0,100.0
11,,Player 015,Team 006,44,2,4.55,2,0,100.0
11,,Player 019,Team 009,44,14,31.82,12,2,85.72
11,,Player 101,Team 001,44,12,27.28,10,2,83.34
11,,Player 095,Team 014,44,16,36.37,13,3,81.25
11,,Player 071,Team 014,44,20,45.46,16,4,80.0
11,,Player 096,Team 014,44,12,27.28,9,3,75.0
11,,Player 117,Team 012,44,4,9.1,3,1,75.0
11,,Player 111,Team 015,44,4,9.1,3,1,75.0
11,,Player 070,Team 014,44,16,36.37,11,5,68.75
11,,Player 090,Team 005,44,6,13.64,4,2,66.67
11,,Player 108,Team 008,44,3,6.82,2,1,66.67
11,,Player 089,Team 010,44,20,45.46,13,7,65.0
11,,Player 112,Team 015,44,8,18.19,5,3,62.5
11,,Player 092,Team 008,44,8,18.19,5,3,62.5
11,,Player 082,Team 011,44,12,27.28,7,5,58.34
11,,Player 116,Team 007,44,12,27.28,7,5,58.34
11,,Player 042,Team 014,44,16,36.37,9,7,56.25
11,,Player 044,Team 014,44,20,45.46,11,9,55.0
11,,Player 109,Team 012,44,17,38.64,9,8,52.95
11,,Player 050,Team 001,44,16,36.37,8,8,50.0
11,,Player 040,Team 005,44,14,31.82,7,7,50.0
11,,Player 027,Team 009,44,10,22.73,5,5,50.0
11,,Player 033,Team 011,44,20,45.46,9,11,45.0
11,,Player 081,Team 009,44,16,36.37,6,10,37.5
11,,Player 107,Team 001,44,8,18.19,3,5,37.5
11,,Player 060,Team 008,44,14,31.82,5,9,35.72
11,,Player 029,Team 009,44,20,45.46,7,13,35.0
11,,Player 043,Team 014,44,20,45.46,6,14,30.0
11,,Player 093,Team 007,44,12,27.28,3,9,25.0
11,,Player 080,Team 009,44,12,27.28,3,9,25.0
11,,Player 106,Team 013,44,8,18.19,2,6,25.0
11,,Player 094,Team 006,44,4,9.1,1,3,25.0
11,,Player 030,Team 006,44,16,36.37,3,13,18.75
11,,Player 103,Team 010,44,18,40.91,2,16,11.12
11,,Player 091,Team 005,44,14,31.82,1,13,7.15
11,,Player 105,Team 016,44,16,36.37,1,15,6.25
11,,Player 058,Team 009,44,20,45.46,1,19,5.0
11,,Player 061,Team 005,44,16,36.37,0,16,0.0
11,,Player 062,Team 006,44,9,20.46,0,9,0.0
11,,Player 099,Team 002,44,8,18.19,0,8,0.0
11,,Player 055,Team 016,44,8,18.19,0,8,0.0
11,,Player 088,Team 007,44,8,18.19,0,8,0.0
11,,Player 110,Team 005,44,6,13.64,0,6,0.0
11,,Player 104,Team 005,44,6,13.64,0,6,0.0
11,,Player 098,Team 007,44,6,13.64,0,6,0.0
11,,Player 113,Team 013,44,4,9.1,0,4,0.0
11,,Player 114,Team 010,44,4,9.1,0,4,0.0
11,,Player 115,Team 010,44,4,9.1,0,4,0.0
11,,Player 097,Team 006,44,4,9.1,0,4,0.0
11,,Player 118,Team 007,44,4,9.1,0,4,0.0
11,,Player 065,Team 007,44,3,6.82,0,3,0.0
12,1,Player 007,Team 001,48,32,66.67,32,0,100.0
12,2,Player 100,Team 001,48,28,58.34,28,0,100.0
12,3,Player 006,Team 005,48,48,100.0,46,2,95.84
12,4,Player 013,Team 001,48,24,50.0,23,1,95.84
12,5,Player 014,Team 007,48,41,85.42,36,5,87.81
12,6,Player 067,Team 003,48,44,91.67,38,6,86.37
12,7,Player 002,Team 002,48,34,70.84,29,5,85.3
12,8,Player 071,Team 014,48,24,50.0,20,4,83.34
12,9,Player 031,Team 014,48,28,58.34,23,5,82.15
12,10,Player 010,Team 006,48,48,100.0,38,10,79.17
12,11,Player 001,Team 001,48,24,50.0,19,5,79.17
12,12,Player 068,Team 009,48,32,66.67,25,7,78.13
12,13,Player 072,Team 011,48,40,83.34,31,9,77.5
12,14,Player 028,Team 012,48,44,91.67,34,10,77.28
12,15,Player 026,Team 007,48,39,81.25,30,9,76.93
12,16,Player 076,Team 001,48,28,58.34,21,7,75.0
12,17,Player 009,Team 004,48,41,85.42,30,11,73.18
12,18,Player 012,Team 005,48,48,100.0,35,13,72.92
12,19,Player 004,Team 004,48,44,91.67,32,12,72.73
12,20,Player 024,Team 010,48,28,58.34,20,8,71.43
12,21,Player 016,Team 008,48,44,91.67,31,13,70.46
12,22,Player 020,Team 010,48,36,75.0,25,11,69.45
12,23,Player 008,Team 003,48,44,91.67,30,14,68.19
12,24,Player 021,Team 011,48,40,83.34,27,13,67.5
12,25,Player 037,Team 008,48,38,79.17,25,13,65.79
12,26,Player 022,Team 011,48,36,75.0,23,13,63.89
12,27,Player 029,Team 013,48,32,66.67,20,12,62.5
12,28,Player 039,Team 012,48,48,100.0,30,18,62.5
12,29,Player 036,Team 008,48,26,54.17,16,10,61.54
12,30,Player 025,Team 012,48,36,75.0,22,14,61.12
12,30,Player 034,Team 007,48,36,75.0,22,14,61.12
12,31,Player 046,Team 015,48,48,100.0,29,19,60.42
12,32,Player 017,Team 004,48,44,91.67,25,19,56.82
12,32,Player 047,Team 015,48,44,91.67,25,19,56.82
12,33,Player 102,Team 006,48,36,75.0,20,16,55.56
12,34,Player 023,Team 011,48,40,83.34,20,20,50.0
12,35,Player 011,,48,36,75.0,18,18,50.0
12,36,Player 032,Team 006,48,36,75.0,18,18,50.0
12,37,Player 073,Team 006,48,29,60.42,14,15,48.28
12,38,Player 075,Team 004,48,27,56.25,13,14,48.15
12,39,Player 083,Team 012,48,35,72.92,16,19,45.72
12,40,Player 048,Team 015,48,40,83.34,18,22,45.0
12,41,Player 003,Team 003,48,36,75.0,16,20,44.45
12,42,Player 018,Team 004,48,36,75.0,16,20,44.45
12,43,Player 077,Team 008,48,32,66.67,14,18,43.75
12,44,Player 056,Team 015,48,40,83.34,17,23,42.5
12,45,Player 005,Team 003,48,32,66.67,13,19,40.63
12,46,Player 035,Team 008,48,25,52.09,10,15,40.0
12,47,Player 052,Team 013,48,28,58.34,11,17,39.29
12,48,Player 038,Team 005,48,26,54.17,9,17,34.62
12,49,Player 045,Team 009,48,32,66.67,11,21,34.38
12,50,Player 084,Team 014,48,30,62.5,10,20,33.34
12,51,Player 074,Team 002,48,28,58.34,8,20,28.58
12,52,Player 059,Team 016,48,34,70.84,9,25,26.48
12,53,Player 041,Team 002,48,32,66.67,8,24,25.0
12,54,Player 064,Team 010,48,36,75.0,8,28,22.23
12,55,Player 049,Team 007,48,26,54.17,5,21,19.24
12,56,Player 085,Team 016,48,36,75.0,6,30,16.67
12,57,Player 058,Team 009,48,24,50.0,4,20,16.67
12,58,Player 063,Team 010,48,38,79.17,6,32,15.79
12,59,Player 087,Team 016,48,32,66.67,5,27,15.63
12,60,Player 057,Team 016,48,34,70.84,5,29,14.71
12,61,Player 079,Team 009,48,28,58.34,4,24,14.29
12,62,Player 053,Team 002,48,32,66.67,4,28,12.5
12,63,Player 078,Team 002,48,30,62.5,3,27,10.0
12,64,Player 051,Team 013,48,32,66.67,3,29,9.38
12,65,Player 054,Team 002,48,28,58.34,2,26,7.15
12,65,Player 086,Team 016,48,28,58.34,2,26,7.15
12,,Player 069,Team 001,48,16,33.34,16,0,100.0
12,,Player 066,Team 013,48,8,16.67,8,0,100.0
12,,Player 015,Team 006,48,2,4.17,2,0,100.0
12,,Player 019,Team 009,48,18,37.5,16,2,88.89
12,,Player 095,Team 014,48,16,33.34,13,3,81.25
12,,Player 096,Team 014,48,16,33.34,12,4,75.0
12,,Player 117,Team 012,48,4,8.34,3,1,75.0
12,,Player 111,Team 015,48,4,8.34,3,1,75.0
12,,Player 070,Team 014,48,16,33.34,11,5,68.75
12,,Player 112,Team 015,48,12,25.0,8,4,66.67
12,,Player 090,Team 005,48,6,12.5,4,2,66.67
12,,Player 108,Team 008,48,3,6.25,2,1,66.67
12,,Player 089,Team 010,48,20,41.67,13,7,65.0
12,,Player 101,Team 001,48,16,33.34,10,6,62.5
12,,Player 116,Team 007,48,16,33.34,10,6,62.5
12,,Player 092,Team 008,48,8,16.67,5,3,62.5
12,,Player 040,Team 005,48,18,37.5,11,7,61.12
12,,Player 082,Team 011,48,12,25.0,7,5,58.34
12,,Player 109,Team 012,48,17,35.42,9,8,52.95
12,,Player 044,Team 014,48,22,45.84,11,11,50.0
12,,Player 042,Team 014,48,20,41.67,10,10,50.0
12,,Player 050,Team 001,48,16,33.34,8,8,50.0
12,,Player 027,Team 009,48,10,20.84,5,5,50.0
12,,Player 033,Team 011,48,20,41.67,9,11,45.0
12,,Player 060,Team 008,48,16,33.34,6,10,37.5
12,,Player 081,Team 009,48,16,33.34,6,10,37.5
12,,Player 107,Team 001,48,8,16.67,3,5,37.5
12,,Player 029,Team 009,48,20,41.67,7,13,35.0
12,,Player 043,Team 014,48,20,41.67,6,14,30.0
12,,Player 093,Team 007,48,12,25.0,3,9,25.0
12,,Player 080,Team 009,48,12,25.0,3,9,25.0
12,,Player 094,Team 006,48,4,8.34,1,3,25.0
12,,Player 106,Team 013,48,12,25.0,2,10,16.67
12,,Player 030,Team 006,48,20,41.67,3,17,15.0
12,,Player 103,Team 010,48,22,45.84,2,20,9.1
12,,Player 091,Team 005,48,14,29.17,1,13,7.15
12,,Player 105,Team 016,48,16,33.34,1,15,6.25
12,,Player 061,Team 005,48,20,41.67,0,20,0.0
12,,Player 062,Team 006,48,13,27.09,0,13,0.0
12,,Player 099,Team 002,48,8,16.67,0,8,0.0
12,,Player 055,Team 016,48,8,16.67,0,8,0.0
12,,Player 115,Team 010,48,8,16.67,0,8,0.0
12,,Player 088,Team 007,48,8,16.67,0,8,0.0
12,,Player 098,Team 007,48,7,14.59,0,7,0.0
12,,Player 110,Team 005,48,6,12.5,0,6,0.0
12,,Player 104,Team 005,48,6,12.5,0,6,0.0
12,,Player 113,Team 013,48,4,8.34,0,4,0.0
12,,Player 114,Team 010,48,4,8.34,0,4,0.0
12,,Player 097,Team 006,48,4,8.34,0,4,0.0
12,,Player 118,Team 007,48,4,8.34,0,4,0.0
12,,Player 065,Team 007,48,3,6.25,0,3,0.0
13,1,Player 100,Team 001,52,28,53.85,28,0,100.0
13,2,Player 007,Team 001,52,36,69.24,35,1,97.23
13,3,Player 006,Team 005,52,52,100.0,50,2,96.16
13,4,Player 002,Team 002,52,38,73.08,33,5,86.85
13,5,Player 014,Team 007,52,45,86.54,39,6,86.67
13,6,Player 067,Team 003,52,48,92.31,41,7,85.42
13,7,Player 001,Team 001,52,28,53.85,23,5,82.15
13,7,Player 031,Team 014,52,28,53.85,23,5,82.15
13,8,Player 068,Team 009,52,36,69.24,29,7,80.56
13,9,Player 010,Team 006,52,48,92.31,38,10,79.17
13,10,Player 028,Team 012,52,48,92.31,38,10,79.17
13,11,Player 071,Team 014,52,28,53.85,22,6,78.58
13,12,Player 026,Team 007,52,39,75.0,30,9,76.93
13,13,Player 072,Team 011,52,44,84.62,33,11,75.0
13,14,Player 076,Team 001,52,28,53.85,21,7,75.0
13,15,Player 012,Team 005,52,52,100.0,38,14,73.08
13,16,Player 016,Team 008,52,48,92.31,35,13,72.92
13,17,Player 004,Team 004,52,48,92.31,35,13,72.92
13,18,Player 024,Team 010,52,28,53.85,20,8,71.43
13,19,Player 009,Team 004,52,45,86.54,32,13,71.12
13,20,Player 008,Team 003,52,48,92.31,33,15,68.75
13,21,Player 037,Team 008,52,42,80.77,28,14,66.67
13,22,Player 021,Team 011,52,44,84.62,29,15,65.91
13,23,Player 039,Team 012,52,52,100.0,33,19,63.47
13,24,Player 036,Team 008,52,30,57.7,19,11,63.34
13,25,Player 022,Team 011,52,40,76.93,25,15,62.5
13,25,Player 034,Team 007,52,40,76.93,25,15,62.5
13,26,Player 029,Team 013,52,32,61.54,20,12,62.5
13,27,Player 020,Team 010,52,40,76.93,25,15,62.5
13,28,Player 046,Team 015,52,52,100.0,32,20,61.54
13,29,Player 025,Team 012,52,40,76.93,24,16,60.0
13,30,Player 047,Team 015,52,48,92.31,27,21,56.25
13,31,Player 102,Team 006,52,40,76.93,22,18,55.0
13,32,Player 017,Team 004,52,48,92.31,26,22,54.17
13,33,Player 011,,52,40,76.93,21,19,52.5
13,34,Player 032,Team 006,52,40,76.93,21,19,52.5
13,35,Player 073,Team 006,52,33,63.47,17,16,51.52
13,36,Player 023,Team 011,52,44,84.62,22,22,50.0
13,37,Player 075,Team 004,52,27,51.93,13,14,48.15
13,38,Player 048,Team 015,52,40,76.93,18,22,45.0
13,39,Player 003,Team 003,52,36,69.24,16,20,44.45
13,39,Player 005,Team 003,52,36,69.24,16,20,44.45
13,40,Player 077,Team 008,52,32,61.54,14,18,43.75
13,41,Player 083,Team 012,52,39,75.0,17,22,43.59
13,42,Player 056,Team 015,52,44,84.62,19,25,43.19
13,43,Player 044,Team 014,52,26,50.0,11,15,42.31
13,44,Player 018,Team 004,52,40,76.93,16,24,40.0
13,45,Player 052,Team 013,52,28,53.85,11,17,39.29
13,46,Player 038,Team 005,52,26,50.0,9,17,34.62
13,47,Player 045,Team 009,52,32,61.54,11,21,34.38
13,48,Player 059,Team 016,52,38,73.08,13,25,34.22
13,49,Player 084,Team 014,52,30,57.7,10,20,33.34
13,50,Player 074,Team 002,52,32,61.54,10,22,31.25
13,51,Player 041,Team 002,52,36,69.24,10,26,27.78
13,52,Player 085,Team 016,52,40,76.93,10,30,25.0
13,53,Player 087,Team 016,52,36,69.24,9,27,25.0
13,54,Player 064,Team 010,52,40,76.93,8,32,20.0
13,55,Player 049,Team 007,52,26,50.0,5,21,19.24
13,56,Player 086,Team 016,52,32,61.54,6,26,18.75
13,57,Player 057,Team 016,52,34,65.39,5,29,14.71
13,58,Player 063,Team 010,52,42,80.77,6,36,14.29
13,59,Player 079,Team 009,52,28,53.85,4,24,14.29
13,60,Player 053,Team 002,52,32,61.54,4,28,12.5
13,61,Player 051,Team 013,52,32,61.54,3,29,9.38
13,62,Player 078,Team 002,52,34,65.39,3,31,8.83
13,63,Player 054,Team 002,52,28,53.85,2,26,7.15
13,,Player 069,Team 001,52,19,36.54,19,0,100.0
13,,Player 066,Team 013,52,8,15.39,8,0,100.0
13,,Player 015,Team 006,52,2,3.85,2,0,100.0
13,,Player 013,Team 001,52,24,46.16,23,1,95.84
13,,Player 019,Team 009,52,18,34.62,16,2,88.89
13,,Player 095,Team 014,52,16,30.77,13,3,81.25
13,,Player 096,Team 014,52,16,30.77,12,4,75.0
13,,Player 108,Team 008,52,4,7.7,3,1,75.0
13,,Player 117,Team 012,52,4,7.7,3,1,75.0
13,,Player 111,Team 015,52,4,7.7,3,1,75.0
13,,Player 090,Team 005,52,6,11.54,4,2,66.67
13,,Player 101,Team 001,52,20,38.47,13,7,65.0
13,,Player 089,Team 010,52,24,46.16,15,9,62.5
13,,Player 116,Team 007,52,16,30.77,10,6,62.5
13,,Player 092,Team 008,52,8,15.39,5,3,62.5
13,,Player 082,Team 011,52,12,23.08,7,5,58.34
13,,Player 112,Team 015,52,16,30.77,9,7,56.25
13,,Player 070,Team 014,52,20,38.47,11,9,55.0
13,,Player 040,Team 005,52,22,42.31,12,10,54.55
13,,Player 109,Team 012,52,17,32.7,9,8,52.95
13,,Player 050,Team 001,52,17,32.7,9,8,52.95
13,,Player 042,Team 014,52,20,38.47,10,10,50.0
13,,Player 027,Team 009,52,10,19.24,5,5,50.0
13,,Player 060,Team 008,52,19,36.54,9,10,47.37
13,,Player 033,Team 011,52,20,38.47,9,11,45.0
13,,Player 035,Team 008,52,25,48.08,10,15,40.0
13,,Player 107,Team 001,52,8,15.39,3,5,37.5
13,,Player 094,Team 006,52,6,11.54,2,4,33.34
13,,Player 081,Team 009,52,20,38.47,6,14,30.0
13,,Player 029,Team 009,52,24,46.16,7,17,29.17
13,,Player 043,Team 014,52,24,46.16,6,18,25.0
13,,Player 093,Team 007,52,16,30.77,3,13,18.75
13,,Player 080,Team 009,52,16,30.77,3,13,18.75
13,,Player 058,Team 009,52,24,46.16,4,20,16.67
13,,Player 106,Team 013,52,12,23.08,2,10,16.67
13,,Player 030,Team 006,52,22,42.31,3,19,13.64
13,,Player 103,Team 010,52,22,42.31,2,20,9.1
13,,Player 088,Team 007,52,12,23.08,1,11,8.34
13,,Player 091,Team 005,52,14,26.93,1,13,7.15
13,,Player 105,Team 016,52,16,30.77,1,15,6.25
13,,Player 061,Team 005,52,20,38.47,0,20,0.0
13,,Player 062,Team 006,52,13,25.0,0,13,0.0
13,,Player 104,Team 005,52,10,19.24,0,10,0.0
13,,Player 099,Team 002,52,8,15.39,0,8,0.0
13,,Player 055,Team 016,52,8,15.39,0,8,0.0
13,,Player 115,Team 010,52,8,15.39,0,8,0.0
13,,Player 098,Team 007,52,7,13.47,0,7,0.0
13,,Player 110,Team 005,52,6,11.54,0,6,0.0
13,,Player 113,Team 013,52,4,7.7,0,4,0.0
13,,Player 114,Team 010,52,4,7.7,0,4,0.0
13,,Player 097,Team 006,52,4,7.7,0,4,0.0
13,,Player 118,Team 007,52,4,7.7,0,4,0.0
13,,Player 065,Team 007,52,3,5.77,0,3,0.0
14,1,Player 100,Team 001,56,32,57.15,32,0,100.0
14,2,Player 007,Team 001,56,36,64.29,35,1,97.23
14,3,Player 006,Team 005,56,56,100.0,52,4,92.86
14,4,Player 067,Team 003,56,52,92.86,45,7,86.54
14,5,Player 014,Team 007,56,49,87.5,42,7,85.72
14,6,Player 002,Team 002,56,42,75.0,36,6,85.72
14,7,Player 001,Team 001,56,28,50.0,23,5,82.15
14,7,Player 031,Team 014,56,28,50.0,23,5,82.15
14,8,Player 068,Team 009,56,36,64.29,29,7,80.56
14,9,Player 010,Team 006,56,52,92.86,41,11,78.85
14,10,Player 028,Team 012,56,52,92.86,41,11,78.85
14,11,Player 071,Team 014,56,32,57.15,25,7,78.13
14,12,Player 072,Team 011,56,48,85.72,37,11,77.09
14,13,Player 026,Team 007,56,43,76.79,33,10,76.75
14,14,Player 016,Team 008,56,52,92.86,39,13,75.0
14,15,Player 076,Team 001,56,32,57.15,24,8,75.0
14,16,Player 012,Team 005,56,56,100.0,41,15,73.22
14,17,Player 004,Team 004,56,52,92.86,38,14,73.08
14,18,Player 024,Team 010,56,28,50.0,20,8,71.43
14,19,Player 009,Team 004,56,49,87.5,34,15,69.39
14,20,Player 008,Team 003,56,52,92.86,36,16,69.24
14,21,Player 037,Team 008,56,46,82.15,31,15,67.4
14,22,Player 021,Team 011,56,44,78.58,29,15,65.91
14,23,Player 089,Team 010,56,28,50.0,18,10,64.29
14,24,Player 029,Team 013,56,36,64.29,23,13,63.89
14,25,Player 036,Team 008,56,30,53.58,19,11,63.34
14,26,Player 039,Team 012,56,56,100.0,35,21,62.5
14,27,Player 022,Team 011,56,40,71.43,25,15,62.5
14,27,Player 034,Team 007,56,40,71.43,25,15,62.5
14,28,Player 046,Team 015,56,56,100.0,35,21,62.5
14,29,Player 025,Team 012,56,44,78.58,26,18,59.1
14,30,Player 020,Team 010,56,44,78.58,25,19,56.82
14,31,Player 017,Team 004,56,52,92.86,28,24,53.85
14,32,Player 011,,56,40,71.43,21,19,52.5
14,33,Player 032,Team 006,56,44,78.58,23,21,52.28
14,34,Player 047,Team 015,56,52,92.86,27,25,51.93
14,35,Player 073,Team 006,56,37,66.08,19,18,51.36
14,36,Player 023,Team 011,56,48,85.72,24,24,50.0
14,37,Player 102,Team 006,56,44,78.58,22,22,50.0
14,38,Player 003,Team 003,56,40,71.43,19,21,47.5
14,38,Player 005,Team 003,56,40,71.43,19,21,47.5
14,39,Player 048,Team 015,56,40,71.43,18,22,45.0
14,40,Player 077,Team 008,56,32,57.15,14,18,43.75
14,41,Player 083,Team 012,56,43,76.79,18,25,41.87
14,42,Player 035,Team 008,56,29,51.79,12,17,41.38
14,43,Player 018,Team 004,56,44,78.58,18,26,40.91
14,44,Player 044,Team 014,56,30,53.58,12,18,40.0
14,45,Player 056,Team 015,56,48,85.72,19,29,39.59
14,46,Player 059,Team 016,56,42,75.0,16,26,38.1
14,47,Player 052,Team 013,56,32,57.15,12,20,37.5
14,48,Player 084,Team 014,56,34,60.72,12,22,35.3
14,49,Player 045,Team 009,56,36,64.29,12,24,33.34
14,50,Player 074,Team 002,56,32,57.15,10,22,31.25
14,51,Player 085,Team 016,56,44,78.58,13,31,29.55
14,52,Player 087,Team 016,56,40,71.43,11,29,27.5
14,53,Player 041,Team 002,56,40,71.43,10,30,25.0
14,54,Player 064,Team 010,56,44,78.58,9,35,20.46
14,55,Player 086,Team 016,56,32,57.15,6,26,18.75
14,56,Player 058,Team 009,56,28,50.0,5,23,17.86
14,57,Player 063,Team 010,56,42,75.0,6,36,14.29
14,58,Player 079,Team 009,56,28,50.0,4,24,14.29
14,59,Player 057,Team 016,56,38,67.86,5,33,13.16
14,60,Player 053,Team 002,56,32,57.15,4,28,12.5
14,61,Player 051,Team 013,56,36,64.29,3,33,8.34
14,62,Player 078,Team 002,56,38,67.86,3,35,7.9
14,63,Player 054,Team 002,56,32,57.15,2,30,6.25
14,,Player 069,Team 001,56,19,33.93,19,0,100.0
14,,Player 066,Team 013,56,8,14.29,8,0,100.0
14,,Player 015,Team 006,56,2,3.58,2,0,100.0
14,,Player 013,Team 001,56,24,42.86,23,1,95.84
14,,Player 019,Team 009,56,22,39.29,20,2,90.91
14,,Player 095,Team 014,56,16,28.58,13,3,81.25
14,,Player 096,Team 014,56,16,28.58,12,4,75.0
14,,Player 108,Team 008,56,4,7.15,3,1,75.0
14,,Player 117,Team 012,56,4,7.15,3,1,75.0
14,,Player 111,Team 015,56,4,7.15,3,1,75.0
14,,Player 101,Team 001,56,24,42.86,16,8,66.67
14,,Player 116,Team 007,56,20,35.72,13,7,65.0
14,,Player 082,Team 011,56,16,28.58,10,6,62.5
14,,Player 092,Team 008,56,8,14.29,5,3,62.5
14,,Player 040,Team 005,56,22,39.29,12,10,54.55
14,,Player 070,Team 014,56,24,42.86,13,11,54.17
14,,Player 109,Team 012,56,17,30.36,9,8,52.95
14,,Player 050,Team 001,56,17,30.36,9,8,52.95
14,,Player 060,Team 008,56,23,41.08,12,11,52.18
14,,Player 033,Team 011,56,24,42.86,12,12,50.0
14,,Player 112,Team 015,56,20,35.72,10,10,50.0
14,,Player 042,Team 014,56,20,35.72,10,10,50.0
14,,Player 027,Team 009,56,10,17.86,5,5,50.0
14,,Player 075,Team 004,56,27,48.22,13,14,48.15
14,,Player 107,Team 001,56,12,21.43,5,7,41.67
14,,Player 090,Team 005,56,10,17.86,4,6,40.0
14,,Player 038,Team 005,56,26,46.43,9,17,34.62
14,,Player 081,Team 009,56,24,42.86,8,16,33.34
14,,Player 094,Team 006,56,6,10.72,2,4,33.34
14,,Player 029,Team 009,56,24,42.86,7,17,29.17
14,,Player 043,Team 014,56,24,42.86,6,18,25.0
14,,Player 118,Team 007,56,8,14.29,2,6,25.0
14,,Player 049,Team 007,56,26,46.43,5,21,19.24
14,,Player 093,Team 007,56,16,28.58,3,13,18.75
14,,Player 080,Team 009,56,16,28.58,3,13,18.75
14,,Player 106,Team 013,56,12,21.43,2,10,16.67
14,,Player 030,Team 006,56,22,39.29,3,19,13.64
14,,Player 088,Team 007,56,12,21.43,1,11,8.34
14,,Player 103,Team 010,56,26,46.43,2,24,7.7
14,,Player 105,Team 016,56,16,28.58,1,15,6.25
14,,Player 091,Team 005,56,18,32.15,1,17,5.56
14,,Player 061,Team 005,56,20,35.72,0,20,0.0
14,,Player 062,Team 006,56,13,23.22,0,13,0.0
14,,Player 104,Team 005,56,10,17.86,0,10,0.0
14,,Player 099,Team 002,56,8,14.29,0,8,0.0
14,,Player 055,Team 016,56,8,14.29,0,8,0.0
14,,Player 115,Team 010,56,8,14.29,0,8,0.0
14,,Player 098,Team 007,56,7,12.5,0,7,0.0
14,,Player 110,Team 005,56,6,10.72,0,6,0.0
14,,Player 113,Team 013,56,4,7.15,0,4,0.0
14,,Player 114,Team 010,56,4,7.15,0,4,0.0
14,,Player 097,Team 006,56,4,7.15,0,4,0.0
14,,Player 065,Team 007,56,3,5.36,0,3,0.0
15,1,Player 100,Team 001,60,34,56.67,34,0,100.0
15,2,Player 007,Team 001,60,40,66.67,39,1,97.5
15,3,Player 006,Team 005,60,60,100.0,55,5,91.67
15,4,Player 067,Team 003,60,56,93.34,49,7,87.5
15,5,Player 002,Team 002,60,46,76.67,40,6,86.96
15,6,Player 001,Team 001,60,32,53.34,27,5,84.38
15,7,Player 014,Team 007,60,53,88.34,44,9,83.02
15,8,Player 031,Team 014,60,32,53.34,26,6,81.25
15,9,Player 068,Team 009,60,36,60.0,29,7,80.56
15,10,Player 010,Team 006,60,56,93.34,45,11,80.36
15,11,Player 028,Team 012,60,56,93.34,44,12,78.58
15,12,Player 071,Team 014,60,32,53.34,25,7,78.13
15,13,Player 072,Team 011,60,48,80.0,37,11,77.09
15,14,Player 076,Team 001,60,32,53.34,24,8,75.0
15,15,Player 026,Team 007,60,45,75.0,33,12,73.34
15,16,Player 004,Team 004,60,56,93.34,41,15,73.22
15,17,Player 012,Team 005,60,60,100.0,43,17,71.67
15,18,Player 008,Team 003,60,56,93.34,40,16,71.43
15,19,Player 016,Team 008,60,56,93.34,39,17,69.65
15,20,Player 009,Team 004,60,49,81.67,34,15,69.39
15,21,Player 024,Team 010,60,32,53.34,22,10,68.75
15,22,Player 021,Team 011,60,48,80.0,32,16,66.67
15,23,Player 039,Team 012,60,60,100.0,39,21,65.0
15,24,Player 022,Team 011,60,44,73.34,28,16,63.64
15,25,Player 029,Team 013,60,40,66.67,25,15,62.5
15,26,Player 037,Team 008,60,50,83.34,31,19,62.0
15,27,Player 046,Team 015,60,60,100.0,37,23,61.67
15,28,Player 025,Team 012,60,44,73.34,26,18,59.1
15,28,Player 034,Team 007,60,44,73.34,26,18,59.1
15,29,Player 020,Team 010,60,46,76.67,26,20,56.53
15,30,Player 036,Team 008,60,34,56.67,19,15,55.89
15,31,Player 017,Team 004,60,56,93.34,31,25,55.36
15,32,Player 023,Team 011,60,52,86.67,28,24,53.85
15,33,Player 073,Team 006,60,41,68.34,22,19,53.66
15,34,Player 032,Team 006,60,48,80.0,25,23,52.09
15,34,Player 102,Team 006,60,48,80.0,25,23,52.09
15,35,Player 047,Team 015,60,56,93.34,29,27,51.79
15,36,Player 075,Team 004,60,31,51.67,16,15,51.62
15,37,Player 011,,60,44,73.34,22,22,50.0
15,38,Player 003,Team 003,60,44,73.34,21,23,47.73
15,39,Player 005,Team 003,60,40,66.67,19,21,47.5
15,40,Player 048,Team 015,60,40,66.67,18,22,45.0
15,41,Player 083,Team 012,60,43,71.67,18,25,41.87
15,42,Player 018,Team 004,60,48,80.0,20,28,41.67
15,43,Player 077,Team 008,60,35,58.34,14,21,40.0
15,44,Player 044,Team 014,60,30,50.0,12,18,40.0
15,45,Player 056,Team 015,60,52,86.67,20,32,38.47
15,46,Player 052,Team 013,60,34,56.67,13,21,38.24
15,47,Player 059,Team 016,60,42,70.0,16,26,38.1
15,48,Player 085,Team 016,60,48,80.0,16,32,33.34
15,49,Player 084,Team 014,60,38,63.34,12,26,31.58
15,50,Player 074,Team 002,60,32,53.34,10,22,31.25
15,51,Player 045,Team 009,60,40,66.67,12,28,30.0
15,52,Player 041,Team 002,60,44,73.34,13,31,29.55
15,53,Player 087,Team 016,60,44,73.34,13,31,29.55
15,54,Player 064,Team 010,60,48,80.0,11,37,22.92
15,55,Player 086,Team 016,60,36,60.0,7,29,19.45
15,56,Player 057,Team 016,60,42,70.0,7,35,16.67
15,57,Player 063,Team 010,60,46,76.67,7,39,15.22
15,58,Player 053,Team 002,60,32,53.34,4,28,12.5
15,59,Player 078,Team 002,60,42,70.0,4,38,9.53
15,60,Player 051,Team 013,60,38,63.34,3,35,7.9
15,61,Player 054,Team 002,60,36,60.0,2,34,5.56
15,,Player 069,Team 001,60,21,35.0,21,0,100.0
15,,Player 066,Team 013,60,12,20.0,12,0,100.0
15,,Player 119,Team 013,60,4,6.67,4,0,100.0
15,,Player 015,Team 006,60,2,3.34,2,0,100.0
15,,Player 013,Team 001,60,28,46.67,27,1,96.43
15,,Player 019,Team 009,60,22,36.67,20,2,90.91
15,,Player 095,Team 014,60,16,26.67,13,3,81.25
15,,Player 096,Team 014,60,16,26.67,12,4,75.0
15,,Player 111,Team 015,60,4,6.67,3,1,75.0
15,,Player 101,Team 001,60,24,40.0,16,8,66.67
15,,Player 089,Team 010,60,28,46.67,18,10,64.29
15,,Player 116,Team 007,60,24,40.0,15,9,62.5
15,,Player 092,Team 008,60,8,13.34,5,3,62.5
15,,Player 082,Team 011,60,20,33.34,12,8,60.0
15,,Player 108,Team 008,60,5,8.34,3,2,60.0
15,,Player 070,Team 014,60,24,40.0,13,11,54.17
15,,Player 050,Team 001,60,17,28.34,9,8,52.95
15,,Player 109,Team 012,60,21,35.0,11,10,52.39
15,,Player 060,Team 008,60,23,38.34,12,11,52.18
15,,Player 033,Team 011,60,24,40.0,12,12,50.0
15,,Player 027,Team 009,60,10,16.67,5,5,50.0
15,,Player 117,Team 012,60,8,13.34,4,4,50.0
15,,Player 120,Team 009,60,4,6.67,2,2,50.0
15,,Player 040,Team 005,60,26,43.34,12,14,46.16
15,,Player 042,Team 014,60,24,40.0,11,13,45.84
15,,Player 112,Team 015,60,24,40.0,10,14,41.67
15,,Player 107,Team 001,60,12,20.0,5,7,41.67
15,,Player 035,Team 008,60,29,48.34,12,17,41.38
15,,Player 038,Team 005,60,26,43.34,9,17,34.62
15,,Player 094,Team 006,60,6,10.0,2,4,33.34
15,,Player 081,Team 009,60,28,46.67,9,19,32.15
15,,Player 029,Team 009,60,28,46.67,8,20,28.58
15,,Player 090,Team 005,60,14,23.34,4,10,28.58
15,,Player 043,Team 014,60,28,46.67,6,22,21.43
15,,Player 118,Team 007,60,10,16.67,2,8,20.0
15,,Player 049,Team 007,60,26,43.34,5,21,19.24
15,,Player 093,Team 007,60,16,26.67,3,13,18.75
15,,Player 080,Team 009,60,16,26.67,3,13,18.75
15,,Player 058,Team 009,60,28,46.67,5,23,17.86
15,,Player 106,Team 013,60,12,20.0,2,10,16.67
15,,Player 079,Team 009,60,28,46.67,4,24,14.29
15,,Player 030,Team 006,60,22,36.67,3,19,13.64
15,,Player 088,Team 007,60,12,20.0,1,11,8.34
15,,Player 103,Team 010,60,28,46.67,2,26,7.15
15,,Player 105,Team 016,60,16,26.67,1,15,6.25
15,,Player 091,Team 005,60,18,30.0,1,17,5.56
15,,Player 061,Team 005,60,20,33.34,0,20,0.0
15,,Player 062,Team 006,60,13,21.67,0,13,0.0
15,,Player 104,Team 005,60,10,16.67,0,10,0.0
15,,Player 099,Team 002,60,8,13.34,0,8,0.0
15,,Player 055,Team 016,60,8,13.34,0,8,0.0
15,,Player 115,Team 010,60,8,13.34,0,8,0.0
15,,Player 098,Team 007,60,7,11.67,0,7,0.0
15,,Player 110,Team 005,60,6,10.0,0,6,0.0
15,,Player 113,Team 013,60,4,6.67,0,4,0.0
15,,Player 114,Team 010,60,4,6.67,0,4,0.0
15,,Player 097,Team 006,60,4,6.67,0,4,0.0
15,,Player 065,Team 007,60,3,5.0,0,3,0.0
16,1,Player 100,Team 001,64,38,59.38,38,0,100.0
16,2,Player 007,Team 001,64,44,68.75,43,1,97.73
16,3,Player 013,Team 001,64,32,50.0,30,2,93.75
16,4,Player 006,Team 005,64,60,93.75,55,5,91.67
16,5,Player 067,Team 003,64,56,87.5,49,7,87.5
16,6,Player 001,Team 001,64,32,50.0,27,5,84.38
16,7,Player 002,Team 002,64,50,78.13,42,8,84.0
16,8,Player 014,Team 007,64,53,82.82,44,9,83.02
16,9,Player 010,Team 006,64,60,93.75,49,11,81.67
16,10,Player 071,Team 014,64,36,56.25,29,7,80.56
16,10,Player 031,Team 014,64,36,56.25,29,7,80.56
16,11,Player 068,Team 009,64,36,56.25,29,7,80.56
16,12,Player 072,Team 011,64,52,81.25,41,11,78.85
16,13,Player 028,Team 012,64,60,93.75,47,13,78.34
16,14,Player 076,Team 001,64,32,50.0,24,8,75.0
16,15,Player 008,Team 003,64,60,93.75,44,16,73.34
16,16,Player 026,Team 007,64,45,70.32,33,12,73.34
16,17,Player 004,Team 004,64,60,93.75,44,16,73.34
16,18,Player 012,Team 005,64,64,100.0,46,18,71.88
16,19,Player 016,Team 008,64,56,87.5,39,17,69.65
16,20,Player 024,Team 010,64,36,56.25,25,11,69.45
16,21,Player 009,Team 004,64,49,76.57,34,15,69.39
16,22,Player 021,Team 011,64,52,81.25,35,17,67.31
16,23,Player 039,Team 012,64,64,100.0,43,21,67.19
16,24,Player 029,Team 013,64,44,68.75,28,16,63.64
16,24,Player 022,Team 011,64,44,68.75,28,16,63.64
16,25,Player 025,Team 012,64,48,75.0,30,18,62.5
16,26,Player 037,Team 008,64,54,84.38,32,22,59.26
16,27,Player 034,Team 007,64,44,68.75,26,18,59.1
16,28,Player 046,Team 015,64,64,100.0,37,27,57.82
16,29,Player 017,Team 004,64,60,93.75,34,26,56.67
16,30,Player 020,Team 010,64,50,78.13,28,22,56.01
16,31,Player 073,Team 006,64,45,70.32,25,20,55.56
16,32,Player 023,Team 011,64,56,87.5,31,25,55.36
16,33,Player 036,Team 008,64,38,59.38,21,17,55.27
16,34,Player 075,Team 004,64,35,54.69,19,16,54.29
16,35,Player 011,,64,48,75.0,26,22,54.17
16,36,Player 005,Team 003,64,44,68.75,23,21,52.28
16,37,Player 003,Team 003,64,48,75.0,25,23,52.09
16,38,Player 032,Team 006,64,48,75.0,25,23,52.09
16,39,Player 102,Team 006,64,52,81.25,27,25,51.93
16,40,Player 047,Team 015,64,60,93.75,31,29,51.67
16,41,Player 018,Team 004,64,52,81.25,23,29,44.24
16,42,Player 044,Team 014,64,34,53.13,14,20,41.18
16,43,Player 048,Team 015,64,44,68.75,18,26,40.91
16,44,Player 083,Team 012,64,47,73.44,19,28,40.43
16,45,Player 077,Team 008,64,35,54.69,14,21,40.0
16,46,Player 056,Team 015,64,56,87.5,21,35,37.5
16,47,Player 035,Team 008,64,33,51.57,12,21,36.37
16,48,Player 059,Team 016,64,46,71.88,16,30,34.79
16,49,Player 081,Team 009,64,32,50.0,11,21,34.38
16,50,Player 052,Team 013,64,38,59.38,13,25,34.22
16,51,Player 045,Team 009,64,44,68.75,15,29,34.1
16,52,Player 084,Team 014,64,38,59.38,12,26,31.58
16,53,Player 074,Team 002,64,32,50.0,10,22,31.25
16,53,Player 029,Team 009,64,32,50.0,10,22,31.25
16,54,Player 085,Team 016,64,52,81.25,16,36,30.77
16,55,Player 043,Team 014,64,32,50.0,9,23,28.13
16,56,Player 041,Team 002,64,48,75.0,13,35,27.09
16,57,Player 087,Team 016,64,48,75.0,13,35,27.09
16,58,Player 058,Team 009,64,32,50.0,7,25,21.88
16,59,Player 064,Team 010,64,52,81.25,11,41,21.16
16,60,Player 086,Team 016,64,38,59.38,7,31,18.43
16,61,Player 057,Team 016,64,44,68.75,7,37,15.91
16,62,Player 063,Team 010,64,50,78.13,7,43,14.01
16,63,Player 053,Team 002,64,32,50.0,4,28,12.5
16,64,Player 051,Team 013,64,42,65.63,4,38,9.53
16,65,Player 078,Team 002,64,46,71.88,4,42,8.7
16,66,Player 054,Team 002,64,40,62.5,2,38,5.0
16,,Player 069,Team 001,64,21,32.82,21,0,100.0
16,,Player 066,Team 013,64,12,18.75,12,0,100.0
16,,Player 119,Team 013,64,4,6.25,4,0,100.0
16,,Player 015,Team 006,64,2,3.13,2,0,100.0
16,,Player 019,Team 009,64,22,34.38,20,2,90.91
16,,Player 095,Team 014,64,16,25.0,13,3,81.25
16,,Player 096,Team 014,64,16,25.0,12,4,75.0
16,,Player 111,Team 015,64,4,6.25,3,1,75.0
16,,Player 116,Team 007,64,28,43.75,19,9,67.86
16,,Player 082,Team 011,64,24,37.5,16,8,66.67
16,,Player 101,Team 001,64,28,43.75,18,10,64.29
16,,Player 089,Team 010,64,28,43.75,18,10,64.29
16,,Player 092,Team 008,64,8,12.5,5,3,62.5
16,,Player 108,Team 008,64,5,7.82,3,2,60.0
16,,Player 070,Team 014,64,24,37.5,13,11,54.17
16,,Player 050,Team 001,64,17,26.57,9,8,52.95
16,,Player 109,Team 012,64,21,32.82,11,10,52.39
16,,Player 033,Team 011,64,24,37.5,12,12,50.0
16,,Player 027,Team 009,64,10,15.63,5,5,50.0
16,,Player 117,Team 012,64,8,12.5,4,4,50.0
16,,Player 120,Team 009,64,4,6.25,2,2,50.0
16,,Player 060,Team 008,64,27,42.19,13,14,48.15
16,,Player 042,Team 014,64,24,37.5,11,13,45.84
16,,Player 040,Team 005,64,30,46.88,13,17,43.34
16,,Player 112,Team 015,64,24,37.5,10,14,41.67
16,,Player 107,Team 001,64,12,18.75,5,7,41.67
16,,Player 118,Team 007,64,14,21.88,5,9,35.72
16,,Player 094,Team 006,64,6,9.38,2,4,33.34
16,,Player 038,Team 005,64,30,46.88,9,21,30.0
16,,Player 090,Team 005,64,14,21.88,4,10,28.58
16,,Player 049,Team 007,64,26,40.63,5,21,19.24
16,,Player 030,Team 006,64,26,40.63,5,21,19.24
16,,Player 093,Team 007,64,16,25.0,3,13,18.75
16,,Player 080,Team 009,64,16,25.0,3,13,18.75
16,,Player 106,Team 013,64,12,18.75,2,10,16.67
16,,Player 079,Team 009,64,28,43.75,4,24,14.29
16,,Player 103,Team 010,64,28,43.75,2,26,7.15
16,,Player 105,Team 016,64,16,25.0,1,15,6.25
16,,Player 088,Team 007,64,16,25.0,1,15,6.25
16,,Player 091,Team 005,64,20,31.25,1,19,5.0
16,,Player 061,Team 005,64,22,34.38,0,22,0.0
16,,Player 062,Team 006,64,13,20.32,0,13,0.0
16,,Player 104,Team 005,64,10,15.63,0,10,0.0
16,,Player 099,Team 002,64,8,12.5,0,8,0.0
16,,Player 055,Team 016,64,8,12.5,0,8,0.0
16,,Player 115,Team 010,64,8,12.5,0,8,0.0
16,,Player 098,Team 007,64,7,10.94,0,7,0.0
16,,Player 110,Team 005,64,6,9.38,0,6,0.0
16,,Player 113,Team 013,64,4,6.25,0,4,0.0
16,,Player 114,Team 010,64,4,6.25,0,4,0.0
16,,Player 097,Team 006,64,4,6.25,0,4,0.0
16,,Player 065,Team 007,64,3,4.69,0,3,0.0
17,1,Player 100,Team 001,68,38,55.89,38,0,100.0
17,2,Player 007,Team 001,68,48,70.59,47,1,97.92
17,3,Player 013,Team 001,68,36,52.95,34,2,94.45
17,4,Player 006,Team 005,68,64,94.12,59,5,92.19
17,5,Player 067,Team 003,68,60,88.24,52,8,86.67
17,6,Player 001,Team 001,68,36,52.95,31,5,86.12
17,7,Player 002,Team 002,68,52,76.48,44,8,84.62
17,8,Player 014,Team 007,68,53,77.95,44,9,83.02
17,9,Player 010,Team 006,68,64,94.12,53,11,82.82
17,10,Player 071,Team 014,68,36,52.95,29,7,80.56
17,10,Player 031,Team 014,68,36,52.95,29,7,80.56
17,11,Player 068,Team 009,68,36,52.95,29,7,80.56
17,12,Player 072,Team 011,68,56,82.36,44,12,78.58
17,13,Player 026,Team 007,68,49,72.06,37,12,75.52
17,14,Player 004,Team 004,68,64,94.12,48,16,75.0
17,15,Player 028,Team 012,68,64,94.12,47,17,73.44
17,16,Player 008,Team 003,68,64,94.12,47,17,73.44
17,17,Player 012,Team 005,68,68,100.0,49,19,72.06
17,18,Player 009,Team 004,68,53,77.95,38,15,71.7
17,19,Player 016,Team 008,68,56,82.36,39,17,69.65
17,20,Player 024,Team 010,68,40,58.83,27,13,67.5
17,21,Player 021,Team 011,68,56,82.36,37,19,66.08
17,22,Player 029,Team 013,68,44,64.71,28,16,63.64
17,23,Player 039,Team 012,68,68,100.0,43,25,63.24
17,24,Player 022,Team 011,68,48,70.59,30,18,62.5
17,24,Player 034,Team 007,68,48,70.59,30,18,62.5
17,25,Player 037,Team 008,68,58,85.3,35,23,60.35
17,26,Player 017,Team 004,68,64,94.12,38,26,59.38
17,27,Player 075,Team 004,68,39,57.36,23,16,58.98
17,28,Player 046,Team 015,68,68,100.0,40,28,58.83
17,29,Player 025,Team 012,68,52,76.48,30,22,57.7
17,30,Player 036,Team 008,68,42,61.77,24,18,57.15
17,31,Player 020,Team 010,68,54,79.42,30,24,55.56
17,32,Player 023,Team 011,68,56,82.36,31,25,55.36
17,33,Player 047,Team 015,68,64,94.12,35,29,54.69
17,34,Player 073,Team 006,68,49,72.06,26,23,53.07
17,35,Player 003,Team 003,68,48,70.59,25,23,52.09
17,36,Player 011,,68,52,76.48,27,25,51.93
17,37,Player 102,Team 006,68,52,76.48,27,25,51.93
17,38,Player 005,Team 003,68,48,70.59,24,24,50.0
17,39,Player 032,Team 006,68,52,76.48,25,27,48.08
17,40,Player 018,Team 004,68,52,76.48,23,29,44.24
17,41,Player 077,Team 008,68,39,57.36,17,22,43.59
17,42,Player 048,Team 015,68,46,67.65,20,26,43.48
17,43,Player 056,Team 015,68,60,88.24,25,35,41.67
17,44,Player 044,Team 014,68,34,50.0,14,20,41.18
17,45,Player 083,Team 012,68,51,75.0,19,32,37.26
17,46,Player 043,Team 014,68,36,52.95,13,23,36.12
17,47,Player 035,Team 008,68,35,51.48,12,23,34.29
17,48,Player 052,Team 013,68,38,55.89,13,25,34.22
17,49,Player 059,Team 016,68,48,70.59,16,32,33.34
17,50,Player 084,Team 014,68,38,55.89,12,26,31.58
17,51,Player 045,Team 009,68,48,70.59,15,33,31.25
17,52,Player 085,Team 016,68,56,82.36,17,39,30.36
17,53,Player 041,Team 002,68,52,76.48,14,38,26.93
17,54,Player 087,Team 016,68,52,76.48,13,39,25.0
17,55,Player 064,Team 010,68,56,82.36,12,44,21.43
17,56,Player 058,Team 009,68,36,52.95,7,29,19.45
17,57,Player 063,Team 010,68,54,79.42,9,45,16.67
17,58,Player 086,Team 016,68,42,61.77,7,35,16.67
17,59,Player 057,Team 016,68,46,67.65,7,39,15.22
17,60,Player 053,Team 002,68,36,52.95,5,31,13.89
17,61,Player 051,Team 013,68,42,61.77,4,38,9.53
17,62,Player 078,Team 002,68,48,70.59,4,44,8.34
17,63,Player 054,Team 002,68,44,64.71,2,42,4.55
17,,Player 069,Team 001,68,25,36.77,25,0,100.0
17,,Player 066,Team 013,68,12,17.65,12,0,100.0
17,,Player 119,Team 013,68,4,5.89,4,0,100.0
17,,Player 015,Team 006,68,2,2.95,2,0,100.0
17,,Player 019,Team 009,68,22,32.36,20,2,90.91
17,,Player 095,Team 014,68,20,29.42,17,3,85.0
17,,Player 111,Team 015,68,6,8.83,5,1,83.34
17,,Player 076,Team 001,68,32,47.06,24,8,75.0
17,,Player 096,Team 014,68,16,23.53,12,4,75.0
17,,Player 116,Team 007,68,32,47.06,22,10,68.75
17,,Player 101,Team 001,68,28,41.18,18,10,64.29
17,,Player 089,Team 010,68,28,41.18,18,10,64.29
17,,Player 092,Team 008,68,8,11.77,5,3,62.5
17,,Player 070,Team 014,68,28,41.18,17,11,60.72
17,,Player 082,Team 011,68,28,41.18,17,11,60.72
17,,Player 108,Team 008,68,5,7.36,3,2,60.0
17,,Player 042,Team 014,68,28,41.18,15,13,53.58
17,,Player 050,Team 001,68,17,25.0,9,8,52.95
17,,Player 109,Team 012,68,21,30.89,11,10,52.39
17,,Player 060,Team 008,68,29,42.65,15,14,51.73
17,,Player 033,Team 011,68,24,35.3,12,12,50.0
17,,Player 027,Team 009,68,10,14.71,5,5,50.0
17,,Player 117,Team 012,68,8,11.77,4,4,50.0
17,,Player 120,Team 009,68,4,5.89,2,2,50.0
17,,Player 040,Team 005,68,30,44.12,13,17,43.34
17,,Player 112,Team 015,68,24,35.3,10,14,41.67
17,,Player 107,Team 001,68,12,17.65,5,7,41.67
17,,Player 118,Team 007,68,14,20.59,5,9,35.72
17,,Player 081,Team 009,68,32,47.06,11,21,34.38
17,,Player 074,Team 002,68,32,47.06,10,22,31.25
17,,Player 029,Team 009,68,32,47.06,10,22,31.25
17,,Player 038,Team 005,68,30,44.12,9,21,30.0
17,,Player 090,Team 005,68,14,20.59,4,10,28.58
17,,Player 094,Team 006,68,8,11.77,2,6,25.0
17,,Player 049,Team 007,68,26,38.24,5,21,19.24
17,,Player 093,Team 007,68,16,23.53,3,13,18.75
17,,Player 080,Team 009,68,16,23.53,3,13,18.75
17,,Player 030,Team 006,68,28,41.18,5,23,17.86
17,,Player 106,Team 013,68,12,17.65,2,10,16.67
17,,Player 079,Team 009,68,32,47.06,4,28,12.5
17,,Player 088,Team 007,68,20,29.42,2,18,10.0
17,,Player 061,Team 005,68,26,38.24,2,24,7.7
17,,Player 103,Team 010,68,28,41.18,2,26,7.15
17,,Player 105,Team 016,68,16,23.53,1,15,6.25
17,,Player 091,Team 005,68,20,29.42,1,19,5.0
17,,Player 104,Team 005,68,14,20.59,0,14,0.0
17,,Player 062,Team 006,68,13,19.12,0,13,0.0
17,,Player 099,Team 002,68,8,11.77,0,8,0.0
17,,Player 055,Team 016,68,8,11.77,0,8,0.0
17,,Player 115,Team 010,68,8,11.77,0,8,0.0
17,,Player 098,Team 007,68,7,10.3,0,7,0.0
17,,Player 110,Team 005,68,6,8.83,0,6,0.0
17,,Player 113,Team 013,68,4,5.89,0,4,0.0
17,,Player 114,Team 010,68,4,5.89,0,4,0.0
17,,Player 097,Team 006,68,4,5.89,0,4,0.0
17,,Player 065,Team 007,68,3,4.42,0,3,0.0
18,1,Player 100,Team 001,72,42,58.34,42,0,100.0
18,2,Player 007,Team 001,72,52,72.23,51,1,98.08
18,3,Player 006,Team 005,72,68,94.45,63,5,92.65
18,4,Player 013,Team 001,72,40,55.56,37,3,92.5
18,5,Player 001,Team 001,72,36,50.0,31,5,86.12
18,6,Player 067,Team 003,72,64,88.89,55,9,85.94
18,7,Player 002,Team 002,72,52,72.23,44,8,84.62
18,8,Player 071,Team 014,72,40,55.56,33,7,82.5
18,9,Player 014,Team 007,72,57,79.17,47,10,82.46
18,10,Player 068,Team 009,72,36,50.0,29,7,80.56
18,11,Player 072,Team 011,72,60,83.34,48,12,80.0
18,12,Player 031,Team 014,72,40,55.56,32,8,80.0
18,13,Player 010,Team 006,72,68,94.45,54,14,79.42
18,14,Player 076,Team 001,72,36,50.0,28,8,77.78
18,15,Player 004,Team 004,72,68,94.45,52,16,76.48
18,16,Player 026,Team 007,72,53,73.62,39,14,73.59
18,17,Player 008,Team 003,72,68,94.45,50,18,73.53
18,18,Player 028,Team 012,72,64,88.89,47,17,73.44
18,19,Player 009,Team 004,72,53,73.62,38,15,71.7
18,20,Player 016,Team 008,72,56,77.78,39,17,69.65
18,21,Player 012,Team 005,72,72,100.0,50,22,69.45
18,22,Player 021,Team 011,72,60,83.34,41,19,68.34
18,23,Player 024,Team 010,72,44,61.12,30,14,68.19
18,24,Player 029,Team 013,72,48,66.67,32,16,66.67
18,25,Player 116,Team 007,72,36,50.0,24,12,66.67
18,26,Player 039,Team 012,72,72,100.0,47,25,65.28
18,27,Player 075,Team 004,72,43,59.73,27,16,62.8
18,28,Player 022,Team 011,72,48,66.67,30,18,62.5
18,28,Player 034,Team 007,72,48,66.67,30,18,62.5
18,29,Player 017,Team 004,72,68,94.45,42,26,61.77
18,30,Player 037,Team 008,72,62,86.12,38,24,61.3
18,31,Player 025,Team 012,72,56,77.78,34,22,60.72
18,32,Player 036,Team 008,72,46,63.89,27,19,58.7
18,33,Player 046,Team 015,72,72,100.0,42,30,58.34
18,34,Player 023,Team 011,72,60,83.34,35,25,58.34
18,35,Player 020,Team 010,72,58,80.56,32,26,55.18
18,36,Player 047,Team 015,72,68,94.45,36,32,52.95
18,37,Player 003,Team 003,72,52,72.23,27,25,51.93
18,37,Player 011,,72,52,72.23,27,25,51.93
18,38,Player 073,Team 006,72,53,73.62,26,27,49.06
18,39,Player 018,Team 004,72,56,77.78,27,29,48.22
18,40,Player 102,Team 006,72,56,77.78,27,29,48.22
18,41,Player 005,Team 003,72,52,72.23,25,27,48.08
18,42,Player 077,Team 008,72,43,59.73,20,23,46.52
18,43,Player 032,Team 006,72,56,77.78,25,31,44.65
18,44,Player 043,Team 014,72,40,55.56,17,23,42.5
18,45,Player 048,Team 015,72,50,69.45,20,30,40.0
18,46,Player 083,Team 012,72,55,76.39,22,33,40.0
18,47,Player 056,Team 015,72,64,88.89,25,39,39.07
18,48,Player 052,Team 013,72,38,52.78,13,25,34.22
18,49,Player 081,Team 009,72,36,50.0,12,24,33.34
18,50,Player 059,Team 016,72,52,72.23,17,35,32.7
18,51,Player 035,Team 008,72,37,51.39,12,25,32.44
18,52,Player 084,Team 014,72,38,52.78,12,26,31.58
18,53,Player 085,Team 016,72,60,83.34,18,42,30.0
18,54,Player 045,Team 009,72,52,72.23,15,37,28.85
18,55,Player 041,Team 002,72,56,77.78,14,42,25.0
18,56,Player 087,Team 016,72,56,77.78,14,42,25.0
18,57,Player 064,Team 010,72,60,83.34,14,46,23.34
18,58,Player 058,Team 009,72,36,50.0,7,29,19.45
18,59,Player 063,Team 010,72,54,75.0,9,45,16.67
18,60,Player 086,Team 016,72,42,58.34,7,35,16.67
18,61,Player 057,Team 016,72,50,69.45,7,43,14.01
18,62,Player 053,Team 002,72,40,55.56,5,35,12.5
18,63,Player 079,Team 009,72,36,50.0,4,32,11.12
18,64,Player 051,Team 013,72,46,63.89,4,42,8.7
18,65,Player 078,Team 002,72,52,72.23,4,48,7.7
18,66,Player 054,Team 002,72,48,66.67,2,46,4.17
18,,Player 069,Team 001,72,25,34.73,25,0,100.0
18,,Player 066,Team 013,72,12,16.67,12,0,100.0
18,,Player 119,Team 013,72,4,5.56,4,0,100.0
18,,Player 015,Team 006,72,2,2.78,2,0,100.0
18,,Player 019,Team 009,72,22,30.56,20,2,90.91
18,,Player 095,Team 014,72,20,27.78,17,3,85.0
18,,Player 111,Team 015,72,6,8.34,5,1,83.34
18,,Player 096,Team 014,72,16,22.23,12,4,75.0
18,,Player 101,Team 001,72,28,38.89,18,10,64.29
18,,Player 089,Team 010,72,28,38.89,18,10,64.29
18,,Player 070,Team 014,72,28,38.89,17,11,60.72
18,,Player 082,Team 011,72,28,38.89,17,11,60.72
18,,Player 108,Team 008,72,5,6.95,3,2,60.0
18,,Player 042,Team 014,72,32,44.45,17,15,53.13
18,,Player 050,Team 001,72,17,23.62,9,8,52.95
18,,Player 109,Team 012,72,25,34.73,13,12,52.0
18,,Player 060,Team 008,72,29,40.28,15,14,51.73
18,,Player 027,Team 009,72,10,13.89,5,5,50.0
18,,Player 092,Team 008,72,10,13.89,5,5,50.0
18,,Player 117,Team 012,72,8,11.12,4,4,50.0
18,,Player 120,Team 009,72,8,11.12,4,4,50.0
18,,Player 033,Team 011,72,28,38.89,13,15,46.43
18,,Player 112,Team 015,72,24,33.34,10,14,41.67
18,,Player 107,Team 001,72,12,16.67,5,7,41.67
18,,Player 044,Team 014,72,34,47.23,14,20,41.18
18,,Player 040,Team 005,72,34,47.23,14,20,41.18
18,,Player 118,Team 007,72,14,19.45,5,9,35.72
18,,Player 074,Team 002,72,32,44.45,10,22,31.25
18,,Player 029,Team 009,72,32,44.45,10,22,31.25
18,,Player 106,Team 013,72,16,22.23,5,11,31.25
18,,Player 038,Team 005,72,34,47.23,10,24,29.42
18,,Player 090,Team 005,72,14,19.45,4,10,28.58
18,,Player 094,Team 006,72,8,11.12,2,6,25.0
18,,Player 049,Team 007,72,26,36.12,5,21,19.24
18,,Player 080,Team 009,72,16,22.23,3,13,18.75
18,,Player 030,Team 006,72,28,38.89,5,23,17.86
18,,Player 093,Team 007,72,20,27.78,3,17,15.0
18,,Player 103,Team 010,72,32,44.45,4,28,12.5
18,,Player 088,Team 007,72,20,27.78,2,18,10.0
18,,Player 061,Team 005,72,26,36.12,2,24,7.7
18,,Player 105,Team 016,72,16,22.23,1,15,6.25
18,,Player 091,Team 005,72,20,27.78,1,19,5.0
18,,Player 104,Team 005,72,14,19.45,0,14,0.0
18,,Player 062,Team 006,72,13,18.06,0,13,0.0
18,,Player 099,Team 002,72,8,11.12,0,8,0.0
18,,Player 055,Team 016,72,8,11.12,0,8,0.0
18,,Player 115,Team 010,72,8,11.12,0,8,0.0
18,,Player 098,Team 007,72,7,9.73,0,7,0.0
18,,Player 110,Team 005,72,6,8.34,0,6,0.0
18,,Player 113,Team 013,72,4,5.56,0,4,0.0
18,,Player 114,Team 010,72,4,5.56,0,4,0.0
18,,Player 097,Team 006,72,4,5.56,0,4,0.0
18,,Player 065,Team 007,72,3,4.17,0,3,0.0
19,1,Player 100,Team 001,76,46,60.53,45,1,97.83
19,2,Player 007,Team 001,76,56,73.69,54,2,96.43
19,3,Player 006,Team 005,76,72,94.74,67,5,93.06
19,4,Player 013,Team 001,76,44,57.9,39,5,88.64
19,5,Player 067,Team 003,76,68,89.48,57,11,83.83
19,6,Player 002,Team 002,76,55,72.37,46,9,83.64
19,7,Player 071,Team 014,76,40,52.64,33,7,82.5
19,8,Player 014,Team 007,76,57,75.0,47,10,82.46
19,9,Player 031,Team 014,76,43,56.58,35,8,81.4
19,10,Player 072,Team 011,76,60,78.95,48,12,80.0
19,11,Player 010,Team 006,76,72,94.74,57,15,79.17
19,12,Player 004,Team 004,76,72,94.74,56,16,77.78
19,13,Player 076,Team 001,76,40,52.64,31,9,77.5
19,14,Player 026,Team 007,76,53,69.74,39,14,73.59
19,15,Player 028,Team 012,76,68,89.48,50,18,73.53
19,16,Player 008,Team 003,76,72,94.74,52,20,72.23
19,17,Player 024,Team 010,76,48,63.16,34,14,70.84
19,18,Player 016,Team 008,76,56,73.69,39,17,69.65
19,19,Player 029,Team 013,76,52,68.43,36,16,69.24
19,20,Player 021,Team 011,76,64,84.22,44,20,68.75
19,21,Player 009,Team 004,76,57,75.0,39,18,68.43
19,22,Player 012,Team 005,76,76,100.0,51,25,67.11
19,23,Player 039,Team 012,76,72,94.74,47,25,65.28
19,24,Player 017,Team 004,76,72,94.74,46,26,63.89
19,25,Player 022,Team 011,76,52,68.43,33,19,63.47
19,25,Player 034,Team 007,76,52,68.43,33,19,63.47
19,26,Player 025,Team 012,76,60,78.95,38,22,63.34
19,27,Player 075,Team 004,76,43,56.58,27,16,62.8
19,28,Player 037,Team 008,76,66,86.85,40,26,60.61
19,29,Player 036,Team 008,76,50,65.79,30,20,60.0
19,30,Player 023,Team 011,76,64,84.22,37,27,57.82
19,31,Player 046,Team 015,76,76,100.0,43,33,56.58
19,32,Player 020,Team 010,76,62,81.58,34,28,54.84
19,33,Player 047,Team 015,76,72,94.74,39,33,54.17
19,34,Player 003,Team 003,76,52,68.43,27,25,51.93
19,35,Player 011,,76,56,73.69,29,27,51.79
19,36,Player 073,Team 006,76,57,75.0,28,29,49.13
19,37,Player 077,Team 008,76,47,61.85,23,24,48.94
19,38,Player 018,Team 004,76,60,78.95,28,32,46.67
19,39,Player 102,Team 006,76,60,78.95,28,32,46.67
19,40,Player 005,Team 003,76,56,73.69,25,31,44.65
19,41,Player 043,Team 014,76,40,52.64,17,23,42.5
19,42,Player 032,Team 006,76,60,78.95,25,35,41.67
19,43,Player 083,Team 012,76,59,77.64,23,36,38.99
19,44,Player 056,Team 015,76,68,89.48,26,42,38.24
19,45,Player 048,Team 015,76,54,71.06,20,34,37.04
19,46,Player 052,Team 013,76,42,55.27,15,27,35.72
19,47,Player 084,Team 014,76,41,53.95,14,27,34.15
19,48,Player 059,Team 016,76,54,71.06,18,36,33.34
19,49,Player 085,Team 016,76,64,84.22,21,43,32.82
19,50,Player 035,Team 008,76,40,52.64,13,27,32.5
19,51,Player 045,Team 009,76,56,73.69,17,39,30.36
19,52,Player 087,Team 016,76,60,78.95,16,44,26.67
19,53,Player 041,Team 002,76,59,77.64,15,44,25.43
19,54,Player 064,Team 010,76,62,81.58,15,47,24.2
19,55,Player 063,Team 010,76,58,76.32,10,48,17.25
19,56,Player 086,Team 016,76,44,57.9,7,37,15.91
19,57,Player 079,Team 009,76,40,52.64,6,34,15.0
19,58,Player 057,Team 016,76,54,71.06,8,46,14.82
19,59,Player 053,Team 002,76,40,52.64,5,35,12.5
19,60,Player 051,Team 013,76,50,65.79,5,45,10.0
19,61,Player 078,Team 002,76,55,72.37,4,51,7.28
19,62,Player 054,Team 002,76,48,63.16,2,46,4.17
19,,Player 069,Team 001,76,25,32.9,25,0,100.0
19,,Player 066,Team 013,76,12,15.79,12,0,100.0
19,,Player 119,Team 013,76,4,5.27,4,0,100.0
19,,Player 015,Team 006,76,2,2.64,2,0,100.0
19,,Player 019,Team 009,76,22,28.95,20,2,90.91
19,,Player 001,Team 001,76,36,47.37,31,5,86.12
19,,Player 095,Team 014,76,20,26.32,17,3,85.0
19,,Player 111,Team 015,76,6,7.9,5,1,83.34
19,,Player 068,Team 009,76,36,47.37,29,7,80.56
19,,Player 096,Team 014,76,16,21.06,12,4,75.0
19,,Player 116,Team 007,76,36,47.37,24,12,66.67
19,,Player 101,Team 001,76,28,36.85,18,10,64.29
19,,Player 089,Team 010,76,28,36.85,18,10,64.29
19,,Player 082,Team 011,76,32,42.11,20,12,62.5
19,,Player 070,Team 014,76,28,36.85,17,11,60.72
19,,Player 120,Team 009,76,12,15.79,7,5,58.34
19,,Player 042,Team 014,76,32,42.11,17,15,53.13
19,,Player 050,Team 001,76,17,22.37,9,8,52.95
19,,Player 060,Team 008,76,29,38.16,15,14,51.73
19,,Player 109,Team 012,76,29,38.16,15,14,51.73
19,,Player 118,Team 007,76,18,23.69,9,9,50.0
19,,Player 027,Team 009,76,10,13.16,5,5,50.0
19,,Player 092,Team 008,76,10,13.16,5,5,50.0
19,,Player 117,Team 012,76,8,10.53,4,4,50.0
19,,Player 108,Team 008,76,6,7.9,3,3,50.0
19,,Player 033,Team 011,76,28,36.85,13,15,46.43
19,,Player 112,Team 015,76,24,31.58,10,14,41.67
19,,Player 107,Team 001,76,12,15.79,5,7,41.67
19,,Player 040,Team 005,76,34,44.74,14,20,41.18
19,,Player 044,Team 014,76,37,48.69,15,22,40.55
19,,Player 081,Team 009,76,36,47.37,12,24,33.34
19,,Player 074,Team 002,76,32,42.11,10,22,31.25
19,,Player 029,Team 009,76,32,42.11,10,22,31.25
19,,Player 106,Team 013,76,16,21.06,5,11,31.25
19,,Player 038,Team 005,76,34,44.74,10,24,29.42
19,,Player 090,Team 005,76,14,18.43,4,10,28.58
19,,Player 094,Team 006,76,8,10.53,2,6,25.0
19,,Player 093,Team 007,76,24,31.58,5,19,20.84
19,,Player 058,Team 009,76,36,47.37,7,29,19.45
19,,Player 080,Team 009,76,16,21.06,3,13,18.75
19,,Player 030,Team 006,76,28,36.85,5,23,17.86
19,,Player 049,Team 007,76,30,39.48,5,25,16.67
19,,Player 103,Team 010,76,34,44.74,5,29,14.71
19,,Player 088,Team 007,76,20,26.32,2,18,10.0
19,,Player 061,Team 005,76,30,39.48,2,28,6.67
19,,Player 105,Team 016,76,16,21.06,1,15,6.25
19,,Player 091,Team 005,76,22,28.95,1,21,4.55
19,,Player 104,Team 005,76,16,21.06,0,16,0.0
19,,Player 062,Team 006,76,13,17.11,0,13,0.0
19,,Player 099,Team 002,76,8,10.53,0,8,0.0
19,,Player 055,Team 016,76,8,10.53,0,8,0.0
19,,Player 115,Team 010,76,8,10.53,0,8,0.0
19,,Player 098,Team 007,76,7,9.22,0,7,0.0
19,,Player 110,Team 005,76,6,7.9,0,6,0.0
19,,Player 113,Team 013,76,4,5.27,0,4,0.0
19,,Player 114,Team 010,76,4,5.27,0,4,0.0
19,,Player 097,Team 006,76,4,5.27,0,4,0.0
19,,Player 065,Team 007,76,3,3.95,0,3,0.0
20,1,Player 100,Team 001,80,50,62.5,49,1,98.0
20,2,Player 007,Team 001,80,60,75.0,58,2,96.67
20,3,Player 006,Team 005,80,76,95.0,71,5,93.43
20,4,Player 013,Team 001,80,44,55.0,39,5,88.64
20,5,Player 001,Team 001,80,40,50.0,35,5,87.5
20,6,Player 002,Team 002,80,59,73.75,50,9,84.75
20,7,Player 067,Team 003,80,72,90.0,61,11,84.73
20,8,Player 071,Team 014,80,40,50.0,33,7,82.5
20,8,Player 068,Team 009,80,40,50.0,33,7,82.5
20,9,Player 014,Team 007,80,57,71.25,47,10,82.46
20,10,Player 031,Team 014,80,43,53.75,35,8,81.4
20,11,Player 010,Team 006,80,76,95.0,61,15,80.27
20,12,Player 076,Team 001,80,44,55.0,35,9,79.55
20,13,Player 004,Team 004,80,76,95.0,60,16,78.95
20,14,Player 072,Team 011,80,64,80.0,50,14,78.13
20,15,Player 026,Team 007,80,57,71.25,43,14,75.44
20,16,Player 008,Team 003,80,76,95.0,56,20,73.69
20,17,Player 028,Team 012,80,72,90.0,53,19,73.62
20,18,Player 024,Team 010,80,52,65.0,37,15,71.16
20,19,Player 116,Team 007,80,40,50.0,28,12,70.0
20,20,Player 016,Team 008,80,56,70.0,39,17,69.65
20,21,Player 021,Team 011,80,64,80.0,44,20,68.75
20,22,Player 009,Team 004,80,57,71.25,39,18,68.43
20,23,Player 012,Team 005,80,80,100.0,54,26,67.5
20,24,Player 017,Team 004,80,76,95.0,50,26,65.79
20,25,Player 039,Team 012,80,76,95.0,49,27,64.48
20,26,Player 029,Team 013,80,56,70.0,36,20,64.29
20,27,Player 034,Team 007,80,56,70.0,36,20,64.29
20,28,Player 075,Team 004,80,47,58.75,30,17,63.83
20,29,Player 022,Team 011,80,52,65.0,33,19,63.47
20,30,Player 025,Team 012,80,64,80.0,40,24,62.5
20,31,Player 037,Team 008,80,66,82.5,40,26,60.61
20,32,Player 036,Team 008,80,50,62.5,30,20,60.0
20,33,Player 046,Team 015,80,80,100.0,45,35,56.25
20,34,Player 020,Team 010,80,66,82.5,36,30,54.55
20,35,Player 023,Team 011,80,68,85.0,37,31,54.42
20,36,Player 047,Team 015,80,76,95.0,41,35,53.95
20,37,Player 011,,80,60,75.0,32,28,53.34
20,38,Player 003,Team 003,80,52,65.0,27,25,51.93
20,39,Player 077,Team 008,80,51,63.75,26,25,50.99
20,40,Player 018,Team 004,80,64,80.0,32,32,50.0
20,41,Player 073,Team 006,80,61,76.25,30,31,49.19
20,42,Player 102,Team 006,80,64,80.0,29,35,45.32
20,43,Player 032,Team 006,80,64,80.0,28,36,43.75
20,44,Player 005,Team 003,80,60,75.0,25,35,41.67
20,45,Player 043,Team 014,80,44,55.0,18,26,40.91
20,46,Player 083,Team 012,80,63,78.75,25,38,39.69
20,47,Player 044,Team 014,80,41,51.25,16,25,39.03
20,48,Player 056,Team 015,80,72,90.0,27,45,37.5
20,49,Player 048,Team 015,80,58,72.5,21,37,36.21
20,50,Player 084,Team 014,80,45,56.25,16,29,35.56
20,51,Player 059,Team 016,80,58,72.5,19,39,32.76
20,52,Player 052,Team 013,80,46,57.5,15,31,32.61
20,53,Player 081,Team 009,80,40,50.0,13,27,32.5
20,54,Player 035,Team 008,80,44,55.0,14,30,31.82
20,55,Player 085,Team 016,80,68,85.0,21,47,30.89
20,56,Player 045,Team 009,80,56,70.0,17,39,30.36
20,57,Player 041,Team 002,80,63,78.75,18,45,28.58
20,58,Player 087,Team 016,80,64,80.0,16,48,25.0
20,59,Player 064,Team 010,80,66,82.5,16,50,24.25
20,60,Player 063,Team 010,80,62,77.5,11,51,17.75
20,61,Player 053,Team 002,80,44,55.0,7,37,15.91
20,61,Player 086,Team 016,80,44,55.0,7,37,15.91
20,62,Player 079,Team 009,80,40,50.0,6,34,15.0
20,63,Player 057,Team 016,80,54,67.5,8,46,14.82
20,64,Player 051,Team 013,80,54,67.5,5,49,9.26
20,65,Player 078,Team 002,80,59,73.75,4,55,6.78
20,66,Player 054,Team 002,80,48,60.0,2,46,4.17
20,,Player 069,Team 001,80,25,31.25,25,0,100.0
20,,Player 066,Team 013,80,12,15.0,12,0,100.0
20,,Player 119,Team 013,80,4,5.0,4,0,100.0
20,,Player 015,Team 006,80,2,2.5,2,0,100.0
20,,Player 019,Team 009,80,22,27.5,20,2,90.91
20,,Player 095,Team 014,80,20,25.0,17,3,85.0
20,,Player 111,Team 015,80,6,7.5,5,1,83.34
20,,Player 096,Team 014,80,16,20.0,12,4,75.0
20,,Player 101,Team 001,80,28,35.0,18,10,64.29
20,,Player 089,Team 010,80,28,35.0,18,10,64.29
20,,Player 070,Team 014,80,28,35.0,17,11,60.72
20,,Player 120,Team 009,80,12,15.0,7,5,58.34
20,,Player 092,Team 008,80,14,17.5,8,6,57.15
20,,Player 082,Team 011,80,36,45.0,20,16,55.56
20,,Player 060,Team 008,80,33,41.25,18,15,54.55
20,,Player 050,Team 001,80,17,21.25,9,8,52.95
20,,Player 109,Team 012,80,29,36.25,15,14,51.73
20,,Player 042,Team 014,80,36,45.0,18,18,50.0
20,,Player 118,Team 007,80,22,27.5,11,11,50.0
20,,Player 027,Team 009,80,10,12.5,5,5,50.0
20,,Player 117,Team 012,80,8,10.0,4,4,50.0
20,,Player 108,Team 008,80,6,7.5,3,3,50.0
20,,Player 033,Team 011,80,32,40.0,14,18,43.75
20,,Player 112,Team 015,80,24,30.0,10,14,41.67
20,,Player 107,Team 001,80,12,15.0,5,7,41.67
20,,Player 040,Team 005,80,38,47.5,14,24,36.85
20,,Player 074,Team 002,80,32,40.0,10,22,31.25
20,,Player 106,Team 013,80,16,20.0,5,11,31.25
20,,Player 029,Team 009,80,36,45.0,11,25,30.56
20,,Player 038,Team 005,80,34,42.5,10,24,29.42
20,,Player 090,Team 005,80,14,17.5,4,10,28.58
20,,Player 094,Team 006,80,8,10.0,2,6,25.0
20,,Player 093,Team 007,80,24,30.0,5,19,20.84
20,,Player 058,Team 009,80,36,45.0,7,29,19.45
20,,Player 030,Team 006,80,28,35.0,5,23,17.86
20,,Player 049,Team 007,80,30,37.5,5,25,16.67
20,,Player 080,Team 009,80,20,25.0,3,17,15.0
20,,Player 103,Team 010,80,34,42.5,5,29,14.71
20,,Player 088,Team 007,80,20,25.0,2,18,10.0
20,,Player 061,Team 005,80,30,37.5,2,28,6.67
20,,Player 105,Team 016,80,20,25.0,1,19,5.0
20,,Player 091,Team 005,80,22,27.5,1,21,4.55
20,,Player 104,Team 005,80,16,20.0,0,16,0.0
20,,Player 062,Team 006,80,13,16.25,0,13,0.0
20,,Player 113,Team 013,80,8,10.0,0,8,0.0
20,,Player 099,Team 002,80,8,10.0,0,8,0.0
20,,Player 055,Team 016,80,8,10.0,0,8,0.0
20,,Player 115,Team 010,80,8,10.0,0,8,0.0
20,,Player 098,Team 007,80,7,8.75,0,7,0.0
20,,Player 110,Team 005,80,6,7.5,0,6,0.0
20,,Player 114,Team 010,80,4,5.0,0,4,0.0
20,,Player 097,Team 006,80,4,5.0,0,4,0.0
20,,Player 065,Team 007,80,3,3.75,0,3,0.0
21,1,Player 100,Team 001,84,50,59.53,49,1,98.0
21,2,Player 007,Team 001,84,64,76.2,62,2,96.88
21,3,Player 006,Team 005,84,76,90.48,71,5,93.43
21,4,Player 001,Team 001,84,44,52.39,39,5,88.64
21,4,Player 013,Team 001,84,44,52.39,39,5,88.64
21,5,Player 067,Team 003,84,76,90.48,65,11,85.53
21,6,Player 002,Team 002,84,63,75.0,53,10,84.13
21,7,Player 014,Team 007,84,61,72.62,51,10,83.61
21,8,Player 076,Team 001,84,48,57.15,39,9,81.25
21,9,Player 010,Team 006,84,80,95.24,65,15,81.25
21,10,Player 031,Team 014,84,47,55.96,38,9,80.86
21,11,Player 004,Team 004,84,80,95.24,63,17,78.75
21,12,Player 068,Team 009,84,44,52.39,34,10,77.28
21,13,Player 026,Team 007,84,61,72.62,47,14,77.05
21,14,Player 072,Team 011,84,68,80.96,52,16,76.48
21,15,Player 008,Team 003,84,80,95.24,60,20,75.0
21,16,Player 028,Team 012,84,72,85.72,53,19,73.62
21,17,Player 116,Team 007,84,44,52.39,32,12,72.73
21,18,Player 021,Team 011,84,64,76.2,44,20,68.75
21,19,Player 016,Team 008,84,60,71.43,41,19,68.34
21,20,Player 012,Team 005,84,84,100.0,57,27,67.86
21,21,Player 024,Team 010,84,56,66.67,38,18,67.86
21,22,Player 017,Team 004,84,80,95.24,54,26,67.5
21,23,Player 009,Team 004,84,61,72.62,41,20,67.22
21,24,Player 039,Team 012,84,80,95.24,53,27,66.25
21,25,Player 025,Team 012,84,68,80.96,44,24,64.71
21,26,Player 029,Team 013,84,60,71.43,38,22,63.34
21,27,Player 034,Team 007,84,60,71.43,38,22,63.34
21,28,Player 022,Team 011,84,56,66.67,35,21,62.5
21,29,Player 075,Team 004,84,50,59.53,31,19,62.0
21,30,Player 037,Team 008,84,66,78.58,40,26,60.61
21,31,Player 036,Team 008,84,50,59.53,30,20,60.0
21,32,Player 003,Team 003,84,56,66.67,31,25,55.36
21,33,Player 077,Team 008,84,55,65.48,30,25,54.55
21,34,Player 046,Team 015,84,84,100.0,45,39,53.58
21,35,Player 011,,84,60,71.43,32,28,53.34
21,36,Player 047,Team 015,84,80,95.24,42,38,52.5
21,37,Player 020,Team 010,84,70,83.34,36,34,51.43
21,38,Player 023,Team 011,84,72,85.72,37,35,51.39
21,39,Player 018,Team 004,84,65,77.39,32,33,49.24
21,40,Player 073,Team 006,84,65,77.39,31,34,47.7
21,41,Player 102,Team 006,84,68,80.96,32,36,47.06
21,42,Player 032,Team 006,84,68,80.96,30,38,44.12
21,43,Player 005,Team 003,84,64,76.2,28,36,43.75
21,44,Player 044,Team 014,84,45,53.58,19,26,42.23
21,45,Player 043,Team 014,84,44,52.39,18,26,40.91
21,46,Player 083,Team 012,84,63,75.0,25,38,39.69
21,47,Player 040,Team 005,84,42,50.0,16,26,38.1
21,48,Player 056,Team 015,84,76,90.48,28,48,36.85
21,49,Player 084,Team 014,84,45,53.58,16,29,35.56
21,50,Player 035,Team 008,84,48,57.15,17,31,35.42
21,51,Player 048,Team 015,84,62,73.81,21,41,33.88
21,52,Player 059,Team 016,84,60,71.43,20,40,33.34
21,53,Player 052,Team 013,84,50,59.53,16,34,32.0
21,54,Player 085,Team 016,84,72,85.72,23,49,31.95
21,55,Player 045,Team 009,84,56,66.67,17,39,30.36
21,56,Player 041,Team 002,84,67,79.77,20,47,29.86
21,57,Player 087,Team 016,84,68,80.96,17,51,25.0
21,58,Player 064,Team 010,84,70,83.34,16,54,22.86
21,59,Player 063,Team 010,84,62,73.81,11,51,17.75
21,60,Player 086,Team 016,84,46,54.77,8,38,17.4
21,61,Player 053,Team 002,84,48,57.15,8,40,16.67
21,62,Player 057,Team 016,84,58,69.05,9,49,15.52
21,63,Player 079,Team 009,84,44,52.39,6,38,13.64
21,64,Player 051,Team 013,84,58,69.05,5,53,8.63
21,65,Player 078,Team 002,84,59,70.24,4,55,6.78
21,66,Player 054,Team 002,84,52,61.91,2,50,3.85
21,,Player 069,Team 001,84,25,29.77,25,0,100.0
21,,Player 066,Team 013,84,12,14.29,12,0,100.0
21,,Player 119,Team 013,84,4,4.77,4,0,100.0
21,,Player 015,Team 006,84,2,2.39,2,0,100.0
21,,Player 019,Team 009,84,22,26.2,20,2,90.91
21,,Player 095,Team 014,84,20,23.81,17,3,85.0
21,,Player 111,Team 015,84,6,7.15,5,1,83.34
21,,Player 071,Team 014,84,40,47.62,33,7,82.5
21,,Player 096,Team 014,84,16,19.05,12,4,75.0
21,,Player 101,Team 001,84,32,38.1,21,11,65.63
21,,Player 089,Team 010,84,28,33.34,18,10,64.29
21,,Player 070,Team 014,84,28,33.34,17,11,60.72
21,,Player 120,Team 009,84,12,14.29,7,5,58.34
21,,Player 108,Team 008,84,7,8.34,4,3,57.15
21,,Player 042,Team 014,84,40,47.62,22,18,55.0
21,,Player 082,Team 011,84,40,47.62,22,18,55.0
21,,Player 060,Team 008,84,33,39.29,18,15,54.55
21,,Player 109,Team 012,84,33,39.29,18,15,54.55
21,,Player 050,Team 001,84,17,20.24,9,8,52.95
21,,Player 118,Team 007,84,22,26.2,11,11,50.0
21,,Player 117,Team 012,84,12,14.29,6,6,50.0
21,,Player 027,Team 009,84,10,11.91,5,5,50.0
21,,Player 092,Team 008,84,17,20.24,8,9,47.06
21,,Player 033,Team 011,84,32,38.1,14,18,43.75
21,,Player 112,Team 015,84,24,28.58,10,14,41.67
21,,Player 107,Team 001,84,12,14.29,5,7,41.67
21,,Player 081,Team 009,84,40,47.62,13,27,32.5
21,,Player 074,Team 002,84,32,38.1,10,22,31.25
21,,Player 106,Team 013,84,16,19.05,5,11,31.25
21,,Player 090,Team 005,84,14,16.67,4,10,28.58
21,,Player 029,Team 009,84,40,47.62,11,29,27.5
21,,Player 038,Team 005,84,38,45.24,10,28,26.32
21,,Player 094,Team 006,84,8,9.53,2,6,25.0
21,,Player 093,Team 007,84,24,28.58,5,19,20.84
21,,Player 030,Team 006,84,28,33.34,5,23,17.86
21,,Player 058,Team 009,84,40,47.62,7,33,17.5
21,,Player 049,Team 007,84,30,35.72,5,25,16.67
21,,Player 080,Team 009,84,20,23.81,3,17,15.0
21,,Player 103,Team 010,84,38,45.24,5,33,13.16
21,,Player 088,Team 007,84,20,23.81,2,18,10.0
21,,Player 061,Team 005,84,34,40.48,3,31,8.83
21,,Player 105,Team 016,84,20,23.81,1,19,5.0
21,,Player 091,Team 005,84,22,26.2,1,21,4.55
21,,Player 104,Team 005,84,16,19.05,0,16,0.0
21,,Player 062,Team 006,84,13,15.48,0,13,0.0
21,,Player 113,Team 013,84,8,9.53,0,8,0.0
21,,Player 099,Team 002,84,8,9.53,0,8,0.0
21,,Player 055,Team 016,84,8,9.53,0,8,0.0
21,,Player 115,Team 010,84,8,9.53,0,8,0.0
21,,Player 098,Team 007,84,7,8.34,0,7,0.0
21,,Player 110,Team 005,84,6,7.15,0,6,0.0
21,,Player 114,Team 010,84,4,4.77,0,4,0.0
21,,Player 097,Team 006,84,4,4.77,0,4,0.0
21,,Player 065,Team 007,84,3,3.58,0,3,0.0
22,1,Player 100,Team 001,88,50,56.82,49,1,98.0
22,2,Player 007,Team 001,88,64,72.73,62,2,96.88
22,3,Player 006,Team 005,88,80,90.91,75,5,93.75
22,4,Player 013,Team 001,88,44,50.0,39,5,88.64
22,5,Player 001,Team 001,88,48,54.55,42,6,87.5
22,6,Player 002,Team 002,88,67,76.14,57,10,85.08
22,7,Player 067,Team 003,88,80,90.91,68,12,85.0
22,8,Player 014,Team 007,88,61,69.32,51,10,83.61
22,9,Player 071,Team 014,88,44,50.0,36,8,81.82
22,10,Player 010,Team 006,88,84,95.46,68,16,80.96
22,11,Player 031,Team 014,88,47,53.41,38,9,80.86
22,12,Player 076,Team 001,88,52,59.1,42,10,80.77
22,13,Player 072,Team 011,88,72,81.82,56,16,77.78
22,14,Player 004,Team 004,88,84,95.46,65,19,77.39
22,15,Player 068,Team 009,88,44,50.0,34,10,77.28
22,16,Player 026,Team 007,88,65,73.87,49,16,75.39
22,17,Player 028,Team 012,88,76,86.37,57,19,75.0
22,18,Player 116,Team 007,88,48,54.55,36,12,75.0
22,19,Player 008,Team 003,88,84,95.46,61,23,72.62
22,20,Player 024,Team 010,88,60,68.19,42,18,70.0
22,21,Player 012,Team 005,88,88,100.0,61,27,69.32
22,22,Player 021,Team 011,88,64,72.73,44,20,68.75
22,23,Player 016,Team 008,88,64,72.73,44,20,68.75
22,24,Player 039,Team 012,88,84,95.46,57,27,67.86
22,25,Player 017,Team 004,88,84,95.46,57,27,67.86
22,26,Player 029,Team 013,88,64,72.73,42,22,65.63
22,27,Player 025,Team 012,88,68,77.28,44,24,64.71
22,28,Player 009,Team 004,88,65,73.87,41,24,63.08
22,29,Player 022,Team 011,88,60,68.19,37,23,61.67
22,30,Player 075,Team 004,88,54,61.37,33,21,61.12
22,31,Player 034,Team 007,88,64,72.73,39,25,60.94
22,32,Player 037,Team 008,88,66,75.0,40,26,60.61
22,33,Player 077,Team 008,88,59,67.05,34,25,57.63
22,34,Player 082,Team 011,88,44,50.0,25,19,56.82
22,35,Player 036,Team 008,88,54,61.37,30,24,55.56
22,36,Player 003,Team 003,88,60,68.19,33,27,55.0
22,37,Player 020,Team 010,88,74,84.1,40,34,54.06
22,38,Player 046,Team 015,88,88,100.0,47,41,53.41
22,39,Player 023,Team 011,88,76,86.37,40,36,52.64
22,40,Player 011,,88,64,72.73,33,31,51.57
22,41,Player 047,Team 015,88,84,95.46,43,41,51.2
22,42,Player 042,Team 014,88,44,50.0,22,22,50.0
22,43,Player 018,Team 004,88,65,73.87,32,33,49.24
22,44,Player 073,Team 006,88,65,73.87,31,34,47.7
22,45,Player 102,Team 006,88,68,77.28,32,36,47.06
22,46,Player 005,Team 003,88,64,72.73,28,36,43.75
22,47,Player 044,Team 014,88,45,51.14,19,26,42.23
22,48,Player 032,Team 006,88,72,81.82,30,42,41.67
22,49,Player 040,Team 005,88,46,52.28,19,27,41.31
22,50,Player 083,Team 012,88,67,76.14,27,40,40.3
22,51,Player 043,Team 014,88,48,54.55,18,30,37.5
22,52,Player 035,Team 008,88,51,57.96,19,32,37.26
22,53,Player 056,Team 015,88,80,90.91,29,51,36.25
22,54,Player 052,Team 013,88,54,61.37,19,35,35.19
22,55,Player 084,Team 014,88,49,55.69,17,32,34.7
22,56,Player 059,Team 016,88,64,72.73,22,42,34.38
22,57,Player 081,Team 009,88,44,50.0,15,29,34.1
22,58,Player 048,Team 015,88,66,75.0,22,44,33.34
22,59,Player 085,Team 016,88,76,86.37,25,51,32.9
22,60,Player 045,Team 009,88,56,63.64,17,39,30.36
22,61,Player 041,Team 002,88,71,80.69,20,51,28.17
22,62,Player 087,Team 016,88,68,77.28,17,51,25.0
22,63,Player 029,Team 009,88,44,50.0,11,33,25.0
22,64,Player 064,Team 010,88,74,84.1,17,57,22.98
22,65,Player 086,Team 016,88,50,56.82,9,41,18.0
22,66,Player 063,Team 010,88,62,70.46,11,51,17.75
22,67,Player 053,Team 002,88,52,59.1,8,44,15.39
22,68,Player 079,Team 009,88,48,54.55,7,41,14.59
22,69,Player 057,Team 016,88,62,70.46,9,53,14.52
22,70,Player 051,Team 013,88,62,70.46,7,55,11.3
22,71,Player 078,Team 002,88,59,67.05,4,55,6.78
22,72,Player 054,Team 002,88,56,63.64,2,54,3.58
22,,Player 069,Team 001,88,25,28.41,25,0,100.0
22,,Player 119,Team 013,88,4,4.55,4,0,100.0
22,,Player 015,Team 006,88,2,2.28,2,0,100.0
22,,Player 066,Team 013,88,16,18.19,15,1,93.75
22,,Player 019,Team 009,88,22,25.0,20,2,90.91
22,,Player 095,Team 014,88,20,22.73,17,3,85.0
22,,Player 111,Team 015,88,6,6.82,5,1,83.34
22,,Player 096,Team 014,88,16,18.19,12,4,75.0
22,,Player 101,Team 001,88,36,40.91,24,12,66.67
22,,Player 089,Team 010,88,28,31.82,18,10,64.29
22,,Player 070,Team 014,88,28,31.82,17,11,60.72
22,,Player 120,Team 009,88,16,18.19,9,7,56.25
22,,Player 060,Team 008,88,33,37.5,18,15,54.55
22,,Player 109,Team 012,88,35,39.78,19,16,54.29
22,,Player 050,Team 001,88,17,19.32,9,8,52.95
22,,Player 118,Team 007,88,26,29.55,13,13,50.0
22,,Player 107,Team 001,88,16,18.19,8,8,50.0
22,,Player 117,Team 012,88,12,13.64,6,6,50.0
22,,Player 027,Team 009,88,10,11.37,5,5,50.0
22,,Player 108,Team 008,88,8,9.1,4,4,50.0
22,,Player 092,Team 008,88,17,19.32,8,9,47.06
22,,Player 033,Team 011,88,32,36.37,14,18,43.75
22,,Player 112,Team 015,88,24,27.28,10,14,41.67
22,,Player 074,Team 002,88,32,36.37,10,22,31.25
22,,Player 106,Team 013,88,16,18.19,5,11,31.25
22,,Player 090,Team 005,88,14,15.91,4,10,28.58
22,,Player 038,Team 005,88,38,43.19,10,28,26.32
22,,Player 094,Team 006,88,12,13.64,3,9,25.0
22,,Player 093,Team 007,88,24,27.28,5,19,20.84
22,,Player 058,Team 009,88,40,45.46,7,33,17.5
22,,Player 103,Team 010,88,42,47.73,7,35,16.67
22,,Player 049,Team 007,88,30,34.1,5,25,16.67
22,,Player 030,Team 006,88,32,36.37,5,27,15.63
22,,Player 080,Team 009,88,20,22.73,3,17,15.0
22,,Player 088,Team 007,88,20,22.73,2,18,10.0
22,,Player 061,Team 005,88,38,43.19,3,35,7.9
22,,Player 105,Team 016,88,20,22.73,1,19,5.0
22,,Player 091,Team 005,88,22,25.0,1,21,4.55
22,,Player 104,Team 005,88,16,18.19,0,16,0.0
22,,Player 062,Team 006,88,13,14.78,0,13,0.0
22,,Player 113,Team 013,88,8,9.1,0,8,0.0
22,,Player 099,Team 002,88,8,9.1,0,8,0.0
22,,Player 055,Team 016,88,8,9.1,0,8,0.0
22,,Player 115,Team 010,88,8,9.1,0,8,0.0
22,,Player 098,Team 007,88,7,7.96,0,7,0.0
22,,Player 110,Team 005,88,6,6.82,0,6,0.0
22,,Player 114,Team 010,88,4,4.55,0,4,0.0
22,,Player 097,Team 006,88,4,4.55,0,4,0.0
22,,Player 065,Team 007,88,3,3.41,0,3,0.0
22,,Player 121,Team 012,88,2,2.28,0,2,0.0
23,1,Player 100,Team 001,92,50,54.35,49,1,98.0
23,2,Player 007,Team 001,92,68,73.92,65,3,95.59
23,3,Player 006,Team 005,92,80,86.96,75,5,93.75
23,4,Player 013,Team 001,92,48,52.18,42,6,87.5
23,5,Player 001,Team 001,92,52,56.53,45,7,86.54
23,6,Player 002,Team 002,92,71,77.18,60,11,84.51
23,7,Player 014,Team 007,92,61,66.31,51,10,83.61
23,8,Player 067,Team 003,92,84,91.31,69,15,82.15
23,9,Player 010,Team 006,92,88,95.66,72,16,81.82
23,10,Player 071,Team 014,92,48,52.18,39,9,81.25
23,11,Player 076,Team 001,92,52,56.53,42,10,80.77
23,12,Player 031,Team 014,92,51,55.44,40,11,78.44
23,13,Player 004,Team 004,92,88,95.66,69,19,78.41
23,14,Player 072,Team 011,92,72,78.27,56,16,77.78
23,15,Player 026,Team 007,92,69,75.0,52,17,75.37
23,16,Player 028,Team 012,92,80,86.96,60,20,75.0
23,17,Player 116,Team 007,92,52,56.53,39,13,75.0
23,18,Player 021,Team 011,92,68,73.92,48,20,70.59
23,19,Player 016,Team 008,92,68,73.92,48,20,70.59
23,20,Player 008,Team 003,92,88,95.66,62,26,70.46
23,21,Player 024,Team 010,92,60,65.22,42,18,70.0
23,22,Player 012,Team 005,92,92,100.0,64,28,69.57
23,23,Player 039,Team 012,92,88,95.66,61,27,69.32
23,24,Player 017,Team 004,92,88,95.66,61,27,69.32
23,25,Player 029,Team 013,92,68,73.92,45,23,66.18
23,26,Player 025,Team 012,92,72,78.27,47,25,65.28
23,27,Player 009,Team 004,92,69,75.0,45,24,65.22
23,28,Player 037,Team 008,92,70,76.09,44,26,62.86
23,29,Player 022,Team 011,92,64,69.57,40,24,62.5
23,30,Player 075,Team 004,92,54,58.7,33,21,61.12
23,31,Player 034,Team 007,92,68,73.92,40,28,58.83
23,32,Player 077,Team 008,92,59,64.14,34,25,57.63
23,33,Player 036,Team 008,92,54,58.7,30,24,55.56
23,34,Player 023,Team 011,92,80,86.96,44,36,55.0
23,35,Player 003,Team 003,92,64,69.57,34,30,53.13
23,36,Player 020,Team 010,92,78,84.79,41,37,52.57
23,37,Player 046,Team 015,92,92,100.0,48,44,52.18
23,38,Player 011,,92,64,69.57,33,31,51.57
23,39,Player 018,Team 004,92,69,75.0,35,34,50.73
23,40,Player 073,Team 006,92,69,75.0,34,35,49.28
23,41,Player 047,Team 015,92,88,95.66,43,45,48.87
23,42,Player 102,Team 006,92,72,78.27,35,37,48.62
23,43,Player 042,Team 014,92,48,52.18,22,26,45.84
23,44,Player 032,Team 006,92,76,82.61,33,43,43.43
23,45,Player 040,Team 005,92,50,54.35,21,29,42.0
23,46,Player 005,Team 003,92,68,73.92,28,40,41.18
23,47,Player 083,Team 012,92,71,77.18,29,42,40.85
23,48,Player 035,Team 008,92,55,59.79,22,33,40.0
23,49,Player 043,Team 014,92,48,52.18,18,30,37.5
23,50,Player 056,Team 015,92,80,86.96,29,51,36.25
23,51,Player 052,Team 013,92,54,58.7,19,35,35.19
23,52,Player 084,Team 014,92,49,53.27,17,32,34.7
23,53,Player 059,Team 016,92,68,73.92,23,45,33.83
23,54,Player 085,Team 016,92,80,86.96,26,54,32.5
23,55,Player 048,Team 015,92,70,76.09,22,48,31.43
23,56,Player 081,Team 009,92,48,52.18,15,33,31.25
23,57,Player 045,Team 009,92,56,60.87,17,39,30.36
23,58,Player 041,Team 002,92,75,81.53,21,54,28.01
23,59,Player 087,Team 016,92,68,73.92,17,51,25.0
23,60,Player 029,Team 009,92,48,52.18,11,37,22.92
23,61,Player 064,Team 010,92,78,84.79,17,61,21.8
23,62,Player 086,Team 016,92,54,58.7,10,44,18.52
23,63,Player 063,Team 010,92,66,71.74,11,55,16.67
23,64,Player 053,Team 002,92,52,56.53,8,44,15.39
23,65,Player 103,Team 010,92,46,50.0,7,39,15.22
23,66,Player 057,Team 016,92,66,71.74,10,56,15.16
23,67,Player 079,Team 009,92,48,52.18,7,41,14.59
23,68,Player 051,Team 013,92,66,71.74,8,58,12.13
23,69,Player 078,Team 002,92,59,64.14,4,55,6.78
23,70,Player 054,Team 002,92,60,65.22,2,58,3.34
23,,Player 069,Team 001,92,29,31.53,29,0,100.0
23,,Player 119,Team 013,92,4,4.35,4,0,100.0
23,,Player 015,Team 006,92,2,2.18,2,0,100.0
23,,Player 066,Team 013,92,16,17.4,15,1,93.75
23,,Player 019,Team 009,92,22,23.92,20,2,90.91
23,,Player 111,Team 015,92,6,6.53,5,1,83.34
23,,Player 068,Team 009,92,44,47.83,34,10,77.28
23,,Player 095,Team 014,92,24,26.09,18,6,75.0
23,,Player 096,Team 014,92,16,17.4,12,4,75.0
23,,Player 101,Team 001,92,36,39.14,24,12,66.67
23,,Player 089,Team 010,92,28,30.44,18,10,64.29
23,,Player 070,Team 014,92,28,30.44,17,11,60.72
23,,Player 082,Team 011,92,44,47.83,25,19,56.82
23,,Player 120,Team 009,92,20,21.74,11,9,55.0
23,,Player 060,Team 008,92,33,35.87,18,15,54.55
23,,Player 109,Team 012,92,35,38.05,19,16,54.29
23,,Player 118,Team 007,92,30,32.61,16,14,53.34
23,,Player 050,Team 001,92,17,18.48,9,8,52.95
23,,Player 033,Team 011,92,36,39.14,18,18,50.0
23,,Player 107,Team 001,92,16,17.4,8,8,50.0
23,,Player 117,Team 012,92,12,13.05,6,6,50.0
23,,Player 027,Team 009,92,10,10.87,5,5,50.0
23,,Player 092,Team 008,92,20,21.74,9,11,45.0
23,,Player 108,Team 008,92,9,9.79,4,5,44.45
23,,Player 044,Team 014,92,45,48.92,19,26,42.23
23,,Player 106,Team 013,92,20,21.74,8,12,40.0
23,,Player 112,Team 015,92,28,30.44,10,18,35.72
23,,Player 074,Team 002,92,32,34.79,10,22,31.25
23,,Player 038,Team 005,92,42,45.66,13,29,30.96
23,,Player 090,Team 005,92,14,15.22,4,10,28.58
23,,Player 094,Team 006,92,12,13.05,3,9,25.0
23,,Player 093,Team 007,92,24,26.09,5,19,20.84
23,,Player 058,Team 009,92,44,47.83,8,36,18.19
23,,Player 049,Team 007,92,30,32.61,5,25,16.67
23,,Player 030,Team 006,92,32,34.79,5,27,15.63
23,,Player 080,Team 009,92,20,21.74,3,17,15.0
23,,Player 088,Team 007,92,20,21.74,2,18,10.0
23,,Player 061,Team 005,92,38,41.31,3,35,7.9
23,,Player 091,Team 005,92,26,28.27,2,24,7.7
23,,Player 105,Team 016,92,20,21.74,1,19,5.0
23,,Player 104,Team 005,92,16,17.4,0,16,0.0
23,,Player 062,Team 006,92,13,14.14,0,13,0.0
23,,Player 099,Team 002,92,12,13.05,0,12,0.0
23,,Player 113,Team 013,92,8,8.7,0,8,0.0
23,,Player 055,Team 016,92,8,8.7,0,8,0.0
23,,Player 115,Team 010,92,8,8.7,0,8,0.0
23,,Player 098,Team 007,92,7,7.61,0,7,0.0
23,,Player 110,Team 005,92,6,6.53,0,6,0.0
23,,Player 114,Team 010,92,4,4.35,0,4,0.0
23,,Player 097,Team 006,92,4,4.35,0,4,0.0
23,,Player 065,Team 007,92,3,3.27,0,3,0.0
23,,Player 121,Team 012,92,2,2.18,0,2,0.0
24,1,Player 100,Team 001,96,54,56.25,53,1,98.15
24,2,Player 007,Team 001,96,68,70.84,65,3,95.59
24,3,Player 006,Team 005,96,80,83.34,75,5,93.75
24,4,Player 013,Team 001,96,48,50.0,42,6,87.5
24,5,Player 001,Team 001,96,52,54.17,45,7,86.54
24,6,Player 002,Team 002,96,75,78.13,63,12,84.0
24,7,Player 014,Team 007,96,61,63.55,51,10,83.61
24,8,Player 067,Team 003,96,88,91.67,73,15,82.96
24,9,Player 010,Team 006,96,92,95.84,76,16,82.61
24,10,Player 076,Team 001,96,56,58.34,46,10,82.15
24,11,Player 004,Team 004,96,92,95.84,73,19,79.35
24,12,Player 071,Team 014,96,52,54.17,41,11,78.85
24,13,Player 072,Team 011,96,76,79.17,59,17,77.64
24,14,Player 116,Team 007,96,56,58.34,43,13,76.79
24,15,Player 026,Team 007,96,73,76.05,55,18,75.35
24,16,Player 028,Team 012,96,84,87.5,63,21,75.0
24,17,Player 031,Team 014,96,55,57.3,41,14,74.55
24,18,Player 012,Team 005,96,96,100.0,68,28,70.84
24,19,Player 016,Team 008,96,72,75.0,51,21,70.84
24,20,Player 017,Team 004,96,92,95.84,65,27,70.66
24,21,Player 008,Team 003,96,92,95.84,64,28,69.57
24,22,Player 021,Team 011,96,72,75.0,50,22,69.45
24,23,Player 024,Team 010,96,64,66.67,44,20,68.75
24,24,Player 039,Team 012,96,92,95.84,63,29,68.48
24,25,Player 029,Team 013,96,72,75.0,48,24,66.67
24,26,Player 009,Team 004,96,69,71.88,45,24,65.22
24,27,Player 025,Team 012,96,76,79.17,48,28,63.16
24,28,Player 037,Team 008,96,74,77.09,46,28,62.17
24,29,Player 022,Team 011,96,68,70.84,42,26,61.77
24,30,Player 075,Team 004,96,58,60.42,35,23,60.35
24,31,Player 034,Team 007,96,68,70.84,40,28,58.83
24,32,Player 077,Team 008,96,63,65.63,37,26,58.74
24,33,Player 023,Team 011,96,80,83.34,44,36,55.0
24,34,Player 003,Team 003,96,68,70.84,37,31,54.42
24,35,Player 082,Team 011,96,48,50.0,26,22,54.17
24,36,Player 046,Team 015,96,96,100.0,51,45,53.13
24,37,Player 020,Team 010,96,80,83.34,42,38,52.5
24,38,Player 036,Team 008,96,58,60.42,30,28,51.73
24,39,Player 047,Team 015,96,92,95.84,47,45,51.09
24,40,Player 018,Team 004,96,73,76.05,37,36,50.69
24,41,Player 073,Team 006,96,69,71.88,34,35,49.28
24,42,Player 102,Team 006,96,72,75.0,35,37,48.62
24,43,Player 011,,96,68,70.84,33,35,48.53
24,44,Player 042,Team 014,96,48,50.0,22,26,45.84
24,45,Player 032,Team 006,96,80,83.34,36,44,45.0
24,46,Player 040,Team 005,96,54,56.25,24,30,44.45
24,47,Player 005,Team 003,96,68,70.84,28,40,41.18
24,48,Player 083,Team 012,96,75,78.13,30,45,40.0
24,49,Player 035,Team 008,96,55,57.3,22,33,40.0
24,50,Player 044,Team 014,96,49,51.05,19,30,38.78
24,51,Player 056,Team 015,96,84,87.5,32,52,38.1
24,52,Player 043,Team 014,96,48,50.0,18,30,37.5
24,53,Player 052,Team 013,96,54,56.25,19,35,35.19
24,54,Player 084,Team 014,96,53,55.21,18,35,33.97
24,55,Player 059,Team 016,96,68,70.84,23,45,33.83
24,56,Player 048,Team 015,96,74,77.09,25,49,33.79
24,57,Player 081,Team 009,96,48,50.0,15,33,31.25
24,58,Player 085,Team 016,96,84,87.5,26,58,30.96
24,59,Player 045,Team 009,96,56,58.34,17,39,30.36
24,60,Player 041,Team 002,96,79,82.3,23,56,29.12
24,61,Player 087,Team 016,96,72,75.0,18,54,25.0
24,62,Player 029,Team 009,96,48,50.0,11,37,22.92
24,63,Player 064,Team 010,96,82,85.42,17,65,20.74
24,64,Player 079,Team 009,96,52,54.17,9,43,17.31
24,65,Player 086,Team 016,96,58,60.42,10,48,17.25
24,66,Player 058,Team 009,96,48,50.0,8,40,16.67
24,67,Player 063,Team 010,96,68,70.84,11,57,16.18
24,68,Player 053,Team 002,96,52,54.17,8,44,15.39
24,69,Player 057,Team 016,96,70,72.92,10,60,14.29
24,70,Player 103,Team 010,96,50,52.09,7,43,14.01
24,71,Player 051,Team 013,96,70,72.92,8,62,11.43
24,72,Player 078,Team 002,96,63,65.63,5,58,7.94
24,73,Player 054,Team 002,96,64,66.67,3,61,4.69
24,,Player 069,Team 001,96,29,30.21,29,0,100.0
24,,Player 119,Team 013,96,4,4.17,4,0,100.0
24,,Player 122,Team 001,96,4,4.17,4,0,100.0
24,,Player 015,Team 006,96,2,2.09,2,0,100.0
24,,Player 066,Team 013,96,16,16.67,15,1,93.75
24,,Player 019,Team 009,96,22,22.92,20,2,90.91
24,,Player 111,Team 015,96,6,6.25,5,1,83.34
24,,Player 068,Team 009,96,44,45.84,34,10,77.28
24,,Player 095,Team 014,96,24,25.0,18,6,75.0
24,,Player 096,Team 014,96,16,16.67,12,4,75.0
24,,Player 101,Team 001,96,40,41.67,27,13,67.5
24,,Player 089,Team 010,96,28,29.17,18,10,64.29
24,,Player 070,Team 014,96,28,29.17,17,11,60.72
24,,Player 118,Team 007,96,34,35.42,20,14,58.83
24,,Player 120,Team 009,96,20,20.84,11,9,55.0
24,,Player 060,Team 008,96,33,34.38,18,15,54.55
24,,Player 109,Team 012,96,35,36.46,19,16,54.29
24,,Player 050,Team 001,96,17,17.71,9,8,52.95
24,,Player 033,Team 011,96,36,37.5,18,18,50.0
24,,Player 107,Team 001,96,16,16.67,8,8,50.0
24,,Player 117,Team 012,96,12,12.5,6,6,50.0
24,,Player 027,Team 009,96,10,10.42,5,5,50.0
24,,Player 123,Team 006,96,4,4.17,2,2,50.0
24,,Player 092,Team 008,96,20,20.84,9,11,45.0
24,,Player 108,Team 008,96,9,9.38,4,5,44.45
24,,Player 106,Team 013,96,20,20.84,8,12,40.0
24,,Player 038,Team 005,96,46,47.92,17,29,36.96
24,,Player 112,Team 015,96,28,29.17,10,18,35.72
24,,Player 074,Team 002,96,32,33.34,10,22,31.25
24,,Player 090,Team 005,96,14,14.59,4,10,28.58
24,,Player 093,Team 007,96,28,29.17,7,21,25.0
24,,Player 094,Team 006,96,12,12.5,3,9,25.0
24,,Player 049,Team 007,96,30,31.25,5,25,16.67
24,,Player 080,Team 009,96,24,25.0,4,20,16.67
24,,Player 030,Team 006,96,36,37.5,5,31,13.89
24,,Player 061,Team 005,96,42,43.75,5,37,11.91
24,,Player 088,Team 007,96,20,20.84,2,18,10.0
24,,Player 091,Team 005,96,26,27.09,2,24,7.7
24,,Player 105,Team 016,96,20,20.84,1,19,5.0
24,,Player 104,Team 005,96,16,16.67,0,16,0.0
24,,Player 062,Team 006,96,13,13.55,0,13,0.0
24,,Player 113,Team 013,96,12,12.5,0,12,0.0
24,,Player 099,Team 002,96,12,12.5,0,12,0.0
24,,Player 055,Team 016,96,8,8.34,0,8,0.0
24,,Player 115,Team 010,96,8,8.34,0,8,0.0
24,,Player 098,Team 007,96,7,7.3,0,7,0.0
24,,Player 110,Team 005,96,6,6.25,0,6,0.0
24,,Player 114,Team 010,96,4,4.17,0,4,0.0
24,,Player 097,Team 006,96,4,4.17,0,4,0.0
24,,Player 065,Team 007,96,3,3.13,0,3,0.0
24,,Player 121,Team 012,96,2,2.09,0,2,0.0
25,1,Player 100,Team 001,100,58,58.0,57,1,98.28
25,2,Player 007,Team 001,100,72,72.0,69,3,95.84
25,3,Player 006,Team 005,100,84,84.0,79,5,94.05
25,4,Player 013,Team 001,100,52,52.0,46,6,88.47
25,5,Player 001,Team 001,100,56,56.01,49,7,87.5
25,6,Player 067,Team 003,100,92,92.0,77,15,83.7
25,7,Player 014,Team 007,100,61,61.0,51,10,83.61
25,8,Player 002,Team 002,100,79,79.0,65,14,82.28
25,9,Player 076,Team 001,100,56,56.01,46,10,82.15
25,10,Player 004,Team 004,100,96,96.0,77,19,80.21
25,11,Player 010,Team 006,100,96,96.0,77,19,80.21
25,12,Player 071,Team 014,100,56,56.01,44,12,78.58
25,13,Player 116,Team 007,100,60,60.0,46,14,76.67
25,14,Player 026,Team 007,100,77,77.0,59,18,76.63
25,15,Player 031,Team 014,100,59,59.0,45,14,76.28
25,16,Player 028,Team 012,100,86,86.0,64,22,74.42
25,17,Player 072,Team 011,100,80,80.0,59,21,73.75
25,18,Player 012,Team 005,100,100,100.0,72,28,72.0
25,19,Player 016,Team 008,100,75,75.0,54,21,72.0
25,20,Player 017,Team 004,100,96,96.0,69,27,71.88
25,21,Player 008,Team 003,100,96,96.0,68,28,70.84
25,22,Player 039,Team 012,100,96,96.0,67,29,69.8
25,23,Player 029,Team 013,100,76,76.0,52,24,68.43
25,24,Player 024,Team 010,100,68,68.01,45,23,66.18
25,25,Player 021,Team 011,100,76,76.0,50,26,65.79
25,26,Player 009,Team 004,100,69,69.0,45,24,65.22
25,27,Player 025,Team 012,100,76,76.0,48,28,63.16
25,28,Player 075,Team 004,100,62,62.0,38,24,61.3
25,29,Player 037,Team 008,100,78,78.0,47,31,60.26
25,30,Player 022,Team 011,100,72,72.0,42,30,58.34
25,31,Player 077,Team 008,100,67,67.0,38,29,56.72
25,32,Player 034,Team 007,100,72,72.0,40,32,55.56
25,33,Player 003,Team 003,100,72,72.0,40,32,55.56
25,34,Player 023,Team 011,100,80,80.0,44,36,55.0
25,35,Player 018,Team 004,100,77,77.0,41,36,53.25
25,36,Player 046,Team 015,100,100,100.0,53,47,53.0
25,37,Player 020,Team 010,100,80,80.0,42,38,52.5
25,38,Player 036,Team 008,100,58,58.0,30,28,51.73
25,39,Player 082,Team 011,100,52,52.0,26,26,50.0
25,40,Player 047,Team 015,100,96,96.0,48,48,50.0
25,41,Player 073,Team 006,100,69,69.0,34,35,49.28
25,42,Player 011,,100,72,72.0,35,37,48.62
25,43,Player 102,Team 006,100,76,76.0,36,40,47.37
25,44,Player 040,Team 005,100,54,54.0,24,30,44.45
25,45,Player 032,Team 006,100,84,84.0,37,47,44.05
25,46,Player 005,Team 003,100,68,68.01,28,40,41.18
25,47,Player 043,Team 014,100,52,52.0,21,31,40.39
25,48,Player 083,Team 012,100,75,75.0,30,45,40.0
25,49,Player 038,Team 005,100,50,50.0,20,30,40.0
25,50,Player 052,Team 013,100,58,58.0,23,35,39.66
25,51,Player 035,Team 008,100,59,59.0,23,36,38.99
25,52,Player 084,Team 014,100,57,57.0,21,36,36.85
25,53,Player 056,Team 015,100,88,88.0,32,56,36.37
25,54,Player 059,Team 016,100,70,70.0,24,46,34.29
25,55,Player 085,Team 016,100,88,88.0,29,59,32.96
25,56,Player 048,Team 015,100,78,78.0,25,53,32.06
25,57,Player 045,Team 009,100,56,56.01,17,39,30.36
25,58,Player 041,Team 002,100,83,83.0,23,60,27.72
25,59,Player 087,Team 016,100,76,76.0,20,56,26.32
25,60,Player 029,Team 009,100,52,52.0,12,40,23.08
25,61,Player 064,Team 010,100,86,86.0,17,69,19.77
25,62,Player 079,Team 009,100,56,56.01,10,46,17.86
25,63,Player 086,Team 016,100,60,60.0,10,50,16.67
25,64,Player 057,Team 016,100,74,74.0,12,62,16.22
25,65,Player 053,Team 002,100,52,52.0,8,44,15.39
25,66,Player 063,Team 010,100,72,72.0,11,61,15.28
25,67,Player 103,Team 010,100,54,54.0,7,47,12.97
25,68,Player 051,Team 013,100,74,74.0,8,66,10.82
25,69,Player 078,Team 002,100,67,67.0,5,62,7.47
25,70,Player 054,Team 002,100,68,68.01,3,65,4.42
25,,Player 069,Team 001,100,29,29.0,29,0,100.0
25,,Player 119,Team 013,100,4,4.0,4,0,100.0
25,,Player 122,Team 001,100,4,4.0,4,0,100.0
25,,Player 015,Team 006,100,2,2.0,2,0,100.0
25,,Player 066,Team 013,100,20,20.0,19,1,95.0
25,,Player 019,Team 009,100,22,22.0,20,2,90.91
25,,Player 111,Team 015,100,6,6.0,5,1,83.34
25,,Player 068,Team 009,100,44,44.0,34,10,77.28
25,,Player 095,Team 014,100,24,24.0,18,6,75.0
25,,Player 096,Team 014,100,16,16.0,12,4,75.0
25,,Player 101,Team 001,100,40,40.0,27,13,67.5
25,,Player 089,Team 010,100,28,28.01,18,10,64.29
25,,Player 070,Team 014,100,28,28.01,17,11,60.72
25,,Player 118,Team 007,100,38,38.0,23,15,60.53
25,,Player 109,Team 012,100,39,39.0,22,17,56.42
25,,Player 060,Team 008,100,33,33.0,18,15,54.55
25,,Player 050,Team 001,100,17,17.01,9,8,52.95
25,,Player 033,Team 011,100,36,36.0,18,18,50.0
25,,Player 120,Team 009,100,24,24.0,12,12,50.0
25,,Player 107,Team 001,100,16,16.0,8,8,50.0
25,,Player 117,Team 012,100,12,12.0,6,6,50.0
25,,Player 027,Team 009,100,10,10.0,5,5,50.0
25,,Player 123,Team 006,100,4,4.0,2,2,50.0
25,,Player 042,Team 014,100,48,48.0,22,26,45.84
25,,Player 092,Team 008,100,20,20.0,9,11,45.0
25,,Player 106,Team 013,100,20,20.0,8,12,40.0
25,,Player 108,Team 008,100,10,10.0,4,6,40.0
25,,Player 044,Team 014,100,49,49.0,19,30,38.78
25,,Player 112,Team 015,100,28,28.01,10,18,35.72
25,,Player 081,Team 009,100,48,48.0,15,33,31.25
25,,Player 074,Team 002,100,32,32.0,10,22,31.25
25,,Player 090,Team 005,100,14,14.01,4,10,28.58
25,,Player 093,Team 007,100,28,28.01,7,21,25.0
25,,Player 094,Team 006,100,16,16.0,3,13,18.75
25,,Player 080,Team 009,100,28,28.01,5,23,17.86
25,,Player 061,Team 005,100,46,46.0,8,38,17.4
25,,Player 058,Team 009,100,48,48.0,8,40,16.67
25,,Player 049,Team 007,100,30,30.0,5,25,16.67
25,,Player 030,Team 006,100,36,36.0,5,31,13.89
25,,Player 088,Team 007,100,20,20.0,2,18,10.0
25,,Player 091,Team 005,100,26,26.0,2,24,7.7
25,,Player 105,Team 016,100,20,20.0,1,19,5.0
25,,Player 104,Team 005,100,16,16.0,0,16,0.0
25,,Player 062,Team 006,100,13,13.0,0,13,0.0
25,,Player 113,Team 013,100,12,12.0,0,12,0.0
25,,Player 099,Team 002,100,12,12.0,0,12,0.0
25,,Player 055,Team 016,100,8,8.0,0,8,0.0
25,,Player 115,Team 010,100,8,8.0,0,8,0.0
25,,Player 098,Team 007,100,7,7.01,0,7,0.0
25,,Player 121,Team 012,100,6,6.0,0,6,0.0
25,,Player 110,Team 005,100,6,6.0,0,6,0.0
25,,Player 114,Team 010,100,4,4.0,0,4,0.0
25,,Player 097,Team 006,100,4,4.0,0,4,0.0
25,,Player 065,Team 007,100,3,3.0,0,3,0.0
25,,Player 124,Team 012,100,2,2.0,0,2,0.0
26,1,Player 100,Team 001,104,62,59.62,61,1,98.39
26,2,Player 007,Team 001,104,76,73.08,73,3,96.06
26,3,Player 006,Team 005,104,88,84.62,83,5,94.32
26,4,Player 001,Team 001,104,56,53.85,49,7,87.5
26,4,Player 013,Team 001,104,56,53.85,49,7,87.5
26,5,Player 014,Team 007,104,61,58.66,51,10,83.61
26,6,Player 067,Team 003,104,96,92.31,79,17,82.3
26,7,Player 002,Team 002,104,83,79.81,68,15,81.93
26,8,Player 076,Team 001,104,60,57.7,49,11,81.67
26,9,Player 004,Team 004,104,100,96.16,81,19,81.01
26,10,Player 010,Team 006,104,100,96.16,80,20,80.0
26,11,Player 071,Team 014,104,60,57.7,48,12,80.0
26,12,Player 031,Team 014,104,63,60.58,49,14,77.78
26,13,Player 116,Team 007,104,60,57.7,46,14,76.67
26,14,Player 026,Team 007,104,81,77.89,61,20,75.31
26,15,Player 072,Team 011,104,84,80.77,63,21,75.0
26,16,Player 028,Team 012,104,90,86.54,66,24,73.34
26,17,Player 012,Team 005,104,104,100.0,75,29,72.12
26,18,Player 008,Team 003,104,96,92.31,68,28,70.84
26,19,Player 029,Team 013,104,80,76.93,56,24,70.0
26,20,Player 017,Team 004,104,100,96.16,70,30,70.0
26,21,Player 016,Team 008,104,79,75.97,54,25,68.36
26,22,Player 039,Team 012,104,100,96.16,68,32,68.01
26,23,Player 021,Team 011,104,80,76.93,54,26,67.5
26,24,Player 009,Team 004,104,73,70.2,49,24,67.13
26,25,Player 024,Team 010,104,72,69.24,47,25,65.28
26,26,Player 025,Team 012,104,80,76.93,50,30,62.5
26,27,Player 075,Team 004,104,62,59.62,38,24,61.3
26,28,Player 037,Team 008,104,82,78.85,49,33,59.76
26,29,Player 022,Team 011,104,72,69.24,42,30,58.34
26,30,Player 077,Team 008,104,71,68.27,40,31,56.34
26,31,Player 003,Team 003,104,76,73.08,42,34,55.27
26,32,Player 046,Team 015,104,104,100.0,57,47,54.81
26,33,Player 023,Team 011,104,84,80.77,45,39,53.58
26,34,Player 018,Team 004,104,81,77.89,43,38,53.09
26,35,Player 034,Team 007,104,76,73.08,40,36,52.64
26,36,Player 020,Team 010,104,80,76.93,42,38,52.5
26,37,Player 047,Team 015,104,100,96.16,52,48,52.0
26,38,Player 011,,104,76,73.08,38,38,50.0
26,39,Player 036,Team 008,104,62,59.62,31,31,50.0
26,40,Player 073,Team 006,104,73,70.2,36,37,49.32
26,41,Player 102,Team 006,104,76,73.08,36,40,47.37
26,42,Player 082,Team 011,104,56,53.85,26,30,46.43
26,43,Player 032,Team 006,104,88,84.62,38,50,43.19
26,44,Player 040,Team 005,104,58,55.77,25,33,43.11
26,45,Player 043,Team 014,104,56,53.85,24,32,42.86
26,46,Player 083,Team 012,104,79,75.97,32,47,40.51
26,47,Player 005,Team 003,104,72,69.24,29,43,40.28
26,48,Player 052,Team 013,104,58,55.77,23,35,39.66
26,49,Player 056,Team 015,104,92,88.47,36,56,39.14
26,50,Player 035,Team 008,104,59,56.74,23,36,38.99
26,51,Player 084,Team 014,104,61,58.66,23,38,37.71
26,52,Player 085,Team 016,104,92,88.47,33,59,35.87
26,53,Player 059,Team 016,104,74,71.16,26,48,35.14
26,54,Player 048,Team 015,104,82,78.85,27,55,32.93
26,55,Player 045,Team 009,104,56,53.85,17,39,30.36
26,56,Player 041,Team 002,104,87,83.66,26,61,29.89
26,57,Player 081,Team 009,104,52,50.0,15,37,28.85
26,58,Player 087,Team 016,104,80,76.93,23,57,28.75
26,59,Player 029,Team 009,104,56,53.85,13,43,23.22
26,60,Player 053,Team 002,104,56,53.85,11,45,19.65
26,61,Player 064,Team 010,104,90,86.54,17,73,18.89
26,62,Player 079,Team 009,104,56,53.85,10,46,17.86
26,63,Player 086,Team 016,104,62,59.62,11,51,17.75
26,64,Player 057,Team 016,104,76,73.08,12,64,15.79
26,65,Player 058,Team 009,104,52,50.0,8,44,15.39
26,66,Player 063,Team 010,104,76,73.08,11,65,14.48
26,67,Player 103,Team 010,104,58,55.77,8,50,13.8
26,68,Player 051,Team 013,104,78,75.0,9,69,11.54
26,69,Player 078,Team 002,104,71,68.27,6,65,8.46
26,70,Player 054,Team 002,104,68,65.39,3,65,4.42
26,,Player 069,Team 001,104,29,27.89,29,0,100.0
26,,Player 119,Team 013,104,4,3.85,4,0,100.0
26,,Player 122,Team 001,104,4,3.85,4,0,100.0
26,,Player 015,Team 006,104,2,1.93,2,0,100.0
26,,Player 066,Team 013,104,20,19.24,19,1,95.0
26,,Player 019,Team 009,104,22,21.16,20,2,90.91
26,,Player 111,Team 015,104,6,5.77,5,1,83.34
26,,Player 068,Team 009,104,44,42.31,34,10,77.28
26,,Player 095,Team 014,104,24,23.08,18,6,75.0
26,,Player 096,Team 014,104,16,15.39,12,4,75.0
26,,Player 101,Team 001,104,40,38.47,27,13,67.5
26,,Player 089,Team 010,104,28,26.93,18,10,64.29
26,,Player 070,Team 014,104,28,26.93,17,11,60.72
26,,Player 109,Team 012,104,39,37.5,22,17,56.42
26,,Player 118,Team 007,104,42,40.39,23,19,54.77
26,,Player 060,Team 008,104,33,31.74,18,15,54.55
26,,Player 050,Team 001,104,17,16.35,9,8,52.95
26,,Player 033,Team 011,104,36,34.62,18,18,50.0
26,,Player 120,Team 009,104,24,23.08,12,12,50.0
26,,Player 107,Team 001,104,16,15.39,8,8,50.0
26,,Player 117,Team 012,104,12,11.54,6,6,50.0
26,,Player 027,Team 009,104,10,9.62,5,5,50.0
26,,Player 123,Team 006,104,4,3.85,2,2,50.0
26,,Player 042,Team 014,104,48,46.16,22,26,45.84
26,,Player 092,Team 008,104,20,19.24,9,11,45.0
26,,Player 038,Team 005,104,50,48.08,20,30,40.0
26,,Player 106,Team 013,104,20,19.24,8,12,40.0
26,,Player 108,Team 008,104,10,9.62,4,6,40.0
26,,Player 044,Team 014,104,49,47.12,19,30,38.78
26,,Player 112,Team 015,104,28,26.93,10,18,35.72
26,,Player 074,Team 002,104,32,30.77,10,22,31.25
26,,Player 090,Team 005,104,14,13.47,4,10,28.58
26,,Player 093,Team 007,104,28,26.93,7,21,25.0
26,,Player 080,Team 009,104,32,30.77,6,26,18.75
26,,Player 094,Team 006,104,16,15.39,3,13,18.75
26,,Player 061,Team 005,104,46,44.24,8,38,17.4
26,,Player 049,Team 007,104,30,28.85,5,25,16.67
26,,Player 030,Team 006,104,40,38.47,5,35,12.5
26,,Player 088,Team 007,104,20,19.24,2,18,10.0
26,,Player 091,Team 005,104,26,25.0,2,24,7.7
26,,Player 113,Team 013,104,16,15.39,1,15,6.25
26,,Player 105,Team 016,104,20,19.24,1,19,5.0
26,,Player 104,Team 005,104,20,19.24,0,20,0.0
26,,Player 062,Team 006,104,13,12.5,0,13,0.0
26,,Player 099,Team 002,104,12,11.54,0,12,0.0
26,,Player 098,Team 007,104,11,10.58,0,11,0.0
26,,Player 055,Team 016,104,8,7.7,0,8,0.0
26,,Player 115,Team 010,104,8,7.7,0,8,0.0
26,,Player 121,Team 012,104,6,5.77,0,6,0.0
26,,Player 110,Team 005,104,6,5.77,0,6,0.0
26,,Player 114,Team 010,104,4,3.85,0,4,0.0
26,,Player 097,Team 006,104,4,3.85,0,4,0.0
26,,Player 065,Team 007,104,3,2.89,0,3,0.0
26,,Player 124,Team 012,104,2,1.93,0,2,0.0
27,1,Player 100,Team 001,108,66,61.12,65,1,98.49
27,2,Player 007,Team 001,108,76,70.38,73,3,96.06
27,3,Player 006,Team 005,108,88,81.49,83,5,94.32
27,4,Player 013,Team 001,108,60,55.56,53,7,88.34
27,5,Player 001,Team 001,108,56,51.86,49,7,87.5
27,6,Player 014,Team 007,108,61,56.49,51,10,83.61
27,7,Player 002,Team 002,108,86,79.63,71,15,82.56
27,8,Player 067,Team 003,108,100,92.6,82,18,82.0
27,9,Player 076,Team 001,108,60,55.56,49,11,81.67
27,10,Player 071,Team 014,108,64,59.26,52,12,81.25
27,11,Player 010,Team 006,108,100,92.6,80,20,80.0
27,12,Player 004,Team 004,108,104,96.3,82,22,78.85
27,13,Player 031,Team 014,108,63,58.34,49,14,77.78
27,14,Player 116,Team 007,108,60,55.56,46,14,76.67
27,15,Player 072,Team 011,108,88,81.49,67,21,76.14
27,16,Player 026,Team 007,108,85,78.71,64,21,75.3
27,17,Player 028,Team 012,108,94,87.04,70,24,74.47
27,18,Player 012,Team 005,108,108,100.0,79,29,73.15
27,19,Player 008,Team 003,108,96,88.89,68,28,70.84
27,20,Player 016,Team 008,108,83,76.86,57,26,68.68
27,21,Player 039,Team 012,108,104,96.3,71,33,68.27
27,22,Player 017,Team 004,108,104,96.3,71,33,68.27
27,23,Player 029,Team 013,108,84,77.78,57,27,67.86
27,23,Player 021,Team 011,108,84,77.78,57,27,67.86
27,24,Player 009,Team 004,108,77,71.3,50,27,64.94
27,25,Player 024,Team 010,108,76,70.38,49,27,64.48
27,26,Player 025,Team 012,108,84,77.78,53,31,63.1
27,27,Player 075,Team 004,108,62,57.41,38,24,61.3
27,28,Player 022,Team 011,108,76,70.38,46,30,60.53
27,29,Player 037,Team 008,108,86,79.63,52,34,60.47
27,30,Player 003,Team 003,108,80,74.08,46,34,57.5
27,31,Player 077,Team 008,108,75,69.45,43,32,57.34
27,32,Player 046,Team 015,108,108,100.0,59,49,54.63
27,33,Player 023,Team 011,108,84,77.78,45,39,53.58
27,34,Player 047,Team 015,108,104,96.3,55,49,52.89
27,35,Player 011,,108,80,74.08,42,38,52.5
27,36,Player 020,Team 010,108,84,77.78,44,40,52.39
27,37,Player 034,Team 007,108,80,74.08,41,39,51.25
27,38,Player 018,Team 004,108,85,78.71,43,42,50.59
27,39,Player 082,Team 011,108,60,55.56,30,30,50.0
27,40,Player 036,Team 008,108,64,59.26,32,32,50.0
27,41,Player 073,Team 006,108,77,71.3,36,41,46.76
27,42,Player 102,Team 006,108,80,74.08,37,43,46.25
27,43,Player 040,Team 005,108,62,57.41,28,34,45.17
27,44,Player 043,Team 014,108,56,51.86,24,32,42.86
27,45,Player 056,Team 015,108,96,88.89,40,56,41.67
27,46,Player 032,Team 006,108,92,85.19,38,54,41.31
27,47,Player 083,Team 012,108,83,76.86,34,49,40.97
27,48,Player 005,Team 003,108,76,70.38,31,45,40.79
27,49,Player 038,Team 005,108,54,50.0,22,32,40.75
27,50,Player 052,Team 013,108,62,57.41,25,37,40.33
27,51,Player 035,Team 008,108,61,56.49,24,37,39.35
27,52,Player 085,Team 016,108,96,88.89,34,62,35.42
27,53,Player 084,Team 014,108,65,60.19,23,42,35.39
27,54,Player 059,Team 016,108,74,68.52,26,48,35.14
27,55,Player 048,Team 015,108,86,79.63,30,56,34.89
27,56,Player 045,Team 009,108,59,54.63,19,40,32.21
27,57,Player 087,Team 016,108,84,77.78,26,58,30.96
27,58,Player 041,Team 002,108,90,83.34,27,63,30.0
27,59,Player 029,Team 009,108,56,51.86,13,43,23.22
27,60,Player 053,Team 002,108,56,51.86,11,45,19.65
27,61,Player 064,Team 010,108,94,87.04,17,77,18.09
27,62,Player 079,Team 009,108,56,51.86,10,46,17.86
27,63,Player 086,Team 016,108,66,61.12,11,55,16.67
27,64,Player 058,Team 009,108,55,50.93,9,46,16.37
27,65,Player 057,Team 016,108,80,74.08,12,68,15.0
27,66,Player 063,Team 010,108,78,72.23,11,67,14.11
27,67,Player 103,Team 010,108,60,55.56,8,52,13.34
27,68,Player 051,Team 013,108,82,75.93,9,73,10.98
27,69,Player 078,Team 002,108,71,65.75,6,65,8.46
27,70,Player 054,Team 002,108,71,65.75,3,68,4.23
27,,Player 069,Team 001,108,33,30.56,33,0,100.0
27,,Player 119,Team 013,108,4,3.71,4,0,100.0
27,,Player 122,Team 001,108,4,3.71,4,0,100.0
27,,Player 015,Team 006,108,2,1.86,2,0,100.0
27,,Player 066,Team 013,108,20,18.52,19,1,95.0
27,,Player 019,Team 009,108,22,20.38,20,2,90.91
27,,Player 111,Team 015,108,6,5.56,5,1,83.34
27,,Player 068,Team 009,108,44,40.75,34,10,77.28
27,,Player 095,Team 014,108,24,22.23,18,6,75.0
27,,Player 096,Team 014,108,16,14.82,12,4,75.0
27,,Player 089,Team 010,108,28,25.93,18,10,64.29
27,,Player 101,Team 001,108,44,40.75,28,16,63.64
27,,Player 070,Team 014,108,28,25.93,17,11,60.72
27,,Player 109,Team 012,108,39,36.12,22,17,56.42
27,,Player 060,Team 008,108,33,30.56,18,15,54.55
27,,Player 050,Team 001,108,17,15.75,9,8,52.95
27,,Player 120,Team 009,108,27,25.0,14,13,51.86
27,,Player 118,Team 007,108,46,42.6,23,23,50.0
27,,Player 033,Team 011,108,36,33.34,18,18,50.0
27,,Player 107,Team 001,108,16,14.82,8,8,50.0
27,,Player 117,Team 012,108,12,11.12,6,6,50.0
27,,Player 027,Team 009,108,10,9.26,5,5,50.0
27,,Player 123,Team 006,108,4,3.71,2,2,50.0
27,,Player 092,Team 008,108,20,18.52,9,11,45.0
27,,Player 042,Team 014,108,52,48.15,23,29,44.24
27,,Player 106,Team 013,108,20,18.52,8,12,40.0
27,,Player 108,Team 008,108,10,9.26,4,6,40.0
27,,Player 044,Team 014,108,49,45.38,19,30,38.78
27,,Player 112,Team 015,108,28,25.93,10,18,35.72
27,,Player 074,Team 002,108,32,29.63,10,22,31.25
27,,Player 081,Team 009,108,52,48.15,15,37,28.85
27,,Player 090,Team 005,108,14,12.97,4,10,28.58
27,,Player 093,Team 007,108,28,25.93,7,21,25.0
27,,Player 080,Team 009,108,32,29.63,6,26,18.75
27,,Player 094,Team 006,108,16,14.82,3,13,18.75
27,,Player 061,Team 005,108,46,42.6,8,38,17.4
27,,Player 049,Team 007,108,30,27.78,5,25,16.67
27,,Player 091,Team 005,108,30,27.78,5,25,16.67
27,,Player 030,Team 006,108,44,40.75,5,39,11.37
27,,Player 088,Team 007,108,24,22.23,2,22,8.34
27,,Player 113,Team 013,108,16,14.82,1,15,6.25
27,,Player 105,Team 016,108,20,18.52,1,19,5.0
27,,Player 104,Team 005,108,20,18.52,0,20,0.0
27,,Player 062,Team 006,108,13,12.04,0,13,0.0
27,,Player 099,Team 002,108,12,11.12,0,12,0.0
27,,Player 098,Team 007,108,11,10.19,0,11,0.0
27,,Player 055,Team 016,108,8,7.41,0,8,0.0
27,,Player 115,Team 010,108,8,7.41,0,8,0.0
27,,Player 121,Team 012,108,6,5.56,0,6,0.0
27,,Player 110,Team 005,108,6,5.56,0,6,0.0
27,,Player 114,Team 010,108,4,3.71,0,4,0.0
27,,Player 097,Team 006,108,4,3.71,0,4,0.0
27,,Player 065,Team 007,108,3,2.78,0,3,0.0
27,,Player 124,Team 012,108,2,1.86,0,2,0.0
28,1,Player 100,Team 001,112,66,58.93,65,1,98.49
28,2,Player 007,Team 001,112,76,67.86,73,3,96.06
28,3,Player 006,Team 005,112,92,82.15,87,5,94.57
28,4,Player 013,Team 001,112,64,57.15,57,7,89.07
28,5,Player 001,Team 001,112,60,53.58,52,8,86.67
28,6,Player 014,Team 007,112,61,54.47,51,10,83.61
28,7,Player 076,Team 001,112,64,57.15,53,11,82.82
28,8,Player 067,Team 003,112,104,92.86,86,18,82.7
28,9,Player 002,Team 002,112,90,80.36,74,16,82.23
28,10,Player 071,Team 014,112,64,57.15,52,12,81.25
28,11,Player 010,Team 006,112,104,92.86,83,21,79.81
28,12,Player 004,Team 004,112,108,96.43,85,23,78.71
28,13,Player 116,Team 007,112,60,53.58,46,14,76.67
28,14,Player 026,Team 007,112,89,79.47,68,21,76.41
28,15,Player 072,Team 011,112,88,78.58,67,21,76.14
28,16,Player 028,Team 012,112,98,87.5,73,25,74.49
28,17,Player 012,Team 005,112,112,100.0,83,29,74.11
28,18,Player 031,Team 014,112,67,59.83,49,18,73.14
28,19,Player 008,Team 003,112,100,89.29,72,28,72.0
28,20,Player 016,Team 008,112,83,74.11,57,26,68.68
28,21,Player 039,Team 012,112,108,96.43,74,34,68.52
28,22,Player 017,Team 004,112,104,92.86,71,33,68.27
28,23,Player 029,Team 013,112,88,78.58,59,29,67.05
28,23,Player 021,Team 011,112,88,78.58,59,29,67.05
28,24,Player 009,Team 004,112,81,72.33,53,28,65.44
28,25,Player 024,Team 010,112,80,71.43,51,29,63.75
28,26,Player 037,Team 008,112,90,80.36,56,34,62.23
28,27,Player 025,Team 012,112,88,78.58,54,34,61.37
28,28,Player 003,Team 003,112,84,75.0,50,34,59.53
28,29,Player 075,Team 004,112,66,58.93,39,27,59.1
28,30,Player 022,Team 011,112,80,71.43,47,33,58.75
28,31,Player 077,Team 008,112,75,66.97,43,32,57.34
28,32,Player 046,Team 015,112,112,100.0,63,49,56.25
28,33,Player 011,,112,84,75.0,46,38,54.77
28,34,Player 047,Team 015,112,108,96.43,58,50,53.71
28,35,Player 020,Team 010,112,84,75.0,44,40,52.39
28,36,Player 023,Team 011,112,88,78.58,46,42,52.28
28,37,Player 036,Team 008,112,68,60.72,35,33,51.48
28,38,Player 034,Team 007,112,84,75.0,43,41,51.2
28,39,Player 082,Team 011,112,64,57.15,32,32,50.0
28,40,Player 018,Team 004,112,89,79.47,43,46,48.32
28,41,Player 073,Team 006,112,81,72.33,38,43,46.92
28,42,Player 102,Team 006,112,80,71.43,37,43,46.25
28,43,Player 040,Team 005,112,66,58.93,29,37,43.94
28,44,Player 035,Team 008,112,65,58.04,28,37,43.08
28,45,Player 056,Team 015,112,100,89.29,43,57,43.0
28,46,Player 052,Team 013,112,66,58.93,28,38,42.43
28,47,Player 032,Team 006,112,96,85.72,40,56,41.67
28,48,Player 083,Team 012,112,87,77.68,36,51,41.38
28,49,Player 005,Team 003,112,76,67.86,31,45,40.79
28,50,Player 043,Team 014,112,60,53.58,24,36,40.0
28,51,Player 085,Team 016,112,100,89.29,38,62,38.0
28,52,Player 059,Team 016,112,77,68.75,27,50,35.07
28,53,Player 048,Team 015,112,86,76.79,30,56,34.89
28,54,Player 084,Team 014,112,69,61.61,23,46,33.34
28,55,Player 087,Team 016,112,88,78.58,28,60,31.82
28,56,Player 045,Team 009,112,63,56.25,19,44,30.16
28,57,Player 041,Team 002,112,90,80.36,27,63,30.0
28,58,Player 029,Team 009,112,56,50.0,13,43,23.22
28,59,Player 053,Team 002,112,60,53.58,12,48,20.0
28,60,Player 064,Team 010,112,94,83.93,17,77,18.09
28,61,Player 057,Team 016,112,84,75.0,15,69,17.86
28,62,Player 079,Team 009,112,60,53.58,10,50,16.67
28,63,Player 086,Team 016,112,67,59.83,11,56,16.42
28,64,Player 058,Team 009,112,59,52.68,9,50,15.26
28,65,Player 063,Team 010,112,82,73.22,11,71,13.42
28,66,Player 103,Team 010,112,64,57.15,8,56,12.5
28,67,Player 051,Team 013,112,86,76.79,10,76,11.63
28,68,Player 078,Team 002,112,75,66.97,6,69,8.0
28,69,Player 054,Team 002,112,75,66.97,3,72,4.0
28,,Player 069,Team 001,112,37,33.04,37,0,100.0
28,,Player 119,Team 013,112,4,3.58,4,0,100.0
28,,Player 122,Team 001,112,4,3.58,4,0,100.0
28,,Player 015,Team 006,112,2,1.79,2,0,100.0
28,,Player 066,Team 013,112,20,17.86,19,1,95.0
28,,Player 019,Team 009,112,22,19.65,20,2,90.91
28,,Player 111,Team 015,112,6,5.36,5,1,83.34
28,,Player 068,Team 009,112,44,39.29,34,10,77.28
28,,Player 096,Team 014,112,16,14.29,12,4,75.0
28,,Player 095,Team 014,112,28,25.0,19,9,67.86
28,,Player 089,Team 010,112,28,25.0,18,10,64.29
28,,Player 101,Team 001,112,44,39.29,28,16,63.64
28,,Player 070,Team 014,112,28,25.0,17,11,60.72
28,,Player 060,Team 008,112,37,33.04,21,16,56.76
28,,Player 109,Team 012,112,39,34.83,22,17,56.42
28,,Player 050,Team 001,112,17,15.18,9,8,52.95
28,,Player 120,Team 009,112,27,24.11,14,13,51.86
28,,Player 118,Team 007,112,46,41.08,23,23,50.0
28,,Player 033,Team 011,112,36,32.15,18,18,50.0
28,,Player 107,Team 001,112,16,14.29,8,8,50.0
28,,Player 117,Team 012,112,12,10.72,6,6,50.0
28,,Player 027,Team 009,112,10,8.93,5,5,50.0
28,,Player 123,Team 006,112,4,3.58,2,2,50.0
28,,Player 092,Team 008,112,20,17.86,9,11,45.0
28,,Player 042,Team 014,112,52,46.43,23,29,44.24
28,,Player 038,Team 005,112,54,48.22,22,32,40.75
28,,Player 106,Team 013,112,20,17.86,8,12,40.0
28,,Player 108,Team 008,112,10,8.93,4,6,40.0
28,,Player 044,Team 014,112,49,43.75,19,30,38.78
28,,Player 112,Team 015,112,32,28.58,12,20,37.5
28,,Player 074,Team 002,112,32,28.58,10,22,31.25
28,,Player 081,Team 009,112,52,46.43,15,37,28.85
28,,Player 090,Team 005,112,14,12.5,4,10,28.58
28,,Player 093,Team 007,112,28,25.0,7,21,25.0
28,,Player 049,Team 007,112,34,30.36,7,27,20.59
28,,Player 080,Team 009,112,32,28.58,6,26,18.75
28,,Player 094,Team 006,112,16,14.29,3,13,18.75
28,,Player 061,Team 005,112,50,44.65,9,41,18.0
28,,Player 091,Team 005,112,30,26.79,5,25,16.67
28,,Player 088,Team 007,112,28,25.0,3,25,10.72
28,,Player 030,Team 006,112,48,42.86,5,43,10.42
28,,Player 113,Team 013,112,16,14.29,1,15,6.25
28,,Player 105,Team 016,112,20,17.86,1,19,5.0
28,,Player 104,Team 005,112,20,17.86,0,20,0.0
28,,Player 062,Team 006,112,13,11.61,0,13,0.0
28,,Player 099,Team 002,112,12,10.72,0,12,0.0
28,,Player 098,Team 007,112,11,9.83,0,11,0.0
28,,Player 055,Team 016,112,8,7.15,0,8,0.0
28,,Player 114,Team 010,112,8,7.15,0,8,0.0
28,,Player 115,Team 010,112,8,7.15,0,8,0.0
28,,Player 121,Team 012,112,6,5.36,0,6,0.0
28,,Player 110,Team 005,112,6,5.36,0,6,0.0
28,,Player 097,Team 006,112,4,3.58,0,4,0.0
28,,Player 065,Team 007,112,3,2.68,0,3,0.0
28,,Player 124,Team 012,112,2,1.79,0,2,0.0
29,1,Player 100,Team 001,116,70,60.35,69,1,98.58
29,2,Player 007,Team 001,116,76,65.52,73,3,96.06
29,3,Player 006,Team 005,116,96,82.76,91,5,94.8
29,4,Player 013,Team 001,116,64,55.18,57,7,89.07
29,5,Player 001,Team 001,116,60,51.73,52,8,86.67
29,6,Player 076,Team 001,116,68,58.63,57,11,83.83
29,7,Player 014,Team 007,116,61,52.59,51,10,83.61
29,8,Player 002,Team 002,116,94,81.04,78,16,82.98
29,9,Player 067,Team 003,116,108,93.11,89,19,82.41
29,10,Player 071,Team 014,116,68,58.63,55,13,80.89
29,11,Player 010,Team 006,116,108,93.11,86,22,79.63
29,12,Player 004,Team 004,116,112,96.56,89,23,79.47
29,13,Player 116,Team 007,116,60,51.73,46,14,76.67
29,14,Player 072,Team 011,116,92,79.32,70,22,76.09
29,15,Player 012,Team 005,116,116,100.0,87,29,75.0
29,16,Player 026,Team 007,116,93,80.18,69,24,74.2
29,17,Player 028,Team 012,116,102,87.94,75,27,73.53
29,18,Player 008,Team 003,116,104,89.66,75,29,72.12
29,19,Player 031,Team 014,116,71,61.21,50,21,70.43
29,20,Player 039,Team 012,116,112,96.56,78,34,69.65
29,21,Player 017,Team 004,116,104,89.66,71,33,68.27
29,22,Player 016,Team 008,116,87,75.0,59,28,67.82
29,23,Player 021,Team 011,116,88,75.87,59,29,67.05
29,24,Player 009,Team 004,116,81,69.83,53,28,65.44
29,25,Player 029,Team 013,116,92,79.32,60,32,65.22
29,26,Player 024,Team 010,116,80,68.97,51,29,63.75
29,27,Player 025,Team 012,116,92,79.32,57,35,61.96
29,28,Player 037,Team 008,116,94,81.04,58,36,61.71
29,29,Player 003,Team 003,116,88,75.87,53,35,60.23
29,30,Player 077,Team 008,116,79,68.11,47,32,59.5
29,31,Player 022,Team 011,116,80,68.97,47,33,58.75
29,32,Player 075,Team 004,116,70,60.35,40,30,57.15
29,33,Player 046,Team 015,116,116,100.0,65,51,56.04
29,34,Player 011,,116,88,75.87,48,40,54.55
29,35,Player 047,Team 015,116,112,96.56,61,51,54.47
29,36,Player 023,Team 011,116,92,79.32,49,43,53.27
29,37,Player 082,Team 011,116,68,58.63,35,33,51.48
29,38,Player 036,Team 008,116,72,62.07,37,35,51.39
29,39,Player 034,Team 007,116,84,72.42,43,41,51.2
29,40,Player 020,Team 010,116,88,75.87,44,44,50.0
29,41,Player 018,Team 004,116,93,80.18,46,47,49.47
29,42,Player 073,Team 006,116,83,71.56,39,44,46.99
29,43,Player 102,Team 006,116,84,72.42,39,45,46.43
29,44,Player 040,Team 005,116,70,60.35,32,38,45.72
29,45,Player 035,Team 008,116,65,56.04,28,37,43.08
29,46,Player 083,Team 012,116,89,76.73,38,51,42.7
29,47,Player 052,Team 013,116,66,56.9,28,38,42.43
29,48,Player 056,Team 015,116,104,89.66,44,60,42.31
29,49,Player 032,Team 006,116,100,86.21,41,59,41.0
29,50,Player 005,Team 003,116,76,65.52,31,45,40.79
29,51,Player 085,Team 016,116,104,89.66,42,62,40.39
29,52,Player 043,Team 014,116,60,51.73,24,36,40.0
29,53,Player 059,Team 016,116,81,69.83,31,50,38.28
29,54,Player 087,Team 016,116,92,79.32,32,60,34.79
29,55,Player 048,Team 015,116,90,77.59,30,60,33.34
29,56,Player 084,Team 014,116,69,59.49,23,46,33.34
29,57,Player 045,Team 009,116,63,54.32,19,44,30.16
29,58,Player 041,Team 002,116,94,81.04,28,66,29.79
29,59,Player 057,Team 016,116,88,75.87,19,69,21.6
29,60,Player 053,Team 002,116,60,51.73,12,48,20.0
29,61,Player 064,Team 010,116,98,84.49,17,81,17.35
29,62,Player 079,Team 009,116,60,51.73,10,50,16.67
29,63,Player 086,Team 016,116,67,57.76,11,56,16.42
29,64,Player 058,Team 009,116,59,50.87,9,50,15.26
29,65,Player 063,Team 010,116,86,74.14,11,75,12.8
29,66,Player 051,Team 013,116,90,77.59,11,79,12.23
29,67,Player 103,Team 010,116,68,58.63,8,60,11.77
29,68,Player 078,Team 002,116,79,68.11,6,73,7.6
29,69,Player 054,Team 002,116,79,68.11,3,76,3.8
29,,Player 069,Team 001,116,37,31.9,37,0,100.0
29,,Player 119,Team 013,116,8,6.9,8,0,100.0
29,,Player 122,Team 001,116,4,3.45,4,0,100.0
29,,Player 015,Team 006,116,2,1.73,2,0,100.0
29,,Player 066,Team 013,116,20,17.25,19,1,95.0
29,,Player 019,Team 009,116,22,18.97,20,2,90.91
29,,Player 111,Team 015,116,6,5.18,5,1,83.34
29,,Player 068,Team 009,116,44,37.94,34,10,77.28
29,,Player 096,Team 014,116,16,13.8,12,4,75.0
29,,Player 095,Team 014,116,28,24.14,19,9,67.86
29,,Player 101,Team 001,116,48,41.38,32,16,66.67
29,,Player 089,Team 010,116,28,24.14,18,10,64.29
29,,Player 050,Team 001,116,21,18.11,13,8,61.91
29,,Player 070,Team 014,116,28,24.14,17,11,60.72
29,,Player 060,Team 008,116,37,31.9,21,16,56.76
29,,Player 109,Team 012,116,41,35.35,23,18,56.1
29,,Player 120,Team 009,116,27,23.28,14,13,51.86
29,,Player 118,Team 007,116,50,43.11,25,25,50.0
29,,Player 107,Team 001,116,16,13.8,8,8,50.0
29,,Player 117,Team 012,116,12,10.35,6,6,50.0
29,,Player 027,Team 009,116,10,8.63,5,5,50.0
29,,Player 123,Team 006,116,4,3.45,2,2,50.0
29,,Player 033,Team 011,116,40,34.49,19,21,47.5
29,,Player 092,Team 008,116,20,17.25,9,11,45.0
29,,Player 042,Team 014,116,52,44.83,23,29,44.24
29,,Player 038,Team 005,116,54,46.56,22,32,40.75
29,,Player 106,Team 013,116,20,17.25,8,12,40.0
29,,Player 108,Team 008,116,10,8.63,4,6,40.0
29,,Player 112,Team 015,116,32,27.59,12,20,37.5
29,,Player 044,Team 014,116,53,45.69,19,34,35.85
29,,Player 074,Team 002,116,32,27.59,10,22,31.25
29,,Player 081,Team 009,116,52,44.83,15,37,28.85
29,,Player 090,Team 005,116,14,12.07,4,10,28.58
29,,Player 093,Team 007,116,28,24.14,7,21,25.0
29,,Player 029,Team 009,116,56,48.28,13,43,23.22
29,,Player 094,Team 006,116,18,15.52,4,14,22.23
29,,Player 049,Team 007,116,34,29.32,7,27,20.59
29,,Player 061,Team 005,116,54,46.56,11,43,20.38
29,,Player 080,Team 009,116,32,27.59,6,26,18.75
29,,Player 091,Team 005,116,30,25.87,5,25,16.67
29,,Player 030,Team 006,116,48,41.38,5,43,10.42
29,,Player 088,Team 007,116,32,27.59,3,29,9.38
29,,Player 113,Team 013,116,16,13.8,1,15,6.25
29,,Player 105,Team 016,116,20,17.25,1,19,5.0
29,,Player 104,Team 005,116,20,17.25,0,20,0.0
29,,Player 062,Team 006,116,13,11.21,0,13,0.0
29,,Player 099,Team 002,116,12,10.35,0,12,0.0
29,,Player 098,Team 007,116,11,9.49,0,11,0.0
29,,Player 055,Team 016,116,8,6.9,0,8,0.0
29,,Player 114,Team 010,116,8,6.9,0,8,0.0
29,,Player 115,Team 010,116,8,6.9,0,8,0.0
29,,Player 121,Team 012,116,6,5.18,0,6,0.0
29,,Player 110,Team 005,116,6,5.18,0,6,0.0
29,,Player 097,Team 006,116,4,3.45,0,4,0.0
29,,Player 065,Team 007,116,3,2.59,0,3,0.0
29,,Player 124,Team 012,116,2,1.73,0,2,0.0
30,1,Player 100,Team 001,120,74,61.67,73,1,98.65
30,2,Player 007,Team 001,120,76,63.34,73,3,96.06
30,3,Player 006,Team 005,120,100,83.34,95,5,95.0
30,4,Player 013,Team 001,120,68,56.67,61,7,89.71
30,5,Player 001,Team 001,120,64,53.34,55,9,85.94
30,6,Player 076,Team 001,120,68,56.67,57,11,83.83
30,7,Player 002,Team 002,120,98,81.67,82,16,83.68
30,8,Player 014,Team 007,120,61,50.84,51,10,83.61
30,9,Player 067,Team 003,120,112,93.34,93,19,83.04
30,10,Player 071,Team 014,120,72,60.0,59,13,81.95
30,11,Player 010,Team 006,120,112,93.34,89,23,79.47
30,12,Player 004,Team 004,120,116,96.67,92,24,79.32
30,13,Player 072,Team 011,120,96,80.0,74,22,77.09
30,14,Player 116,Team 007,120,60,50.0,46,14,76.67
30,15,Player 028,Team 012,120,106,88.34,79,27,74.53
30,16,Player 026,Team 007,120,93,77.5,69,24,74.2
30,17,Player 012,Team 005,120,120,100.0,89,31,74.17
30,18,Player 008,Team 003,120,107,89.17,78,29,72.9
30,19,Player 039,Team 012,120,116,96.67,82,34,70.69
30,20,Player 031,Team 014,120,75,62.5,53,22,70.67
30,21,Player 017,Team 004,120,108,90.0,74,34,68.52
30,22,Player 021,Team 011,120,92,76.67,63,29,68.48
30,23,Player 016,Team 008,120,87,72.5,59,28,67.82
30,24,Player 029,Team 013,120,96,80.0,64,32,66.67
30,25,Player 009,Team 004,120,81,67.5,53,28,65.44
30,26,Player 024,Team 010,120,80,66.67,51,29,63.75
30,27,Player 025,Team 012,120,92,76.67,57,35,61.96
30,28,Player 037,Team 008,120,94,78.34,58,36,61.71
30,29,Player 003,Team 003,120,92,76.67,56,36,60.87
30,30,Player 022,Team 011,120,80,66.67,47,33,58.75
30,31,Player 077,Team 008,120,83,69.17,47,36,56.63
30,32,Player 046,Team 015,120,120,100.0,67,53,55.84
30,33,Player 011,,120,92,76.67,51,41,55.44
30,34,Player 075,Team 004,120,74,61.67,41,33,55.41
30,35,Player 023,Team 011,120,96,80.0,52,44,54.17
30,36,Player 047,Team 015,120,116,96.67,62,54,53.45
30,37,Player 082,Team 011,120,72,60.0,37,35,51.39
30,38,Player 034,Team 007,120,88,73.34,45,43,51.14
30,39,Player 020,Team 010,120,88,73.34,44,44,50.0
30,40,Player 036,Team 008,120,76,63.34,37,39,48.69
30,41,Player 018,Team 004,120,97,80.84,47,50,48.46
30,42,Player 073,Team 006,120,87,72.5,41,46,47.13
30,43,Player 102,Team 006,120,84,70.0,39,45,46.43
30,44,Player 040,Team 005,120,74,61.67,34,40,45.95
30,45,Player 083,Team 012,120,93,77.5,42,51,45.17
30,46,Player 052,Team 013,120,66,55.0,28,38,42.43
30,47,Player 085,Team 016,120,108,90.0,45,63,41.67
30,48,Player 056,Team 015,120,108,90.0,44,64,40.75
30,49,Player 035,Team 008,120,69,57.5,28,41,40.58
30,50,Player 032,Team 006,120,104,86.67,42,62,40.39
30,51,Player 005,Team 003,120,77,64.17,31,46,40.26
30,52,Player 059,Team 016,120,85,70.84,34,51,40.0
30,53,Player 043,Team 014,120,64,53.34,25,39,39.07
30,54,Player 087,Team 016,120,96,80.0,35,61,36.46
30,55,Player 084,Team 014,120,73,60.84,25,48,34.25
30,56,Player 048,Team 015,120,90,75.0,30,60,33.34
30,57,Player 045,Team 009,120,63,52.5,19,44,30.16
30,58,Player 041,Team 002,120,98,81.67,29,69,29.6
30,59,Player 057,Team 016,120,88,73.34,19,69,21.6
30,60,Player 053,Team 002,120,60,50.0,12,48,20.0
30,61,Player 064,Team 010,120,98,81.67,17,81,17.35
30,62,Player 086,Team 016,120,71,59.17,12,59,16.91
30,63,Player 079,Team 009,120,60,50.0,10,50,16.67
30,64,Player 058,Team 009,120,63,52.5,10,53,15.88
30,65,Player 051,Team 013,120,94,78.34,13,81,13.83
30,66,Player 063,Team 010,120,90,75.0,11,79,12.23
30,67,Player 103,Team 010,120,72,60.0,8,64,11.12
30,68,Player 078,Team 002,120,83,69.17,7,76,8.44
30,69,Player 054,Team 002,120,83,69.17,3,80,3.62
30,,Player 069,Team 001,120,41,34.17,41,0,100.0
30,,Player 119,Team 013,120,12,10.0,12,0,100.0
30,,Player 122,Team 001,120,4,3.34,4,0,100.0
30,,Player 015,Team 006,120,2,1.67,2,0,100.0
30,,Player 066,Team 013,120,20,16.67,19,1,95.0
30,,Player 019,Team 009,120,26,21.67,22,4,84.62
30,,Player 111,Team 015,120,6,5.0,5,1,83.34
30,,Player 068,Team 009,120,44,36.67,34,10,77.28
30,,Player 096,Team 014,120,16,13.34,12,4,75.0
30,,Player 095,Team 014,120,28,23.34,19,9,67.86
30,,Player 101,Team 001,120,48,40.0,32,16,66.67
30,,Player 089,Team 010,120,28,23.34,18,10,64.29
30,,Player 050,Team 001,120,21,17.5,13,8,61.91
30,,Player 070,Team 014,120,28,23.34,17,11,60.72
30,,Player 109,Team 012,120,45,37.5,27,18,60.0
30,,Player 060,Team 008,120,40,33.34,22,18,55.0
30,,Player 120,Team 009,120,27,22.5,14,13,51.86
30,,Player 118,Team 007,120,50,41.67,25,25,50.0
30,,Player 107,Team 001,120,16,13.34,8,8,50.0
30,,Player 117,Team 012,120,12,10.0,6,6,50.0
30,,Player 123,Team 006,120,4,3.34,2,2,50.0
30,,Player 033,Team 011,120,40,33.34,19,21,47.5
30,,Player 106,Team 013,120,24,20.0,11,13,45.84
30,,Player 092,Team 008,120,20,16.67,9,11,45.0
30,,Player 042,Team 014,120,52,43.34,23,29,44.24
30,,Player 038,Team 005,120,54,45.0,22,32,40.75
30,,Player 108,Team 008,120,11,9.17,4,7,36.37
30,,Player 044,Team 014,120,53,44.17,19,34,35.85
30,,Player 027,Team 009,120,14,11.67,5,9,35.72
30,,Player 112,Team 015,120,36,30.0,12,24,33.34
30,,Player 074,Team 002,120,32,26.67,10,22,31.25
30,,Player 090,Team 005,120,14,11.67,4,10,28.58
30,,Player 081,Team 009,120,56,46.67,15,41,26.79
30,,Player 029,Team 009,120,56,46.67,13,43,23.22
30,,Player 094,Team 006,120,18,15.0,4,14,22.23
30,,Player 093,Team 007,120,32,26.67,7,25,21.88
30,,Player 061,Team 005,120,58,48.34,11,47,18.97
30,,Player 080,Team 009,120,32,26.67,6,26,18.75
30,,Player 049,Team 007,120,38,31.67,7,31,18.43
30,,Player 091,Team 005,120,30,25.0,5,25,16.67
30,,Player 088,Team 007,120,36,30.0,4,32,11.12
30,,Player 030,Team 006,120,52,43.34,5,47,9.62
30,,Player 113,Team 013,120,16,13.34,1,15,6.25
30,,Player 105,Team 016,120,20,16.67,1,19,5.0
30,,Player 104,Team 005,120,20,16.67,0,20,0.0
30,,Player 062,Team 006,120,13,10.84,0,13,0.0
30,,Player 099,Team 002,120,12,10.0,0,12,0.0
30,,Player 114,Team 010,120,12,10.0,0,12,0.0
30,,Player 115,Team 010,120,12,10.0,0,12,0.0
30,,Player 098,Team 007,120,11,9.17,0,11,0.0
30,,Player 055,Team 016,120,8,6.67,0,8,0.0
30,,Player 121,Team 012,120,6,5.0,0,6,0.0
30,,Player 110,Team 005,120,6,5.0,0,6,0.0
30,,Player 097,Team 006,120,4,3.34,0,4,0.0
30,,Player 065,Team 007,120,3,2.5,0,3,0.0
30,,Player 124,Team 012,120,2,1.67,0,2,0.0
