round_number,round_match_number,player_name,team_name,opponent_player,opponent_team,player_points,opponent_points,side
1,1,Player 064,Team 010,Player 030,Team 006,1,3,Home
1,1,Player 030,Team 006,Player 064,Team 010,3,1,Away
1,1,Player 064,Team 010,Player 010,Team 006,0,3,Home
1,1,Player 010,Team 006,Player 064,Team 010,3,0,Away
1,1,Player 064,Team 010,Player 032,Team 006,1,3,Home
1,1,Player 032,Team 006,Player 064,Team 010,3,1,Away
1,1,Player 064,Team 010,Player 015,Team 006,0,3,Home
1,1,Player 015,Team 006,Player 064,Team 010,3,0,Away
1,1,Player 063,Team 010,Player 030,Team 006,1,3,Home
1,1,Player 030,Team 006,Player 063,Team 010,3,1,Away
1,1,Player 063,Team 010,Player 010,Team 006,0,3,Home
1,1,Player 010,Team 006,Player 063,Team 010,3,0,Away
1,1,Player 063,Team 010,Player 032,Team 006,0,3,Home
1,1,Player 032,Team 006,Player 063,Team 010,3,0,Away
1,1,Player 063,Team 010,Player 015,Team 006,0,3,Home
1,1,Player 015,Team 006,Player 063,Team 010,3,0,Away
1,1,Player 020,Team 010,Player 030,Team 006,3,1,Home
1,1,Player 030,Team 006,Player 020,Team 010,1,3,Away
1,1,Player 020,Team 010,Player 010,Team 006,0,3,Home
1,1,Player 010,Team 006,Player 020,Team 010,3,0,Away
1,1,Player 020,Team 010,Player 032,Team 006,3,0,Home
1,1,Player 032,Team 006,Player 020,Team 010,0,3,Away
1,1,Player 020,Team 010,Player 062,Team 006,3,1,Home
1,1,Player 062,Team 006,Player 020,Team 010,1,3,Away
1,1,Player 024,Team 010,Player 030,Team 006,3,0,Home
1,1,Player 030,Team 006,Player 024,Team 010,0,3,Away
1,1,Player 024,Team 010,Player 010,Team 006,2,3,Home
1,1,Player 010,Team 006,Player 024,Team 010,3,2,Away
1,1,Player 024,Team 010,Player 032,Team 006,3,0,Home
1,1,Player 032,Team 006,Player 024,Team 010,0,3,Away
1,1,Player 024,Team 010,Player 062,Team 006,3,0,Home
1,1,Player 062,Team 006,Player 024,Team 010,0,3,Away
1,2,Player 022,Team 011,Player 002,Team 002,2,3,Home
1,2,Player 002,Team 002,Player 022,Team 011,3,2,Away
1,2,Player 022,Team 011,Player 053,Team 002,3,1,Home
1,2,Player 053,Team 002,Player 022,Team 011,1,3,Away
1,2,Player 022,Team 011,Player 041,Team 002,3,0,Home
1,2,Player 041,Team 002,Player 022,Team 011,0,3,Away
1,2,Player 022,Team 011,Player 054,Team 002,3,0,Home
1,2,Player 054,Team 002,Player 022,Team 011,0,3,Away
1,2,Player 021,Team 011,Player 002,Team 002,0,3,Home
1,2,Player 002,Team 002,Player 021,Team 011,3,0,Away
1,2,Player 021,Team 011,Player 053,Team 002,3,0,Home
1,2,Player 053,Team 002,Player 021,Team 011,0,3,Away
1,2,Player 021,Team 011,Player 041,Team 002,3,2,Home
1,2,Player 041,Team 002,Player 021,Team 011,2,3,Away
1,2,Player 021,Team 011,Player 054,Team 002,3,0,Home
1,2,Player 054,Team 002,Player 021,Team 011,0,3,Away
1,2,Player 023,Team 011,Player 002,Team 002,2,3,Home
1,2,Player 002,Team 002,Player 023,Team 011,3,2,Away
1,2,Player 023,Team 011,Player 053,Team 002,3,0,Home
1,2,Player 053,Team 002,Player 023,Team 011,0,3,Away
1,2,Player 023,Team 011,Player 041,Team 002,3,0,Home
1,2,Player 041,Team 002,Player 023,Team 011,0,3,Away
1,2,Player 023,Team 011,Player 054,Team 002,3,0,Home
1,2,Player 054,Team 002,Player 023,Team 011,0,3,Away
1,2,Player 033,Team 011,Player 002,Team 002,1,3,Home
1,2,Player 002,Team 002,Player 033,Team 011,3,1,Away
1,2,Player 033,Team 011,Player 053,Team 002,3,1,Home
1,2,Player 053,Team 002,Player 033,Team 011,1,3,Away
1,2,Player 033,Team 011,Player 041,Team 002,0,3,Home
1,2,Player 041,Team 002,Player 033,Team 011,3,0,Away
1,2,Player 033,Team 011,Player 054,Team 002,3,0,Home
1,2,Player 054,Team 002,Player 033,Team 011,0,3,Away
1,3,Player 004,Team 004,Player 029,Team 013,3,2,Home
1,3,Player 029,Team 013,Player 004,Team 004,2,3,Away
1,3,Player 004,Team 004,Player 052,Team 013,3,0,Home
1,3,Player 052,Team 013,Player 004,Team 004,0,3,Away
1,3,Player 004,Team 004,Player 051,Team 013,3,0,Home
1,3,Player 051,Team 013,Player 004,Team 004,0,3,Away
1,3,Player 004,Team 004,(játék nélkül),Team 013,3,0,Home
1,3,(játék nélkül),Team 013,Player 004,Team 004,0,3,Away
1,3,Player 017,Team 004,Player 029,Team 013,1,3,Home
1,3,Player 029,Team 013,Player 017,Team 004,3,1,Away
1,3,Player 017,Team 004,Player 052,Team 013,3,0,Home
1,3,Player 052,Team 013,Player 017,Team 004,0,3,Away
1,3,Player 017,Team 004,Player 051,Team 013,3,0,Home
1,3,Player 051,Team 013,Player 017,Team 004,0,3,Away
1,3,Player 017,Team 004,(játék nélkül),Team 013,3,0,Home
1,3,(játék nélkül),Team 013,Player 017,Team 004,0,3,Away
1,3,Player 009,Team 004,Player 029,Team 013,3,0,Home
1,3,Player 029,Team 013,Player 009,Team 004,0,3,Away
1,3,Player 009,Team 004,Player 052,Team 013,3,1,Home
1,3,Player 052,Team 013,Player 009,Team 004,1,3,Away
1,3,Player 009,Team 004,Player 051,Team 013,3,0,Home
1,3,Player 051,Team 013,Player 009,Team 004,0,3,Away
1,3,Player 009,Team 004,(játék nélkül),Team 013,3,0,Home
1,3,(játék nélkül),Team 013,Player 009,Team 004,0,3,Away
1,3,Player 018,Team 004,Player 029,Team 013,2,3,Home
1,3,Player 029,Team 013,Player 018,Team 004,3,2,Away
1,3,Player 018,Team 004,Player 052,Team 013,3,1,Home
1,3,Player 052,Team 013,Player 018,Team 004,1,3,Away
1,3,Player 018,Team 004,Player 051,Team 013,3,0,Home
1,3,Player 051,Team 013,Player 018,Team 004,0,3,Away
1,3,Player 018,Team 004,(játék nélkül),Team 013,3,0,Home
1,3,(játék nélkül),Team 013,Player 018,Team 004,0,3,Away
1,4,Player 034,Team 007,Player 045,Team 009,3,0,Home
1,4,Player 045,Team 009,Player 034,Team 007,0,3,Away
1,4,Player 034,Team 007,Player 019,Team 009,1,3,Home
1,4,Player 019,Team 009,Player 034,Team 007,3,1,Away
1,4,Player 034,Team 007,Player 058,Team 009,3,0,Home
1,4,Player 058,Team 009,Player 034,Team 007,0,3,Away
1,4,Player 034,Team 007,Player 027,Team 009,1,3,Home
1,4,Player 027,Team 009,Player 034,Team 007,3,1,Away
1,4,Player 026,Team 007,Player 045,Team 009,3,1,Home
1,4,Player 045,Team 009,Player 026,Team 007,1,3,Away
1,4,Player 026,Team 007,Player 019,Team 009,1,3,Home
1,4,Player 019,Team 009,Player 026,Team 007,3,1,Away
1,4,Player 026,Team 007,Player 058,Team 009,3,0,Home
1,4,Player 058,Team 009,Player 026,Team 007,0,3,Away
1,4,Player 026,Team 007,Player 027,Team 009,3,0,Home
1,4,Player 027,Team 009,Player 026,Team 007,0,3,Away
1,4,Player 049,Team 007,Player 045,Team 009,0,3,Home
1,4,Player 045,Team 009,Player 049,Team 007,3,0,Away
1,4,Player 049,Team 007,Player 019,Team 009,0,3,Home
1,4,Player 019,Team 009,Player 049,Team 007,3,0,Away
1,4,Player 049,Team 007,Player 058,Team 009,3,1,Home
1,4,Player 058,Team 009,Player 049,Team 007,1,3,Away
1,4,Player 049,Team 007,Player 027,Team 009,1,3,Home
1,4,Player 027,Team 009,Player 049,Team 007,3,1,Away
1,4,Player 065,Team 007,Player 027,Team 009,0,3,Home
1,4,Player 027,Team 009,Player 065,Team 007,3,0,Away
1,4,Player 014,Team 007,Player 045,Team 009,3,0,Home
1,4,Player 045,Team 009,Player 014,Team 007,0,3,Away
1,4,Player 014,Team 007,Player 019,Team 009,3,0,Home
1,4,Player 019,Team 009,Player 014,Team 007,0,3,Away
1,4,Player 014,Team 007,Player 058,Team 009,3,1,Home
1,4,Player 058,Team 009,Player 014,Team 007,1,3,Away
1,5,Player 001,Team 001,Player 048,Team 015,3,0,Home
1,5,Player 048,Team 015,Player 001,Team 001,0,3,Away
1,5,Player 001,Team 001,Player 047,Team 015,3,1,Home
1,5,Player 047,Team 015,Player 001,Team 001,1,3,Away
1,5,Player 001,Team 001,Player 046,Team 015,3,0,Home
1,5,Player 046,Team 015,Player 001,Team 001,0,3,Away
1,5,Player 001,Team 001,Player 056,Team 015,3,0,Home
1,5,Player 056,Team 015,Player 001,Team 001,0,3,Away
1,5,Player 007,Team 001,Player 048,Team 015,3,0,Home
1,5,Player 048,Team 015,Player 007,Team 001,0,3,Away
1,5,Player 007,Team 001,Player 047,Team 015,3,2,Home
1,5,Player 047,Team 015,Player 007,Team 001,2,3,Away
1,5,Player 007,Team 001,Player 046,Team 015,3,0,Home
1,5,Player 046,Team 015,Player 007,Team 001,0,3,Away
1,5,Player 007,Team 001,Player 056,Team 015,3,0,Home
1,5,Player 056,Team 015,Player 007,Team 001,0,3,Away
1,5,Player 050,Team 001,Player 048,Team 015,0,3,Home
1,5,Player 048,Team 015,Player 050,Team 001,3,0,Away
1,5,Player 050,Team 001,Player 047,Team 015,0,3,Home
1,5,Player 047,Team 015,Player 050,Team 001,3,0,Away
1,5,Player 050,Team 001,Player 046,Team 015,1,3,Home
1,5,Player 046,Team 015,Player 050,Team 001,3,1,Away
1,5,Player 050,Team 001,Player 056,Team 015,3,2,Home
1,5,Player 056,Team 015,Player 050,Team 001,2,3,Away
1,5,Player 013,Team 001,Player 048,Team 015,3,0,Home
1,5,Player 048,Team 015,Player 013,Team 001,0,3,Away
1,5,Player 013,Team 001,Player 047,Team 015,3,1,Home
1,5,Player 047,Team 015,Player 013,Team 001,1,3,Away
1,5,Player 013,Team 001,Player 046,Team 015,3,0,Home
1,5,Player 046,Team 015,Player 013,Team 001,0,3,Away
1,5,Player 013,Team 001,Player 056,Team 015,3,0,Home
1,5,Player 056,Team 015,Player 013,Team 001,0,3,Away
1,6,Player 060,Team 008,Player 028,Team 012,0,3,Home
1,6,Player 028,Team 012,Player 060,Team 008,3,0,Away
1,6,Player 060,Team 008,Player 039,Team 012,0,3,Home
1,6,Player 039,Team 012,Player 060,Team 008,3,0,Away
1,6,Player 037,Team 008,Player 028,Team 012,0,3,Home
1,6,Player 028,Team 012,Player 037,Team 008,3,0,Away
1,6,Player 037,Team 008,Player 039,Team 012,1,3,Home
1,6,Player 039,Team 012,Player 037,Team 008,3,1,Away
1,6,Player 037,Team 008,Player 025,Team 012,3,2,Home
1,6,Player 025,Team 012,Player 037,Team 008,2,3,Away
1,6,Player 037,Team 008,(játék nélkül),Team 012,3,0,Home
1,6,(játék nélkül),Team 012,Player 037,Team 008,0,3,Away
1,6,Player 036,Team 008,Player 028,Team 012,0,3,Home
1,6,Player 028,Team 012,Player 036,Team 008,3,0,Away
1,6,Player 036,Team 008,Player 039,Team 012,3,1,Home
1,6,Player 039,Team 012,Player 036,Team 008,1,3,Away
1,6,Player 036,Team 008,Player 025,Team 012,0,3,Home
1,6,Player 025,Team 012,Player 036,Team 008,3,0,Away
1,6,Player 036,Team 008,(játék nélkül),Team 012,3,0,Home
1,6,(játék nélkül),Team 012,Player 036,Team 008,0,3,Away
1,6,Player 016,Team 008,Player 028,Team 012,3,1,Home
1,6,Player 028,Team 012,Player 016,Team 008,1,3,Away
1,6,Player 016,Team 008,Player 039,Team 012,3,0,Home
1,6,Player 039,Team 012,Player 016,Team 008,0,3,Away
1,6,Player 016,Team 008,Player 025,Team 012,1,3,Home
1,6,Player 025,Team 012,Player 016,Team 008,3,1,Away
1,6,Player 016,Team 008,(játék nélkül),Team 012,3,0,Home
1,6,(játék nélkül),Team 012,Player 016,Team 008,0,3,Away
1,6,Player 035,Team 008,Player 025,Team 012,1,3,Home
1,6,Player 025,Team 012,Player 035,Team 008,3,1,Away
1,6,Player 035,Team 008,(játék nélkül),Team 012,3,0,Home
1,6,(játék nélkül),Team 012,Player 035,Team 008,0,3,Away
1,7,Player 043,Team 014,Player 006,Team 005,0,3,Home
1,7,Player 006,Team 005,Player 043,Team 014,3,0,Away
1,7,Player 043,Team 014,Player 040,Team 005,0,3,Home
1,7,Player 040,Team 005,Player 043,Team 014,3,0,Away
1,7,Player 043,Team 014,Player 038,Team 005,3,0,Home
1,7,Player 038,Team 005,Player 043,Team 014,0,3,Away
1,7,Player 043,Team 014,Player 012,Team 005,0,3,Home
1,7,Player 012,Team 005,Player 043,Team 014,3,0,Away
1,7,Player 031,Team 014,Player 006,Team 005,1,3,Home
1,7,Player 006,Team 005,Player 031,Team 014,3,1,Away
1,7,Player 031,Team 014,Player 040,Team 005,3,1,Home
1,7,Player 040,Team 005,Player 031,Team 014,1,3,Away
1,7,Player 031,Team 014,Player 038,Team 005,3,0,Home
1,7,Player 038,Team 005,Player 031,Team 014,0,3,Away
1,7,Player 031,Team 014,Player 012,Team 005,0,3,Home
1,7,Player 012,Team 005,Player 031,Team 014,3,0,Away
1,7,Player 044,Team 014,Player 006,Team 005,1,3,Home
1,7,Player 006,Team 005,Player 044,Team 014,3,1,Away
1,7,Player 044,Team 014,Player 038,Team 005,2,3,Home
1,7,Player 038,Team 005,Player 044,Team 014,3,2,Away
1,7,Player 044,Team 014,Player 012,Team 005,0,3,Home
1,7,Player 012,Team 005,Player 044,Team 014,3,0,Away
1,7,Player 044,Team 014,Player 061,Team 005,3,2,Home
1,7,Player 061,Team 005,Player 044,Team 014,2,3,Away
1,7,Player 042,Team 014,Player 006,Team 005,0,3,Home
1,7,Player 006,Team 005,Player 042,Team 014,3,0,Away
1,7,Player 042,Team 014,Player 038,Team 005,1,3,Home
1,7,Player 038,Team 005,Player 042,Team 014,3,1,Away
1,7,Player 042,Team 014,Player 012,Team 005,1,3,Home
1,7,Player 012,Team 005,Player 042,Team 014,3,1,Away
1,7,Player 042,Team 014,Player 061,Team 005,3,0,Home
1,7,Player 061,Team 005,Player 042,Team 014,0,3,Away
1,8,Player 055,Team 016,Player 008,Team 003,0,3,Home
1,8,Player 008,Team 003,Player 055,Team 016,3,0,Away
1,8,Player 055,Team 016,Player 005,Team 003,0,3,Home
1,8,Player 005,Team 003,Player 055,Team 016,3,0,Away
1,8,Player 055,Team 016,Player 125,Team 003,0,3,Home
1,8,Player 125,Team 003,Player 055,Team 016,3,0,Away
1,8,Player 055,Team 016,Player 003,Team 003,0,3,Home
1,8,Player 003,Team 003,Player 055,Team 016,3,0,Away
1,8,Player 057,Team 016,Player 008,Team 003,0,3,Home
1,8,Player 008,Team 003,Player 057,Team 016,3,0,Away
1,8,Player 057,Team 016,Player 005,Team 003,1,3,Home
1,8,Player 005,Team 003,Player 057,Team 016,3,1,Away
1,8,Player 057,Team 016,Player 125,Team 003,0,3,Home
1,8,Player 125,Team 003,Player 057,Team 016,3,0,Away
1,8,Player 057,Team 016,Player 003,Team 003,1,3,Home
1,8,Player 003,Team 003,Player 057,Team 016,3,1,Away
1,8,Player 059,Team 016,Player 008,Team 003,0,3,Home
1,8,Player 008,Team 003,Player 059,Team 016,3,0,Away
1,8,Player 059,Team 016,Player 005,Team 003,2,3,Home
1,8,Player 005,Team 003,Player 059,Team 016,3,2,Away
1,8,Player 059,Team 016,Player 125,Team 003,1,3,Home
1,8,Player 125,Team 003,Player 059,Team 016,3,1,Away
1,8,Player 059,Team 016,Player 003,Team 003,1,3,Home
1,8,Player 003,Team 003,Player 059,Team 016,3,1,Away
1,8,(játék nélkül),Team 016,Player 008,Team 003,0,3,Home
1,8,Player 008,Team 003,(játék nélkül),Team 016,3,0,Away
1,8,(játék nélkül),Team 016,Player 005,Team 003,0,3,Home
1,8,Player 005,Team 003,(játék nélkül),Team 016,3,0,Away
1,8,(játék nélkül),Team 016,Player 125,Team 003,0,3,Home
1,8,Player 125,Team 003,(játék nélkül),Team 016,3,0,Away
1,8,(játék nélkül),Team 016,Player 003,Team 003,0,3,Home
1,8,Player 003,Team 003,(játék nélkül),Team 016,3,0,Away
2,1,Player 074,Team 002,Player 014,Team 007,0,3,Home
2,1,Player 014,Team 007,Player 074,Team 002,3,0,Away
2,1,Player 074,Team 002,Player 034,Team 007,1,3,Home
2,1,Player 034,Team 007,Player 074,Team 002,3,1,Away
2,1,Player 074,Team 002,Player 088,Team 007,3,0,Home
2,1,Player 088,Team 007,Player 074,Team 002,0,3,Away
2,1,Player 074,Team 002,Player 093,Team 007,3,1,Home
2,1,Player 093,Team 007,Player 074,Team 002,1,3,Away
2,1,Player 078,Team 002,Player 014,Team 007,0,3,Home
2,1,Player 014,Team 007,Player 078,Team 002,3,0,Away
2,1,Player 078,Team 002,Player 034,Team 007,1,3,Home
2,1,Player 034,Team 007,Player 078,Team 002,3,1,Away
2,1,Player 078,Team 002,Player 026,Team 007,0,3,Home
2,1,Player 026,Team 007,Player 078,Team 002,3,0,Away
2,1,Player 078,Team 002,Player 088,Team 007,3,2,Home
2,1,Player 088,Team 007,Player 078,Team 002,2,3,Away
2,1,Player 053,Team 002,Player 014,Team 007,0,3,Home
2,1,Player 014,Team 007,Player 053,Team 002,3,0,Away
2,1,Player 053,Team 002,Player 034,Team 007,0,3,Home
2,1,Player 034,Team 007,Player 053,Team 002,3,0,Away
2,1,Player 053,Team 002,Player 026,Team 007,0,3,Home
2,1,Player 026,Team 007,Player 053,Team 002,3,0,Away
2,1,Player 053,Team 002,Player 088,Team 007,3,0,Home
2,1,Player 088,Team 007,Player 053,Team 002,0,3,Away
2,1,Player 002,Team 002,Player 014,Team 007,1,3,Home
2,1,Player 014,Team 007,Player 002,Team 002,3,1,Away
2,1,Player 002,Team 002,Player 034,Team 007,3,0,Home
2,1,Player 034,Team 007,Player 002,Team 002,0,3,Away
2,1,Player 002,Team 002,Player 088,Team 007,3,0,Home
2,1,Player 088,Team 007,Player 002,Team 002,0,3,Away
2,1,Player 002,Team 002,Player 093,Team 007,3,0,Home
2,1,Player 093,Team 007,Player 002,Team 002,0,3,Away
2,2,Player 039,Team 012,Player 013,Team 001,0,3,Home
2,2,Player 013,Team 001,Player 039,Team 012,3,0,Away
2,2,Player 039,Team 012,Player 076,Team 001,3,0,Home
2,2,Player 076,Team 001,Player 039,Team 012,0,3,Away
2,2,Player 039,Team 012,Player 069,Team 001,0,3,Home
2,2,Player 069,Team 001,Player 039,Team 012,3,0,Away
2,2,Player 039,Team 012,Player 050,Team 001,3,1,Home
2,2,Player 050,Team 001,Player 039,Team 012,1,3,Away
2,2,Player 028,Team 012,Player 013,Team 001,2,3,Home
2,2,Player 013,Team 001,Player 028,Team 012,3,2,Away
2,2,Player 028,Team 012,Player 076,Team 001,1,3,Home
2,2,Player 076,Team 001,Player 028,Team 012,3,1,Away
2,2,Player 028,Team 012,Player 069,Team 001,1,3,Home
2,2,Player 069,Team 001,Player 028,Team 012,3,1,Away
2,2,Player 028,Team 012,Player 050,Team 001,3,0,Home
2,2,Player 050,Team 001,Player 028,Team 012,0,3,Away
2,2,Player 083,Team 012,Player 013,Team 001,0,3,Home
2,2,Player 013,Team 001,Player 083,Team 012,3,0,Away
2,2,Player 083,Team 012,Player 076,Team 001,0,3,Home
2,2,Player 076,Team 001,Player 083,Team 012,3,0,Away
2,2,Player 083,Team 012,Player 069,Team 001,0,3,Home
2,2,Player 069,Team 001,Player 083,Team 012,3,0,Away
2,2,Player 083,Team 012,Player 050,Team 001,3,0,Home
2,2,Player 050,Team 001,Player 083,Team 012,0,3,Away
2,2,Player 025,Team 012,Player 013,Team 001,1,3,Home
2,2,Player 013,Team 001,Player 025,Team 012,3,1,Away
2,2,Player 025,Team 012,Player 076,Team 001,3,2,Home
2,2,Player 076,Team 001,Player 025,Team 012,2,3,Away
2,2,Player 025,Team 012,Player 069,Team 001,1,3,Home
2,2,Player 069,Team 001,Player 025,Team 012,3,1,Away
2,2,Player 025,Team 012,Player 050,Team 001,3,1,Home
2,2,Player 050,Team 001,Player 025,Team 012,1,3,Away
2,3,Player 010,Team 006,Player 077,Team 008,3,0,Home
2,3,Player 077,Team 008,Player 010,Team 006,0,3,Away
2,3,Player 010,Team 006,Player 037,Team 008,1,3,Home
2,3,Player 037,Team 008,Player 010,Team 006,3,1,Away
2,3,Player 010,Team 006,Player 060,Team 008,3,0,Home
2,3,Player 060,Team 008,Player 010,Team 006,0,3,Away
2,3,Player 010,Team 006,Player 016,Team 008,1,3,Home
2,3,Player 016,Team 008,Player 010,Team 006,3,1,Away
2,3,Player 032,Team 006,Player 077,Team 008,2,3,Home
2,3,Player 077,Team 008,Player 032,Team 006,3,2,Away
2,3,Player 032,Team 006,Player 037,Team 008,1,3,Home
2,3,Player 037,Team 008,Player 032,Team 006,3,1,Away
2,3,Player 032,Team 006,Player 016,Team 008,1,3,Home
2,3,Player 016,Team 008,Player 032,Team 006,3,1,Away
2,3,Player 032,Team 006,Player 092,Team 008,3,1,Home
2,3,Player 092,Team 008,Player 032,Team 006,1,3,Away
2,3,Player 073,Team 006,Player 077,Team 008,3,2,Home
2,3,Player 077,Team 008,Player 073,Team 006,2,3,Away
2,3,Player 073,Team 006,Player 037,Team 008,0,3,Home
2,3,Player 037,Team 008,Player 073,Team 006,3,0,Away
2,3,Player 073,Team 006,Player 060,Team 008,3,0,Home
2,3,Player 060,Team 008,Player 073,Team 006,0,3,Away
2,3,Player 073,Team 006,Player 016,Team 008,2,3,Home
2,3,Player 016,Team 008,Player 073,Team 006,3,2,Away
2,3,Player 030,Team 006,Player 077,Team 008,0,3,Home
2,3,Player 077,Team 008,Player 030,Team 006,3,0,Away
2,3,Player 030,Team 006,Player 016,Team 008,0,3,Home
2,3,Player 016,Team 008,Player 030,Team 006,3,0,Away
2,3,Player 094,Team 006,Player 037,Team 008,1,3,Home
2,3,Player 037,Team 008,Player 094,Team 006,3,1,Away
2,3,Player 094,Team 006,Player 092,Team 008,1,3,Home
2,3,Player 092,Team 008,Player 094,Team 006,3,1,Away
2,4,Player 079,Team 009,Player 004,Team 004,0,3,Home
2,4,Player 004,Team 004,Player 079,Team 009,3,0,Away
2,4,Player 079,Team 009,Player 018,Team 004,1,3,Home
2,4,Player 018,Team 004,Player 079,Team 009,3,1,Away
2,4,Player 079,Team 009,Player 009,Team 004,0,3,Home
2,4,Player 009,Team 004,Player 079,Team 009,3,0,Away
2,4,Player 079,Team 009,Player 075,Team 004,3,2,Home
2,4,Player 075,Team 004,Player 079,Team 009,2,3,Away
2,4,Player 081,Team 009,Player 004,Team 004,0,3,Home
2,4,Player 004,Team 004,Player 081,Team 009,3,0,Away
2,4,Player 081,Team 009,Player 018,Team 004,3,1,Home
2,4,Player 018,Team 004,Player 081,Team 009,1,3,Away
2,4,Player 081,Team 009,Player 009,Team 004,0,3,Home
2,4,Player 009,Team 004,Player 081,Team 009,3,0,Away
2,4,Player 081,Team 009,Player 075,Team 004,1,3,Home
2,4,Player 075,Team 004,Player 081,Team 009,3,1,Away
2,4,Player 080,Team 009,Player 004,Team 004,0,3,Home
2,4,Player 004,Team 004,Player 080,Team 009,3,0,Away
2,4,Player 080,Team 009,Player 018,Team 004,3,2,Home
2,4,Player 018,Team 004,Player 080,Team 009,2,3,Away
2,4,Player 080,Team 009,Player 009,Team 004,0,3,Home
2,4,Player 009,Team 004,Player 080,Team 009,3,0,Away
2,4,Player 080,Team 009,Player 075,Team 004,1,3,Home
2,4,Player 075,Team 004,Player 080,Team 009,3,1,Away
2,4,Player 068,Team 009,Player 004,Team 004,3,0,Home
2,4,Player 004,Team 004,Player 068,Team 009,0,3,Away
2,4,Player 068,Team 009,Player 018,Team 004,3,0,Home
2,4,Player 018,Team 004,Player 068,Team 009,0,3,Away
2,4,Player 068,Team 009,Player 009,Team 004,3,0,Home
2,4,Player 009,Team 004,Player 068,Team 009,0,3,Away
2,4,Player 068,Team 009,Player 075,Team 004,3,1,Home
2,4,Player 075,Team 004,Player 068,Team 009,1,3,Away
2,5,Player 005,Team 003,Player 072,Team 011,0,3,Home
2,5,Player 072,Team 011,Player 005,Team 003,3,0,Away
2,5,Player 005,Team 003,Player 082,Team 011,3,0,Home
2,5,Player 082,Team 011,Player 005,Team 003,0,3,Away
2,5,Player 005,Team 003,Player 022,Team 011,0,3,Home
2,5,Player 022,Team 011,Player 005,Team 003,3,0,Away
2,5,Player 005,Team 003,Player 023,Team 011,2,3,Home
2,5,Player 023,Team 011,Player 005,Team 003,3,2,Away
2,5,Player 067,Team 003,Player 072,Team 011,3,0,Home
2,5,Player 072,Team 011,Player 067,Team 003,0,3,Away
2,5,Player 067,Team 003,Player 082,Team 011,3,0,Home
2,5,Player 082,Team 011,Player 067,Team 003,0,3,Away
2,5,Player 067,Team 003,Player 022,Team 011,3,2,Home
2,5,Player 022,Team 011,Player 067,Team 003,2,3,Away
2,5,Player 067,Team 003,Player 023,Team 011,3,1,Home
2,5,Player 023,Team 011,Player 067,Team 003,1,3,Away
2,5,Player 125,Team 003,Player 072,Team 011,0,3,Home
2,5,Player 072,Team 011,Player 125,Team 003,3,0,Away
2,5,Player 125,Team 003,Player 082,Team 011,3,1,Home
2,5,Player 082,Team 011,Player 125,Team 003,1,3,Away
2,5,Player 125,Team 003,Player 022,Team 011,1,3,Home
2,5,Player 022,Team 011,Player 125,Team 003,3,1,Away
2,5,Player 125,Team 003,Player 023,Team 011,1,3,Home
2,5,Player 023,Team 011,Player 125,Team 003,3,1,Away
2,5,Player 003,Team 003,Player 072,Team 011,2,3,Home
2,5,Player 072,Team 011,Player 003,Team 003,3,2,Away
2,5,Player 003,Team 003,Player 082,Team 011,1,3,Home
2,5,Player 082,Team 011,Player 003,Team 003,3,1,Away
2,5,Player 003,Team 003,Player 022,Team 011,3,1,Home
2,5,Player 022,Team 011,Player 003,Team 003,1,3,Away
2,5,Player 003,Team 003,Player 023,Team 011,3,2,Home
2,5,Player 023,Team 011,Player 003,Team 003,2,3,Away
2,6,Player 090,Team 005,Player 063,Team 010,3,0,Home
2,6,Player 063,Team 010,Player 090,Team 005,0,3,Away
2,6,Player 090,Team 005,Player 064,Team 010,3,0,Home
2,6,Player 064,Team 010,Player 090,Team 005,0,3,Away
2,6,Player 038,Team 005,Player 063,Team 010,3,0,Home
2,6,Player 063,Team 010,Player 038,Team 005,0,3,Away
2,6,Player 038,Team 005,Player 064,Team 010,3,0,Home
2,6,Player 064,Team 010,Player 038,Team 005,0,3,Away
2,6,Player 038,Team 005,Player 020,Team 010,2,3,Home
2,6,Player 020,Team 010,Player 038,Team 005,3,2,Away
2,6,Player 038,Team 005,Player 089,Team 010,3,0,Home
2,6,Player 089,Team 010,Player 038,Team 005,0,3,Away
2,6,Player 006,Team 005,Player 063,Team 010,3,0,Home
2,6,Player 063,Team 010,Player 006,Team 005,0,3,Away
2,6,Player 006,Team 005,Player 064,Team 010,3,0,Home
2,6,Player 064,Team 010,Player 006,Team 005,0,3,Away
2,6,Player 006,Team 005,Player 020,Team 010,3,0,Home
2,6,Player 020,Team 010,Player 006,Team 005,0,3,Away
2,6,Player 006,Team 005,Player 089,Team 010,3,0,Home
2,6,Player 089,Team 010,Player 006,Team 005,0,3,Away
2,6,Player 012,Team 005,Player 063,Team 010,3,0,Home
2,6,Player 063,Team 010,Player 012,Team 005,0,3,Away
2,6,Player 012,Team 005,Player 064,Team 010,3,0,Home
2,6,Player 064,Team 010,Player 012,Team 005,0,3,Away
2,6,Player 012,Team 005,Player 020,Team 010,3,0,Home
2,6,Player 020,Team 010,Player 012,Team 005,0,3,Away
2,6,Player 012,Team 005,Player 089,Team 010,3,0,Home
2,6,Player 089,Team 010,Player 012,Team 005,0,3,Away
2,6,Player 091,Team 005,Player 020,Team 010,2,3,Home
2,6,Player 020,Team 010,Player 091,Team 005,3,2,Away
2,6,Player 091,Team 005,Player 089,Team 010,3,0,Home
2,6,Player 089,Team 010,Player 091,Team 005,0,3,Away
2,7,Player 048,Team 015,Player 085,Team 016,3,0,Home
2,7,Player 085,Team 016,Player 048,Team 015,0,3,Away
2,7,Player 048,Team 015,Player 087,Team 016,3,0,Home
2,7,Player 087,Team 016,Player 048,Team 015,0,3,Away
2,7,Player 048,Team 015,Player 059,Team 016,3,1,Home
2,7,Player 059,Team 016,Player 048,Team 015,1,3,Away
2,7,Player 048,Team 015,Player 086,Team 016,3,0,Home
2,7,Player 086,Team 016,Player 048,Team 015,0,3,Away
2,7,Player 047,Team 015,Player 085,Team 016,3,0,Home
2,7,Player 085,Team 016,Player 047,Team 015,0,3,Away
2,7,Player 047,Team 015,Player 087,Team 016,3,1,Home
2,7,Player 087,Team 016,Player 047,Team 015,1,3,Away
2,7,Player 047,Team 015,Player 059,Team 016,3,0,Home
2,7,Player 059,Team 016,Player 047,Team 015,0,3,Away
2,7,Player 047,Team 015,Player 086,Team 016,3,0,Home
2,7,Player 086,Team 016,Player 047,Team 015,0,3,Away
2,7,Player 046,Team 015,Player 085,Team 016,3,0,Home
2,7,Player 085,Team 016,Player 046,Team 015,0,3,Away
2,7,Player 046,Team 015,Player 087,Team 016,3,0,Home
2,7,Player 087,Team 016,Player 046,Team 015,0,3,Away
2,7,Player 046,Team 015,Player 059,Team 016,3,1,Home
2,7,Player 059,Team 016,Player 046,Team 015,1,3,Away
2,7,Player 046,Team 015,Player 086,Team 016,3,0,Home
2,7,Player 086,Team 016,Player 046,Team 015,0,3,Away
2,7,Player 056,Team 015,Player 085,Team 016,3,0,Home
2,7,Player 085,Team 016,Player 056,Team 015,0,3,Away
2,7,Player 056,Team 015,Player 087,Team 016,3,1,Home
2,7,Player 087,Team 016,Player 056,Team 015,1,3,Away
2,7,Player 056,Team 015,Player 059,Team 016,2,3,Home
2,7,Player 059,Team 016,Player 056,Team 015,3,2,Away
2,7,Player 056,Team 015,Player 086,Team 016,3,2,Home
2,7,Player 086,Team 016,Player 056,Team 015,2,3,Away
2,8,Player 066,Team 013,Player 071,Team 014,3,0,Home
2,8,Player 071,Team 014,Player 066,Team 013,0,3,Away
2,8,Player 066,Team 013,Player 084,Team 014,3,1,Home
2,8,Player 084,Team 014,Player 066,Team 013,1,3,Away
2,8,Player 066,Team 013,Player 044,Team 014,3,0,Home
2,8,Player 044,Team 014,Player 066,Team 013,0,3,Away
2,8,Player 066,Team 013,Player 070,Team 014,3,0,Home
2,8,Player 070,Team 014,Player 066,Team 013,0,3,Away
2,8,Player 052,Team 013,Player 071,Team 014,0,3,Home
2,8,Player 071,Team 014,Player 052,Team 013,3,0,Away
2,8,Player 052,Team 013,Player 084,Team 014,3,0,Home
2,8,Player 084,Team 014,Player 052,Team 013,0,3,Away
2,8,Player 052,Team 013,Player 044,Team 014,3,2,Home
2,8,Player 044,Team 014,Player 052,Team 013,2,3,Away
2,8,Player 052,Team 013,Player 070,Team 014,2,3,Home
2,8,Player 070,Team 014,Player 052,Team 013,3,2,Away
2,8,Player 051,Team 013,Player 071,Team 014,0,3,Home
2,8,Player 071,Team 014,Player 051,Team 013,3,0,Away
2,8,Player 051,Team 013,Player 084,Team 014,3,2,Home
2,8,Player 084,Team 014,Player 051,Team 013,2,3,Away
2,8,Player 051,Team 013,Player 044,Team 014,2,3,Home
2,8,Player 044,Team 014,Player 051,Team 013,3,2,Away
2,8,Player 051,Team 013,Player 070,Team 014,0,3,Home
2,8,Player 070,Team 014,Player 051,Team 013,3,0,Away
2,8,(játék nélkül),Team 013,Player 071,Team 014,0,3,Home
2,8,Player 071,Team 014,(játék nélkül),Team 013,3,0,Away
2,8,(játék nélkül),Team 013,Player 084,Team 014,0,3,Home
2,8,Player 084,Team 014,(játék nélkül),Team 013,3,0,Away
2,8,(játék nélkül),Team 013,Player 044,Team 014,0,3,Home
2,8,Player 044,Team 014,(játék nélkül),Team 013,3,0,Away
2,8,(játék nélkül),Team 013,Player 070,Team 014,0,3,Home
2,8,Player 070,Team 014,(játék nélkül),Team 013,3,0,Away
3,1,Player 089,Team 010,(játék nélkül),Team 013,3,0,Home
3,1,(játék nélkül),Team 013,Player 089,Team 010,0,3,Away
3,1,Player 089,Team 010,(játék nélkül),Team 013,3,0,Home
3,1,(játék nélkül),Team 013,Player 089,Team 010,0,3,Away
3,1,Player 089,Team 010,(játék nélkül),Team 013,3,0,Home
3,1,(játék nélkül),Team 013,Player 089,Team 010,0,3,Away
3,1,Player 089,Team 010,(játék nélkül),Team 013,3,0,Home
3,1,(játék nélkül),Team 013,Player 089,Team 010,0,3,Away
3,1,Player 063,Team 010,(játék nélkül),Team 013,3,0,Home
3,1,(játék nélkül),Team 013,Player 063,Team 010,0,3,Away
3,1,Player 063,Team 010,(játék nélkül),Team 013,3,0,Home
3,1,(játék nélkül),Team 013,Player 063,Team 010,0,3,Away
3,1,Player 063,Team 010,(játék nélkül),Team 013,3,0,Home
3,1,(játék nélkül),Team 013,Player 063,Team 010,0,3,Away
3,1,Player 063,Team 010,(játék nélkül),Team 013,3,0,Home
3,1,(játék nélkül),Team 013,Player 063,Team 010,0,3,Away
3,1,Player 064,Team 010,(játék nélkül),Team 013,3,0,Home
3,1,(játék nélkül),Team 013,Player 064,Team 010,0,3,Away
3,1,Player 064,Team 010,(játék nélkül),Team 013,3,0,Home
3,1,(játék nélkül),Team 013,Player 064,Team 010,0,3,Away
3,1,Player 064,Team 010,(játék nélkül),Team 013,3,0,Home
3,1,(játék nélkül),Team 013,Player 064,Team 010,0,3,Away
3,1,Player 064,Team 010,(játék nélkül),Team 013,3,0,Home
3,1,(játék nélkül),Team 013,Player 064,Team 010,0,3,Away
3,1,Player 020,Team 010,(játék nélkül),Team 013,3,0,Home
3,1,(játék nélkül),Team 013,Player 020,Team 010,0,3,Away
3,1,Player 020,Team 010,(játék nélkül),Team 013,3,0,Home
3,1,(játék nélkül),Team 013,Player 020,Team 010,0,3,Away
3,1,Player 020,Team 010,(játék nélkül),Team 013,3,0,Home
3,1,(játék nélkül),Team 013,Player 020,Team 010,0,3,Away
3,1,Player 020,Team 010,(játék nélkül),Team 013,3,0,Home
3,1,(játék nélkül),Team 013,Player 020,Team 010,0,3,Away
3,2,Player 004,Team 004,Player 074,Team 002,3,0,Home
3,2,Player 074,Team 002,Player 004,Team 004,0,3,Away
3,2,Player 004,Team 004,Player 054,Team 002,3,0,Home
3,2,Player 054,Team 002,Player 004,Team 004,0,3,Away
3,2,Player 004,Team 004,Player 078,Team 002,3,0,Home
3,2,Player 078,Team 002,Player 004,Team 004,0,3,Away
3,2,Player 004,Team 004,Player 041,Team 002,3,1,Home
3,2,Player 041,Team 002,Player 004,Team 004,1,3,Away
3,2,Player 075,Team 004,Player 074,Team 002,3,0,Home
3,2,Player 074,Team 002,Player 075,Team 004,0,3,Away
3,2,Player 075,Team 004,Player 054,Team 002,3,0,Home
3,2,Player 054,Team 002,Player 075,Team 004,0,3,Away
3,2,Player 075,Team 004,Player 078,Team 002,3,0,Home
3,2,Player 078,Team 002,Player 075,Team 004,0,3,Away
3,2,Player 075,Team 004,Player 041,Team 002,3,2,Home
3,2,Player 041,Team 002,Player 075,Team 004,2,3,Away
3,2,Player 017,Team 004,Player 074,Team 002,3,2,Home
3,2,Player 074,Team 002,Player 017,Team 004,2,3,Away
3,2,Player 017,Team 004,Player 054,Team 002,3,0,Home
3,2,Player 054,Team 002,Player 017,Team 004,0,3,Away
3,2,Player 017,Team 004,Player 078,Team 002,3,1,Home
3,2,Player 078,Team 002,Player 017,Team 004,1,3,Away
3,2,Player 017,Team 004,Player 041,Team 002,1,3,Home
3,2,Player 041,Team 002,Player 017,Team 004,3,1,Away
3,2,Player 009,Team 004,Player 074,Team 002,3,0,Home
3,2,Player 074,Team 002,Player 009,Team 004,0,3,Away
3,2,Player 009,Team 004,Player 054,Team 002,3,0,Home
3,2,Player 054,Team 002,Player 009,Team 004,0,3,Away
3,2,Player 009,Team 004,Player 078,Team 002,3,0,Home
3,2,Player 078,Team 002,Player 009,Team 004,0,3,Away
3,2,Player 009,Team 004,Player 099,Team 002,3,0,Home
3,2,Player 099,Team 002,Player 009,Team 004,0,3,Away
3,3,Player 014,Team 007,Player 008,Team 003,3,2,Home
3,3,Player 008,Team 003,Player 014,Team 007,2,3,Away
3,3,Player 014,Team 007,Player 067,Team 003,1,3,Home
3,3,Player 067,Team 003,Player 014,Team 007,3,1,Away
3,3,Player 014,Team 007,Player 125,Team 003,3,1,Home
3,3,Player 125,Team 003,Player 014,Team 007,1,3,Away
3,3,Player 014,Team 007,Player 003,Team 003,3,2,Home
3,3,Player 003,Team 003,Player 014,Team 007,2,3,Away
3,3,Player 034,Team 007,Player 008,Team 003,1,3,Home
3,3,Player 008,Team 003,Player 034,Team 007,3,1,Away
3,3,Player 034,Team 007,Player 067,Team 003,1,3,Home
3,3,Player 067,Team 003,Player 034,Team 007,3,1,Away
3,3,Player 034,Team 007,Player 125,Team 003,3,0,Home
3,3,Player 125,Team 003,Player 034,Team 007,0,3,Away
3,3,Player 034,Team 007,Player 003,Team 003,3,1,Home
3,3,Player 003,Team 003,Player 034,Team 007,1,3,Away
3,3,Player 049,Team 007,Player 008,Team 003,2,3,Home
3,3,Player 008,Team 003,Player 049,Team 007,3,2,Away
3,3,Player 049,Team 007,Player 067,Team 003,1,3,Home
3,3,Player 067,Team 003,Player 049,Team 007,3,1,Away
3,3,Player 049,Team 007,Player 125,Team 003,0,3,Home
3,3,Player 125,Team 003,Player 049,Team 007,3,0,Away
3,3,Player 049,Team 007,Player 003,Team 003,1,3,Home
3,3,Player 003,Team 003,Player 049,Team 007,3,1,Away
3,3,Player 098,Team 007,Player 008,Team 003,0,3,Home
3,3,Player 008,Team 003,Player 098,Team 007,3,0,Away
3,3,Player 098,Team 007,Player 003,Team 003,1,3,Home
3,3,Player 003,Team 003,Player 098,Team 007,3,1,Away
3,3,Player 065,Team 007,Player 067,Team 003,0,3,Home
3,3,Player 067,Team 003,Player 065,Team 007,3,0,Away
3,3,Player 065,Team 007,Player 125,Team 003,0,3,Home
3,3,Player 125,Team 003,Player 065,Team 007,3,0,Away
3,4,Player 001,Team 001,Player 010,Team 006,2,3,Home
3,4,Player 010,Team 006,Player 001,Team 001,3,2,Away
3,4,Player 001,Team 001,Player 073,Team 006,3,2,Home
3,4,Player 073,Team 006,Player 001,Team 001,2,3,Away
3,4,Player 001,Team 001,Player 030,Team 006,3,0,Home
3,4,Player 030,Team 006,Player 001,Team 001,0,3,Away
3,4,Player 001,Team 001,Player 097,Team 006,3,0,Home
3,4,Player 097,Team 006,Player 001,Team 001,0,3,Away
3,4,Player 007,Team 001,Player 010,Team 006,3,0,Home
3,4,Player 010,Team 006,Player 007,Team 001,0,3,Away
3,4,Player 007,Team 001,Player 073,Team 006,3,0,Home
3,4,Player 073,Team 006,Player 007,Team 001,0,3,Away
3,4,Player 007,Team 001,Player 030,Team 006,3,0,Home
3,4,Player 030,Team 006,Player 007,Team 001,0,3,Away
3,4,Player 007,Team 001,Player 097,Team 006,3,0,Home
3,4,Player 097,Team 006,Player 007,Team 001,0,3,Away
3,4,Player 076,Team 001,Player 010,Team 006,3,0,Home
3,4,Player 010,Team 006,Player 076,Team 001,0,3,Away
3,4,Player 076,Team 001,Player 073,Team 006,3,0,Home
3,4,Player 073,Team 006,Player 076,Team 001,0,3,Away
3,4,Player 076,Team 001,Player 030,Team 006,3,0,Home
3,4,Player 030,Team 006,Player 076,Team 001,0,3,Away
3,4,Player 076,Team 001,Player 097,Team 006,3,0,Home
3,4,Player 097,Team 006,Player 076,Team 001,0,3,Away
3,4,Player 069,Team 001,Player 010,Team 006,3,2,Home
3,4,Player 010,Team 006,Player 069,Team 001,2,3,Away
3,4,Player 069,Team 001,Player 073,Team 006,3,0,Home
3,4,Player 073,Team 006,Player 069,Team 001,0,3,Away
3,4,Player 069,Team 001,Player 030,Team 006,3,1,Home
3,4,Player 030,Team 006,Player 069,Team 001,1,3,Away
3,4,Player 069,Team 001,Player 097,Team 006,3,0,Home
3,4,Player 097,Team 006,Player 069,Team 001,0,3,Away
3,5,Player 048,Team 015,Player 083,Team 012,3,1,Home
3,5,Player 083,Team 012,Player 048,Team 015,1,3,Away
3,5,Player 048,Team 015,Player 039,Team 012,0,3,Home
3,5,Player 039,Team 012,Player 048,Team 015,3,0,Away
3,5,Player 048,Team 015,Player 025,Team 012,0,3,Home
3,5,Player 025,Team 012,Player 048,Team 015,3,0,Away
3,5,Player 048,Team 015,(játék nélkül),Team 012,3,0,Home
3,5,(játék nélkül),Team 012,Player 048,Team 015,0,3,Away
3,5,Player 047,Team 015,Player 083,Team 012,3,1,Home
3,5,Player 083,Team 012,Player 047,Team 015,1,3,Away
3,5,Player 047,Team 015,Player 039,Team 012,2,3,Home
3,5,Player 039,Team 012,Player 047,Team 015,3,2,Away
3,5,Player 047,Team 015,Player 025,Team 012,1,3,Home
3,5,Player 025,Team 012,Player 047,Team 015,3,1,Away
3,5,Player 047,Team 015,(játék nélkül),Team 012,3,0,Home
3,5,(játék nélkül),Team 012,Player 047,Team 015,0,3,Away
3,5,Player 046,Team 015,Player 083,Team 012,0,3,Home
3,5,Player 083,Team 012,Player 046,Team 015,3,0,Away
3,5,Player 046,Team 015,Player 039,Team 012,1,3,Home
3,5,Player 039,Team 012,Player 046,Team 015,3,1,Away
3,5,Player 046,Team 015,Player 025,Team 012,0,3,Home
3,5,Player 025,Team 012,Player 046,Team 015,3,0,Away
3,5,Player 046,Team 015,(játék nélkül),Team 012,3,0,Home
3,5,(játék nélkül),Team 012,Player 046,Team 015,0,3,Away
3,5,Player 056,Team 015,Player 083,Team 012,1,3,Home
3,5,Player 083,Team 012,Player 056,Team 015,3,1,Away
3,5,Player 056,Team 015,Player 039,Team 012,3,2,Home
3,5,Player 039,Team 012,Player 056,Team 015,2,3,Away
3,5,Player 056,Team 015,Player 025,Team 012,1,3,Home
3,5,Player 025,Team 012,Player 056,Team 015,3,1,Away
3,5,Player 056,Team 015,(játék nélkül),Team 012,3,0,Home
3,5,(játék nélkül),Team 012,Player 056,Team 015,0,3,Away
3,6,Player 096,Team 014,Player 081,Team 009,3,2,Home
3,6,Player 081,Team 009,Player 096,Team 014,2,3,Away
3,6,Player 096,Team 014,Player 045,Team 009,3,1,Home
3,6,Player 045,Team 009,Player 096,Team 014,1,3,Away
3,6,Player 096,Team 014,Player 058,Team 009,3,0,Home
3,6,Player 058,Team 009,Player 096,Team 014,0,3,Away
3,6,Player 096,Team 014,Player 068,Team 009,0,3,Home
3,6,Player 068,Team 009,Player 096,Team 014,3,0,Away
3,6,Player 031,Team 014,Player 081,Team 009,3,1,Home
3,6,Player 081,Team 009,Player 031,Team 014,1,3,Away
3,6,Player 031,Team 014,Player 045,Team 009,3,2,Home
3,6,Player 045,Team 009,Player 031,Team 014,2,3,Away
3,6,Player 031,Team 014,Player 058,Team 009,3,0,Home
3,6,Player 058,Team 009,Player 031,Team 014,0,3,Away
3,6,Player 031,Team 014,Player 068,Team 009,3,1,Home
3,6,Player 068,Team 009,Player 031,Team 014,1,3,Away
3,6,Player 095,Team 014,Player 081,Team 009,3,2,Home
3,6,Player 081,Team 009,Player 095,Team 014,2,3,Away
3,6,Player 095,Team 014,Player 045,Team 009,3,1,Home
3,6,Player 045,Team 009,Player 095,Team 014,1,3,Away
3,6,Player 095,Team 014,Player 058,Team 009,3,0,Home
3,6,Player 058,Team 009,Player 095,Team 014,0,3,Away
3,6,Player 095,Team 014,Player 068,Team 009,0,3,Home
3,6,Player 068,Team 009,Player 095,Team 014,3,0,Away
3,6,Player 042,Team 014,Player 081,Team 009,3,0,Home
3,6,Player 081,Team 009,Player 042,Team 014,0,3,Away
3,6,Player 042,Team 014,Player 045,Team 009,3,1,Home
3,6,Player 045,Team 009,Player 042,Team 014,1,3,Away
3,6,Player 042,Team 014,Player 058,Team 009,3,0,Home
3,6,Player 058,Team 009,Player 042,Team 014,0,3,Away
3,6,Player 042,Team 014,Player 068,Team 009,2,3,Home
3,6,Player 068,Team 009,Player 042,Team 014,3,2,Away
3,7,Player 077,Team 008,Player 040,Team 005,3,0,Home
3,7,Player 040,Team 005,Player 077,Team 008,0,3,Away
3,7,Player 077,Team 008,Player 038,Team 005,3,0,Home
3,7,Player 038,Team 005,Player 077,Team 008,0,3,Away
3,7,Player 077,Team 008,Player 006,Team 005,0,3,Home
3,7,Player 006,Team 005,Player 077,Team 008,3,0,Away
3,7,Player 077,Team 008,Player 012,Team 005,0,3,Home
3,7,Player 012,Team 005,Player 077,Team 008,3,0,Away
3,7,Player 035,Team 008,Player 038,Team 005,3,1,Home
3,7,Player 038,Team 005,Player 035,Team 008,1,3,Away
3,7,Player 035,Team 008,Player 006,Team 005,2,3,Home
3,7,Player 006,Team 005,Player 035,Team 008,3,2,Away
3,7,Player 037,Team 008,Player 038,Team 005,3,0,Home
3,7,Player 038,Team 005,Player 037,Team 008,0,3,Away
3,7,Player 037,Team 008,Player 006,Team 005,0,3,Home
3,7,Player 006,Team 005,Player 037,Team 008,3,0,Away
3,7,Player 037,Team 008,Player 012,Team 005,2,3,Home
3,7,Player 012,Team 005,Player 037,Team 008,3,2,Away
3,7,Player 037,Team 008,Player 061,Team 005,3,0,Home
3,7,Player 061,Team 005,Player 037,Team 008,0,3,Away
3,7,Player 016,Team 008,Player 040,Team 005,3,1,Home
3,7,Player 040,Team 005,Player 016,Team 008,1,3,Away
3,7,Player 016,Team 008,Player 038,Team 005,3,0,Home
3,7,Player 038,Team 005,Player 016,Team 008,0,3,Away
3,7,Player 016,Team 008,Player 006,Team 005,2,3,Home
3,7,Player 006,Team 005,Player 016,Team 008,3,2,Away
3,7,Player 016,Team 008,Player 012,Team 005,1,3,Home
3,7,Player 012,Team 005,Player 016,Team 008,3,1,Away
3,7,Player 060,Team 008,Player 012,Team 005,1,3,Home
3,7,Player 012,Team 005,Player 060,Team 008,3,1,Away
3,7,Player 060,Team 008,Player 061,Team 005,3,0,Home
3,7,Player 061,Team 005,Player 060,Team 008,0,3,Away
3,8,Player 022,Team 011,Player 087,Team 016,3,0,Home
3,8,Player 087,Team 016,Player 022,Team 011,0,3,Away
3,8,Player 022,Team 011,Player 057,Team 016,3,0,Home
3,8,Player 057,Team 016,Player 022,Team 011,0,3,Away
3,8,Player 022,Team 011,Player 085,Team 016,3,0,Home
3,8,Player 085,Team 016,Player 022,Team 011,0,3,Away
3,8,Player 022,Team 011,Player 086,Team 016,3,0,Home
3,8,Player 086,Team 016,Player 022,Team 011,0,3,Away
3,8,Player 021,Team 011,Player 087,Team 016,3,0,Home
3,8,Player 087,Team 016,Player 021,Team 011,0,3,Away
3,8,Player 021,Team 011,Player 057,Team 016,3,0,Home
3,8,Player 057,Team 016,Player 021,Team 011,0,3,Away
3,8,Player 021,Team 011,Player 085,Team 016,3,0,Home
3,8,Player 085,Team 016,Player 021,Team 011,0,3,Away
3,8,Player 021,Team 011,Player 086,Team 016,3,1,Home
3,8,Player 086,Team 016,Player 021,Team 011,1,3,Away
3,8,Player 033,Team 011,Player 087,Team 016,3,1,Home
3,8,Player 087,Team 016,Player 033,Team 011,1,3,Away
3,8,Player 033,Team 011,Player 057,Team 016,3,2,Home
3,8,Player 057,Team 016,Player 033,Team 011,2,3,Away
3,8,Player 033,Team 011,Player 085,Team 016,3,0,Home
3,8,Player 085,Team 016,Player 033,Team 011,0,3,Away
3,8,Player 033,Team 011,Player 059,Team 016,3,0,Home
3,8,Player 059,Team 016,Player 033,Team 011,0,3,Away
3,8,Player 082,Team 011,Player 087,Team 016,3,0,Home
3,8,Player 087,Team 016,Player 082,Team 011,0,3,Away
3,8,Player 082,Team 011,Player 057,Team 016,3,0,Home
3,8,Player 057,Team 016,Player 082,Team 011,0,3,Away
3,8,Player 082,Team 011,Player 085,Team 016,3,1,Home
3,8,Player 085,Team 016,Player 082,Team 011,1,3,Away
3,8,Player 082,Team 011,Player 059,Team 016,3,0,Home
3,8,Player 059,Team 016,Player 082,Team 011,0,3,Away
4,1,Player 045,Team 009,Player 020,Team 010,0,3,Home
4,1,Player 020,Team 010,Player 045,Team 009,3,0,Away
4,1,Player 045,Team 009,Player 103,Team 010,3,0,Home
4,1,Player 103,Team 010,Player 045,Team 009,0,3,Away
4,1,Player 045,Team 009,Player 024,Team 010,1,3,Home
4,1,Player 024,Team 010,Player 045,Team 009,3,1,Away
4,1,Player 045,Team 009,Player 064,Team 010,3,0,Home
4,1,Player 064,Team 010,Player 045,Team 009,0,3,Away
4,1,Player 019,Team 009,Player 020,Team 010,3,1,Home
4,1,Player 020,Team 010,Player 019,Team 009,1,3,Away
4,1,Player 019,Team 009,Player 103,Team 010,3,0,Home
4,1,Player 103,Team 010,Player 019,Team 009,0,3,Away
4,1,Player 019,Team 009,Player 024,Team 010,3,0,Home
4,1,Player 024,Team 010,Player 019,Team 009,0,3,Away
4,1,Player 019,Team 009,Player 064,Team 010,3,0,Home
4,1,Player 064,Team 010,Player 019,Team 009,0,3,Away
4,1,Player 029,Team 009,Player 020,Team 010,1,3,Home
4,1,Player 020,Team 010,Player 029,Team 009,3,1,Away
4,1,Player 029,Team 009,Player 103,Team 010,3,0,Home
4,1,Player 103,Team 010,Player 029,Team 009,0,3,Away
4,1,Player 029,Team 009,Player 024,Team 010,0,3,Home
4,1,Player 024,Team 010,Player 029,Team 009,3,0,Away
4,1,Player 029,Team 009,Player 063,Team 010,3,0,Home
4,1,Player 063,Team 010,Player 029,Team 009,0,3,Away
4,1,Player 080,Team 009,Player 020,Team 010,0,3,Home
4,1,Player 020,Team 010,Player 080,Team 009,3,0,Away
4,1,Player 080,Team 009,Player 103,Team 010,3,0,Home
4,1,Player 103,Team 010,Player 080,Team 009,0,3,Away
4,1,Player 080,Team 009,Player 024,Team 010,0,3,Home
4,1,Player 024,Team 010,Player 080,Team 009,3,0,Away
4,1,Player 080,Team 009,Player 063,Team 010,3,0,Home
4,1,Player 063,Team 010,Player 080,Team 009,0,3,Away
4,2,Player 041,Team 002,Player 031,Team 014,1,3,Home
4,2,Player 031,Team 014,Player 041,Team 002,3,1,Away
4,2,Player 041,Team 002,Player 084,Team 014,0,3,Home
4,2,Player 084,Team 014,Player 041,Team 002,3,0,Away
4,2,Player 041,Team 002,Player 042,Team 014,0,3,Home
4,2,Player 042,Team 014,Player 041,Team 002,3,0,Away
4,2,Player 041,Team 002,Player 096,Team 014,2,3,Home
4,2,Player 096,Team 014,Player 041,Team 002,3,2,Away
4,2,Player 053,Team 002,Player 031,Team 014,0,3,Home
4,2,Player 031,Team 014,Player 053,Team 002,3,0,Away
4,2,Player 053,Team 002,Player 084,Team 014,2,3,Home
4,2,Player 084,Team 014,Player 053,Team 002,3,2,Away
4,2,Player 053,Team 002,Player 042,Team 014,0,3,Home
4,2,Player 042,Team 014,Player 053,Team 002,3,0,Away
4,2,Player 053,Team 002,Player 096,Team 014,0,3,Home
4,2,Player 096,Team 014,Player 053,Team 002,3,0,Away
4,2,Player 078,Team 002,Player 031,Team 014,0,3,Home
4,2,Player 031,Team 014,Player 078,Team 002,3,0,Away
4,2,Player 078,Team 002,Player 084,Team 014,2,3,Home
4,2,Player 084,Team 014,Player 078,Team 002,3,2,Away
4,2,Player 078,Team 002,Player 042,Team 014,1,3,Home
4,2,Player 042,Team 014,Player 078,Team 002,3,1,Away
4,2,Player 078,Team 002,Player 096,Team 014,1,3,Home
4,2,Player 096,Team 014,Player 078,Team 002,3,1,Away
4,2,Player 002,Team 002,Player 031,Team 014,1,3,Home
4,2,Player 031,Team 014,Player 002,Team 002,3,1,Away
4,2,Player 002,Team 002,Player 084,Team 014,3,0,Home
4,2,Player 084,Team 014,Player 002,Team 002,0,3,Away
4,2,Player 002,Team 002,Player 042,Team 014,3,0,Home
4,2,Player 042,Team 014,Player 002,Team 002,0,3,Away
4,2,Player 002,Team 002,Player 096,Team 014,3,0,Home
4,2,Player 096,Team 014,Player 002,Team 002,0,3,Away
4,3,Player 072,Team 011,Player 056,Team 015,3,0,Home
4,3,Player 056,Team 015,Player 072,Team 011,0,3,Away
4,3,Player 072,Team 011,Player 047,Team 015,3,0,Home
4,3,Player 047,Team 015,Player 072,Team 011,0,3,Away
4,3,Player 072,Team 011,Player 046,Team 015,3,1,Home
4,3,Player 046,Team 015,Player 072,Team 011,1,3,Away
4,3,Player 072,Team 011,Player 126,Team 015,3,0,Home
4,3,Player 126,Team 015,Player 072,Team 011,0,3,Away
4,3,Player 022,Team 011,Player 056,Team 015,3,2,Home
4,3,Player 056,Team 015,Player 022,Team 011,2,3,Away
4,3,Player 022,Team 011,Player 047,Team 015,1,3,Home
4,3,Player 047,Team 015,Player 022,Team 011,3,1,Away
4,3,Player 022,Team 011,Player 046,Team 015,3,0,Home
4,3,Player 046,Team 015,Player 022,Team 011,0,3,Away
4,3,Player 022,Team 011,Player 126,Team 015,3,0,Home
4,3,Player 126,Team 015,Player 022,Team 011,0,3,Away
4,3,Player 082,Team 011,Player 056,Team 015,2,3,Home
4,3,Player 056,Team 015,Player 082,Team 011,3,2,Away
4,3,Player 082,Team 011,Player 047,Team 015,3,2,Home
4,3,Player 047,Team 015,Player 082,Team 011,2,3,Away
4,3,Player 082,Team 011,Player 046,Team 015,0,3,Home
4,3,Player 046,Team 015,Player 082,Team 011,3,0,Away
4,3,Player 082,Team 011,Player 126,Team 015,3,0,Home
4,3,Player 126,Team 015,Player 082,Team 011,0,3,Away
4,3,Player 021,Team 011,Player 056,Team 015,3,0,Home
4,3,Player 056,Team 015,Player 021,Team 011,0,3,Away
4,3,Player 021,Team 011,Player 047,Team 015,3,0,Home
4,3,Player 047,Team 015,Player 021,Team 011,0,3,Away
4,3,Player 021,Team 011,Player 046,Team 015,2,3,Home
4,3,Player 046,Team 015,Player 021,Team 011,3,2,Away
4,3,Player 021,Team 011,Player 126,Team 015,3,0,Home
4,3,Player 126,Team 015,Player 021,Team 011,0,3,Away
4,4,Player 010,Team 006,Player 028,Team 012,3,2,Home
4,4,Player 028,Team 012,Player 010,Team 006,2,3,Away
4,4,Player 010,Team 006,Player 025,Team 012,2,3,Home
4,4,Player 025,Team 012,Player 010,Team 006,3,2,Away
4,4,Player 010,Team 006,Player 039,Team 012,2,3,Home
4,4,Player 039,Team 012,Player 010,Team 006,3,2,Away
4,4,Player 010,Team 006,Player 083,Team 012,3,0,Home
4,4,Player 083,Team 012,Player 010,Team 006,0,3,Away
4,4,Player 073,Team 006,Player 028,Team 012,0,3,Home
4,4,Player 028,Team 012,Player 073,Team 006,3,0,Away
4,4,Player 073,Team 006,Player 025,Team 012,3,0,Home
4,4,Player 025,Team 012,Player 073,Team 006,0,3,Away
4,4,Player 073,Team 006,Player 039,Team 012,2,3,Home
4,4,Player 039,Team 012,Player 073,Team 006,3,2,Away
4,4,Player 073,Team 006,Player 083,Team 012,1,3,Home
4,4,Player 083,Team 012,Player 073,Team 006,3,1,Away
4,4,Player 032,Team 006,Player 028,Team 012,2,3,Home
4,4,Player 028,Team 012,Player 032,Team 006,3,2,Away
4,4,Player 032,Team 006,Player 025,Team 012,0,3,Home
4,4,Player 025,Team 012,Player 032,Team 006,3,0,Away
4,4,Player 032,Team 006,Player 039,Team 012,0,3,Home
4,4,Player 039,Team 012,Player 032,Team 006,3,0,Away
4,4,Player 032,Team 006,Player 083,Team 012,3,2,Home
4,4,Player 083,Team 012,Player 032,Team 006,2,3,Away
4,4,Player 102,Team 006,Player 028,Team 012,1,3,Home
4,4,Player 028,Team 012,Player 102,Team 006,3,1,Away
4,4,Player 102,Team 006,Player 025,Team 012,0,3,Home
4,4,Player 025,Team 012,Player 102,Team 006,3,0,Away
4,4,Player 102,Team 006,Player 039,Team 012,1,3,Home
4,4,Player 039,Team 012,Player 102,Team 006,3,1,Away
4,4,Player 102,Team 006,Player 083,Team 012,3,2,Home
4,4,Player 083,Team 012,Player 102,Team 006,2,3,Away
4,5,Player 008,Team 003,Player 018,Team 004,3,0,Home
4,5,Player 018,Team 004,Player 008,Team 003,0,3,Away
4,5,Player 008,Team 003,Player 004,Team 004,3,1,Home
4,5,Player 004,Team 004,Player 008,Team 003,1,3,Away
4,5,Player 008,Team 003,Player 017,Team 004,3,1,Home
4,5,Player 017,Team 004,Player 008,Team 003,1,3,Away
4,5,Player 008,Team 003,Player 009,Team 004,2,3,Home
4,5,Player 009,Team 004,Player 008,Team 003,3,2,Away
4,5,Player 067,Team 003,Player 018,Team 004,3,0,Home
4,5,Player 018,Team 004,Player 067,Team 003,0,3,Away
4,5,Player 067,Team 003,Player 004,Team 004,3,0,Home
4,5,Player 004,Team 004,Player 067,Team 003,0,3,Away
4,5,Player 067,Team 003,Player 017,Team 004,3,0,Home
4,5,Player 017,Team 004,Player 067,Team 003,0,3,Away
4,5,Player 067,Team 003,Player 009,Team 004,3,0,Home
4,5,Player 009,Team 004,Player 067,Team 003,0,3,Away
4,5,Player 005,Team 003,Player 018,Team 004,1,3,Home
4,5,Player 018,Team 004,Player 005,Team 003,3,1,Away
4,5,Player 005,Team 003,Player 004,Team 004,3,1,Home
4,5,Player 004,Team 004,Player 005,Team 003,1,3,Away
4,5,Player 005,Team 003,Player 017,Team 004,1,3,Home
4,5,Player 017,Team 004,Player 005,Team 003,3,1,Away
4,5,Player 005,Team 003,Player 009,Team 004,2,3,Home
4,5,Player 009,Team 004,Player 005,Team 003,3,2,Away
4,5,Player 003,Team 003,Player 018,Team 004,3,0,Home
4,5,Player 018,Team 004,Player 003,Team 003,0,3,Away
4,5,Player 003,Team 003,Player 004,Team 004,2,3,Home
4,5,Player 004,Team 004,Player 003,Team 003,3,2,Away
4,5,Player 003,Team 003,Player 017,Team 004,3,1,Home
4,5,Player 017,Team 004,Player 003,Team 003,1,3,Away
4,5,Player 003,Team 003,Player 009,Team 004,0,3,Home
4,5,Player 009,Team 004,Player 003,Team 003,3,0,Away
4,6,Player 061,Team 005,Player 076,Team 001,0,3,Home
4,6,Player 076,Team 001,Player 061,Team 005,3,0,Away
4,6,Player 061,Team 005,Player 101,Team 001,0,3,Home
4,6,Player 101,Team 001,Player 061,Team 005,3,0,Away
4,6,Player 061,Team 005,Player 013,Team 001,0,3,Home
4,6,Player 013,Team 001,Player 061,Team 005,3,0,Away
4,6,Player 061,Team 005,Player 100,Team 001,1,3,Home
4,6,Player 100,Team 001,Player 061,Team 005,3,1,Away
4,6,Player 104,Team 005,Player 076,Team 001,0,3,Home
4,6,Player 076,Team 001,Player 104,Team 005,3,0,Away
4,6,Player 104,Team 005,Player 101,Team 001,0,3,Home
4,6,Player 101,Team 001,Player 104,Team 005,3,0,Away
4,6,Player 104,Team 005,Player 013,Team 001,0,3,Home
4,6,Player 013,Team 001,Player 104,Team 005,3,0,Away
4,6,Player 104,Team 005,Player 100,Team 001,0,3,Home
4,6,Player 100,Team 001,Player 104,Team 005,3,0,Away
4,6,Player 012,Team 005,Player 076,Team 001,2,3,Home
4,6,Player 076,Team 001,Player 012,Team 005,3,2,Away
4,6,Player 012,Team 005,Player 101,Team 001,1,3,Home
4,6,Player 101,Team 001,Player 012,Team 005,3,1,Away
4,6,Player 012,Team 005,Player 013,Team 001,0,3,Home
4,6,Player 013,Team 001,Player 012,Team 005,3,0,Away
4,6,Player 012,Team 005,Player 100,Team 001,0,3,Home
4,6,Player 100,Team 001,Player 012,Team 005,3,0,Away
4,6,Player 006,Team 005,Player 076,Team 001,3,1,Home
4,6,Player 076,Team 001,Player 006,Team 005,1,3,Away
4,6,Player 006,Team 005,Player 101,Team 001,3,0,Home
4,6,Player 101,Team 001,Player 006,Team 005,0,3,Away
4,6,Player 006,Team 005,Player 013,Team 001,3,0,Home
4,6,Player 013,Team 001,Player 006,Team 005,0,3,Away
4,6,Player 006,Team 005,Player 100,Team 001,0,3,Home
4,6,Player 100,Team 001,Player 006,Team 005,3,0,Away
4,7,Player 085,Team 016,Player 026,Team 007,0,3,Home
4,7,Player 026,Team 007,Player 085,Team 016,3,0,Away
4,7,Player 085,Team 016,Player 014,Team 007,0,3,Home
4,7,Player 014,Team 007,Player 085,Team 016,3,0,Away
4,7,Player 085,Team 016,Player 093,Team 007,3,1,Home
4,7,Player 093,Team 007,Player 085,Team 016,1,3,Away
4,7,Player 085,Team 016,Player 098,Team 007,3,0,Home
4,7,Player 098,Team 007,Player 085,Team 016,0,3,Away
4,7,Player 086,Team 016,Player 014,Team 007,0,3,Home
4,7,Player 014,Team 007,Player 086,Team 016,3,0,Away
4,7,Player 086,Team 016,Player 093,Team 007,0,3,Home
4,7,Player 093,Team 007,Player 086,Team 016,3,0,Away
4,7,Player 087,Team 016,Player 026,Team 007,1,3,Home
4,7,Player 026,Team 007,Player 087,Team 016,3,1,Away
4,7,Player 087,Team 016,Player 014,Team 007,0,3,Home
4,7,Player 014,Team 007,Player 087,Team 016,3,0,Away
4,7,Player 087,Team 016,Player 093,Team 007,0,3,Home
4,7,Player 093,Team 007,Player 087,Team 016,3,0,Away
4,7,Player 087,Team 016,Player 098,Team 007,3,0,Home
4,7,Player 098,Team 007,Player 087,Team 016,0,3,Away
4,7,Player 059,Team 016,Player 026,Team 007,0,3,Home
4,7,Player 026,Team 007,Player 059,Team 016,3,0,Away
4,7,Player 059,Team 016,Player 014,Team 007,0,3,Home
4,7,Player 014,Team 007,Player 059,Team 016,3,0,Away
4,7,Player 059,Team 016,Player 093,Team 007,3,0,Home
4,7,Player 093,Team 007,Player 059,Team 016,0,3,Away
4,7,Player 059,Team 016,Player 098,Team 007,3,0,Home
4,7,Player 098,Team 007,Player 059,Team 016,0,3,Away
4,7,Player 057,Team 016,Player 026,Team 007,0,3,Home
4,7,Player 026,Team 007,Player 057,Team 016,3,0,Away
4,7,Player 057,Team 016,Player 098,Team 007,3,0,Home
4,7,Player 098,Team 007,Player 057,Team 016,0,3,Away
4,8,Player 066,Team 013,Player 037,Team 008,3,2,Home
4,8,Player 037,Team 008,Player 066,Team 013,2,3,Away
4,8,Player 066,Team 013,Player 077,Team 008,3,0,Home
4,8,Player 077,Team 008,Player 066,Team 013,0,3,Away
4,8,Player 066,Team 013,Player 016,Team 008,3,0,Home
4,8,Player 016,Team 008,Player 066,Team 013,0,3,Away
4,8,Player 066,Team 013,Player 060,Team 008,3,1,Home
4,8,Player 060,Team 008,Player 066,Team 013,1,3,Away
4,8,Player 052,Team 013,Player 037,Team 008,0,3,Home
4,8,Player 037,Team 008,Player 052,Team 013,3,0,Away
4,8,Player 052,Team 013,Player 077,Team 008,0,3,Home
4,8,Player 077,Team 008,Player 052,Team 013,3,0,Away
4,8,Player 052,Team 013,Player 092,Team 008,3,2,Home
4,8,Player 092,Team 008,Player 052,Team 013,2,3,Away
4,8,Player 052,Team 013,Player 016,Team 008,0,3,Home
4,8,Player 016,Team 008,Player 052,Team 013,3,0,Away
4,8,Player 051,Team 013,Player 037,Team 008,0,3,Home
4,8,Player 037,Team 008,Player 051,Team 013,3,0,Away
4,8,Player 051,Team 013,Player 077,Team 008,0,3,Home
4,8,Player 077,Team 008,Player 051,Team 013,3,0,Away
4,8,Player 051,Team 013,Player 092,Team 008,0,3,Home
4,8,Player 092,Team 008,Player 051,Team 013,3,0,Away
4,8,Player 051,Team 013,Player 016,Team 008,0,3,Home
4,8,Player 016,Team 008,Player 051,Team 013,3,0,Away
4,8,Player 029,Team 013,Player 037,Team 008,0,3,Home
4,8,Player 037,Team 008,Player 029,Team 013,3,0,Away
4,8,Player 029,Team 013,Player 077,Team 008,3,0,Home
4,8,Player 077,Team 008,Player 029,Team 013,0,3,Away
4,8,Player 029,Team 013,Player 016,Team 008,0,3,Home
4,8,Player 016,Team 008,Player 029,Team 013,3,0,Away
4,8,Player 029,Team 013,Player 060,Team 008,3,2,Home
4,8,Player 060,Team 008,Player 029,Team 013,2,3,Away
5,1,Player 063,Team 010,Player 054,Team 002,3,1,Home
5,1,Player 054,Team 002,Player 063,Team 010,1,3,Away
5,1,Player 063,Team 010,Player 002,Team 002,0,3,Home
5,1,Player 002,Team 002,Player 063,Team 010,3,0,Away
5,1,Player 063,Team 010,Player 078,Team 002,0,3,Home
5,1,Player 078,Team 002,Player 063,Team 010,3,0,Away
5,1,Player 063,Team 010,Player 053,Team 002,3,1,Home
5,1,Player 053,Team 002,Player 063,Team 010,1,3,Away
5,1,Player 064,Team 010,Player 054,Team 002,3,1,Home
5,1,Player 054,Team 002,Player 064,Team 010,1,3,Away
5,1,Player 064,Team 010,Player 002,Team 002,0,3,Home
5,1,Player 002,Team 002,Player 064,Team 010,3,0,Away
5,1,Player 064,Team 010,Player 078,Team 002,3,2,Home
5,1,Player 078,Team 002,Player 064,Team 010,2,3,Away
5,1,Player 064,Team 010,Player 053,Team 002,0,3,Home
5,1,Player 053,Team 002,Player 064,Team 010,3,0,Away
5,1,Player 020,Team 010,Player 054,Team 002,3,1,Home
5,1,Player 054,Team 002,Player 020,Team 010,1,3,Away
5,1,Player 020,Team 010,Player 002,Team 002,3,2,Home
5,1,Player 002,Team 002,Player 020,Team 010,2,3,Away
5,1,Player 020,Team 010,Player 078,Team 002,3,0,Home
5,1,Player 078,Team 002,Player 020,Team 010,0,3,Away
5,1,Player 020,Team 010,Player 053,Team 002,3,1,Home
5,1,Player 053,Team 002,Player 020,Team 010,1,3,Away
5,1,Player 024,Team 010,Player 054,Team 002,3,0,Home
5,1,Player 054,Team 002,Player 024,Team 010,0,3,Away
5,1,Player 024,Team 010,Player 002,Team 002,0,3,Home
5,1,Player 002,Team 002,Player 024,Team 010,3,0,Away
5,1,Player 024,Team 010,Player 078,Team 002,3,0,Home
5,1,Player 078,Team 002,Player 024,Team 010,0,3,Away
5,1,Player 024,Team 010,Player 053,Team 002,3,0,Home
5,1,Player 053,Team 002,Player 024,Team 010,0,3,Away
5,2,Player 049,Team 007,Player 033,Team 011,3,1,Home
5,2,Player 033,Team 011,Player 049,Team 007,1,3,Away
5,2,Player 049,Team 007,Player 023,Team 011,0,3,Home
5,2,Player 023,Team 011,Player 049,Team 007,3,0,Away
5,2,Player 049,Team 007,Player 072,Team 011,0,3,Home
5,2,Player 072,Team 011,Player 049,Team 007,3,0,Away
5,2,Player 049,Team 007,(játék nélkül),Team 011,3,0,Home
5,2,(játék nélkül),Team 011,Player 049,Team 007,0,3,Away
5,2,Player 034,Team 007,Player 033,Team 011,3,1,Home
5,2,Player 033,Team 011,Player 034,Team 007,1,3,Away
5,2,Player 034,Team 007,Player 023,Team 011,0,3,Home
5,2,Player 023,Team 011,Player 034,Team 007,3,0,Away
5,2,Player 034,Team 007,Player 072,Team 011,1,3,Home
5,2,Player 072,Team 011,Player 034,Team 007,3,1,Away
5,2,Player 034,Team 007,(játék nélkül),Team 011,3,0,Home
5,2,(játék nélkül),Team 011,Player 034,Team 007,0,3,Away
5,2,Player 026,Team 007,Player 033,Team 011,3,0,Home
5,2,Player 033,Team 011,Player 026,Team 007,0,3,Away
5,2,Player 026,Team 007,Player 023,Team 011,3,0,Home
5,2,Player 023,Team 011,Player 026,Team 007,0,3,Away
5,2,Player 026,Team 007,Player 072,Team 011,2,3,Home
5,2,Player 072,Team 011,Player 026,Team 007,3,2,Away
5,2,Player 026,Team 007,(játék nélkül),Team 011,3,0,Home
5,2,(játék nélkül),Team 011,Player 026,Team 007,0,3,Away
5,2,Player 014,Team 007,Player 033,Team 011,3,0,Home
5,2,Player 033,Team 011,Player 014,Team 007,0,3,Away
5,2,Player 014,Team 007,Player 023,Team 011,3,1,Home
5,2,Player 023,Team 011,Player 014,Team 007,1,3,Away
5,2,Player 014,Team 007,Player 072,Team 011,3,1,Home
5,2,Player 072,Team 011,Player 014,Team 007,1,3,Away
5,2,Player 014,Team 007,(játék nélkül),Team 011,3,0,Home
5,2,(játék nélkül),Team 011,Player 014,Team 007,0,3,Away
5,3,Player 007,Team 001,Player 052,Team 013,3,0,Home
5,3,Player 052,Team 013,Player 007,Team 001,0,3,Away
5,3,Player 007,Team 001,Player 106,Team 013,3,0,Home
5,3,Player 106,Team 013,Player 007,Team 001,0,3,Away
5,3,Player 007,Team 001,Player 029,Team 013,3,0,Home
5,3,Player 029,Team 013,Player 007,Team 001,0,3,Away
5,3,Player 007,Team 001,(játék nélkül),Team 013,3,0,Home
5,3,(játék nélkül),Team 013,Player 007,Team 001,0,3,Away
5,3,Player 076,Team 001,Player 052,Team 013,3,1,Home
5,3,Player 052,Team 013,Player 076,Team 001,1,3,Away
5,3,Player 076,Team 001,Player 106,Team 013,3,0,Home
5,3,Player 106,Team 013,Player 076,Team 001,0,3,Away
5,3,Player 076,Team 001,Player 029,Team 013,3,0,Home
5,3,Player 029,Team 013,Player 076,Team 001,0,3,Away
5,3,Player 076,Team 001,(játék nélkül),Team 013,3,0,Home
5,3,(játék nélkül),Team 013,Player 076,Team 001,0,3,Away
5,3,Player 107,Team 001,Player 052,Team 013,0,3,Home
5,3,Player 052,Team 013,Player 107,Team 001,3,0,Away
5,3,Player 107,Team 001,Player 106,Team 013,1,3,Home
5,3,Player 106,Team 013,Player 107,Team 001,3,1,Away
5,3,Player 107,Team 001,Player 029,Team 013,0,3,Home
5,3,Player 029,Team 013,Player 107,Team 001,3,0,Away
5,3,Player 107,Team 001,(játék nélkül),Team 013,3,0,Home
5,3,(játék nélkül),Team 013,Player 107,Team 001,0,3,Away
5,3,Player 001,Team 001,Player 052,Team 013,3,0,Home
5,3,Player 052,Team 013,Player 001,Team 001,0,3,Away
5,3,Player 001,Team 001,Player 106,Team 013,3,0,Home
5,3,Player 106,Team 013,Player 001,Team 001,0,3,Away
5,3,Player 001,Team 001,Player 029,Team 013,2,3,Home
5,3,Player 029,Team 013,Player 001,Team 001,3,2,Away
5,3,Player 001,Team 001,(játék nélkül),Team 013,3,0,Home
5,3,(játék nélkül),Team 013,Player 001,Team 001,0,3,Away
5,4,Player 048,Team 015,Player 032,Team 006,2,3,Home
5,4,Player 032,Team 006,Player 048,Team 015,3,2,Away
5,4,Player 048,Team 015,Player 102,Team 006,3,1,Home
5,4,Player 102,Team 006,Player 048,Team 015,1,3,Away
5,4,Player 048,Team 015,Player 062,Team 006,3,0,Home
5,4,Player 062,Team 006,Player 048,Team 015,0,3,Away
5,4,Player 048,Team 015,Player 010,Team 006,1,3,Home
5,4,Player 010,Team 006,Player 048,Team 015,3,1,Away
5,4,Player 046,Team 015,Player 032,Team 006,3,1,Home
5,4,Player 032,Team 006,Player 046,Team 015,1,3,Away
5,4,Player 046,Team 015,Player 102,Team 006,3,1,Home
5,4,Player 102,Team 006,Player 046,Team 015,1,3,Away
5,4,Player 046,Team 015,Player 062,Team 006,3,0,Home
5,4,Player 062,Team 006,Player 046,Team 015,0,3,Away
5,4,Player 046,Team 015,Player 010,Team 006,0,3,Home
5,4,Player 010,Team 006,Player 046,Team 015,3,0,Away
5,4,Player 047,Team 015,Player 032,Team 006,3,0,Home
5,4,Player 032,Team 006,Player 047,Team 015,0,3,Away
5,4,Player 047,Team 015,Player 102,Team 006,0,3,Home
5,4,Player 102,Team 006,Player 047,Team 015,3,0,Away
5,4,Player 047,Team 015,Player 062,Team 006,3,0,Home
5,4,Player 062,Team 006,Player 047,Team 015,0,3,Away
5,4,Player 047,Team 015,Player 010,Team 006,0,3,Home
5,4,Player 010,Team 006,Player 047,Team 015,3,0,Away
5,4,Player 056,Team 015,Player 032,Team 006,1,3,Home
5,4,Player 032,Team 006,Player 056,Team 015,3,1,Away
5,4,Player 056,Team 015,Player 102,Team 006,2,3,Home
5,4,Player 102,Team 006,Player 056,Team 015,3,2,Away
5,4,Player 056,Team 015,Player 010,Team 006,0,3,Home
5,4,Player 010,Team 006,Player 056,Team 015,3,0,Away
5,4,Player 056,Team 015,Player 073,Team 006,2,3,Home
5,4,Player 073,Team 006,Player 056,Team 015,3,2,Away
5,5,Player 035,Team 008,Player 079,Team 009,3,0,Home
5,5,Player 079,Team 009,Player 035,Team 008,0,3,Away
5,5,Player 035,Team 008,Player 027,Team 009,2,3,Home
5,5,Player 027,Team 009,Player 035,Team 008,3,2,Away
5,5,Player 035,Team 008,Player 068,Team 009,0,3,Home
5,5,Player 068,Team 009,Player 035,Team 008,3,0,Away
5,5,Player 035,Team 008,Player 058,Team 009,3,1,Home
5,5,Player 058,Team 009,Player 035,Team 008,1,3,Away
5,5,Player 037,Team 008,Player 079,Team 009,3,0,Home
5,5,Player 079,Team 009,Player 037,Team 008,0,3,Away
5,5,Player 037,Team 008,Player 027,Team 009,3,0,Home
5,5,Player 027,Team 009,Player 037,Team 008,0,3,Away
5,5,Player 037,Team 008,Player 068,Team 009,3,1,Home
5,5,Player 068,Team 009,Player 037,Team 008,1,3,Away
5,5,Player 037,Team 008,Player 058,Team 009,3,0,Home
5,5,Player 058,Team 009,Player 037,Team 008,0,3,Away
5,5,Player 036,Team 008,Player 079,Team 009,3,0,Home
5,5,Player 079,Team 009,Player 036,Team 008,0,3,Away
5,5,Player 036,Team 008,Player 027,Team 009,3,0,Home
5,5,Player 027,Team 009,Player 036,Team 008,0,3,Away
5,5,Player 036,Team 008,Player 068,Team 009,1,3,Home
5,5,Player 068,Team 009,Player 036,Team 008,3,1,Away
5,5,Player 036,Team 008,Player 058,Team 009,3,0,Home
5,5,Player 058,Team 009,Player 036,Team 008,0,3,Away
5,5,Player 016,Team 008,Player 079,Team 009,3,0,Home
5,5,Player 079,Team 009,Player 016,Team 008,0,3,Away
5,5,Player 016,Team 008,Player 027,Team 009,1,3,Home
5,5,Player 027,Team 009,Player 016,Team 008,3,1,Away
5,5,Player 016,Team 008,Player 068,Team 009,0,3,Home
5,5,Player 068,Team 009,Player 016,Team 008,3,0,Away
5,5,Player 016,Team 008,Player 058,Team 009,3,0,Home
5,5,Player 058,Team 009,Player 016,Team 008,0,3,Away
5,6,Player 071,Team 014,Player 008,Team 003,3,1,Home
5,6,Player 008,Team 003,Player 071,Team 014,1,3,Away
5,6,Player 071,Team 014,Player 067,Team 003,0,3,Home
5,6,Player 067,Team 003,Player 071,Team 014,3,0,Away
5,6,Player 071,Team 014,Player 003,Team 003,3,1,Home
5,6,Player 003,Team 003,Player 071,Team 014,1,3,Away
5,6,Player 071,Team 014,Player 005,Team 003,3,2,Home
5,6,Player 005,Team 003,Player 071,Team 014,2,3,Away
5,6,Player 070,Team 014,Player 008,Team 003,3,1,Home
5,6,Player 008,Team 003,Player 070,Team 014,1,3,Away
5,6,Player 070,Team 014,Player 067,Team 003,0,3,Home
5,6,Player 067,Team 003,Player 070,Team 014,3,0,Away
5,6,Player 070,Team 014,Player 003,Team 003,3,1,Home
5,6,Player 003,Team 003,Player 070,Team 014,1,3,Away
5,6,Player 070,Team 014,Player 005,Team 003,3,1,Home
5,6,Player 005,Team 003,Player 070,Team 014,1,3,Away
5,6,Player 095,Team 014,Player 008,Team 003,2,3,Home
5,6,Player 008,Team 003,Player 095,Team 014,3,2,Away
5,6,Player 095,Team 014,Player 067,Team 003,3,0,Home
5,6,Player 067,Team 003,Player 095,Team 014,0,3,Away
5,6,Player 095,Team 014,Player 003,Team 003,3,1,Home
5,6,Player 003,Team 003,Player 095,Team 014,1,3,Away
5,6,Player 095,Team 014,Player 005,Team 003,3,0,Home
5,6,Player 005,Team 003,Player 095,Team 014,0,3,Away
5,6,Player 043,Team 014,Player 008,Team 003,0,3,Home
5,6,Player 008,Team 003,Player 043,Team 014,3,0,Away
5,6,Player 043,Team 014,Player 067,Team 003,2,3,Home
5,6,Player 067,Team 003,Player 043,Team 014,3,2,Away
5,6,Player 043,Team 014,Player 003,Team 003,3,0,Home
5,6,Player 003,Team 003,Player 043,Team 014,0,3,Away
5,6,Player 043,Team 014,Player 005,Team 003,2,3,Home
5,6,Player 005,Team 003,Player 043,Team 014,3,2,Away
5,7,Player 028,Team 012,Player 006,Team 005,0,3,Home
5,7,Player 006,Team 005,Player 028,Team 012,3,0,Away
5,7,Player 028,Team 012,Player 038,Team 005,3,0,Home
5,7,Player 038,Team 005,Player 028,Team 012,0,3,Away
5,7,Player 028,Team 012,Player 012,Team 005,2,3,Home
5,7,Player 012,Team 005,Player 028,Team 012,3,2,Away
5,7,Player 028,Team 012,Player 091,Team 005,3,0,Home
5,7,Player 091,Team 005,Player 028,Team 012,0,3,Away
5,7,Player 025,Team 012,Player 006,Team 005,1,3,Home
5,7,Player 006,Team 005,Player 025,Team 012,3,1,Away
5,7,Player 025,Team 012,Player 038,Team 005,3,1,Home
5,7,Player 038,Team 005,Player 025,Team 012,1,3,Away
5,7,Player 025,Team 012,Player 012,Team 005,0,3,Home
5,7,Player 012,Team 005,Player 025,Team 012,3,0,Away
5,7,Player 025,Team 012,Player 091,Team 005,3,0,Home
5,7,Player 091,Team 005,Player 025,Team 012,0,3,Away
5,7,Player 039,Team 012,Player 006,Team 005,0,3,Home
5,7,Player 006,Team 005,Player 039,Team 012,3,0,Away
5,7,Player 039,Team 012,Player 038,Team 005,3,1,Home
5,7,Player 038,Team 005,Player 039,Team 012,1,3,Away
5,7,Player 039,Team 012,Player 012,Team 005,3,2,Home
5,7,Player 012,Team 005,Player 039,Team 012,2,3,Away
5,7,Player 039,Team 012,Player 091,Team 005,3,0,Home
5,7,Player 091,Team 005,Player 039,Team 012,0,3,Away
5,7,Player 083,Team 012,Player 006,Team 005,1,3,Home
5,7,Player 006,Team 005,Player 083,Team 012,3,1,Away
5,7,Player 083,Team 012,Player 038,Team 005,3,0,Home
5,7,Player 038,Team 005,Player 083,Team 012,0,3,Away
5,7,Player 083,Team 012,Player 012,Team 005,0,3,Home
5,7,Player 012,Team 005,Player 083,Team 012,3,0,Away
5,7,Player 083,Team 012,Player 091,Team 005,3,2,Home
5,7,Player 091,Team 005,Player 083,Team 012,2,3,Away
5,8,Player 004,Team 004,Player 085,Team 016,3,0,Home
5,8,Player 085,Team 016,Player 004,Team 004,0,3,Away
5,8,Player 004,Team 004,Player 105,Team 016,3,0,Home
5,8,Player 105,Team 016,Player 004,Team 004,0,3,Away
5,8,Player 004,Team 004,Player 057,Team 016,3,0,Home
5,8,Player 057,Team 016,Player 004,Team 004,0,3,Away
5,8,Player 004,Team 004,Player 086,Team 016,3,0,Home
5,8,Player 086,Team 016,Player 004,Team 004,0,3,Away
5,8,Player 075,Team 004,Player 085,Team 016,3,0,Home
5,8,Player 085,Team 016,Player 075,Team 004,0,3,Away
5,8,Player 075,Team 004,Player 105,Team 016,3,1,Home
5,8,Player 105,Team 016,Player 075,Team 004,1,3,Away
5,8,Player 075,Team 004,Player 057,Team 016,3,1,Home
5,8,Player 057,Team 016,Player 075,Team 004,1,3,Away
5,8,Player 075,Team 004,Player 086,Team 016,3,1,Home
5,8,Player 086,Team 016,Player 075,Team 004,1,3,Away
5,8,Player 017,Team 004,Player 085,Team 016,3,1,Home
5,8,Player 085,Team 016,Player 017,Team 004,1,3,Away
5,8,Player 017,Team 004,Player 105,Team 016,2,3,Home
5,8,Player 105,Team 016,Player 017,Team 004,3,2,Away
5,8,Player 017,Team 004,Player 057,Team 016,3,1,Home
5,8,Player 057,Team 016,Player 017,Team 004,1,3,Away
5,8,Player 017,Team 004,Player 086,Team 016,3,1,Home
5,8,Player 086,Team 016,Player 017,Team 004,1,3,Away
5,8,Player 009,Team 004,Player 085,Team 016,3,0,Home
5,8,Player 085,Team 016,Player 009,Team 004,0,3,Away
5,8,Player 009,Team 004,Player 105,Team 016,3,0,Home
5,8,Player 105,Team 016,Player 009,Team 004,0,3,Away
5,8,Player 009,Team 004,Player 057,Team 016,3,1,Home
5,8,Player 057,Team 016,Player 009,Team 004,1,3,Away
5,8,Player 009,Team 004,Player 086,Team 016,3,0,Home
5,8,Player 086,Team 016,Player 009,Team 004,0,3,Away
6,1,Player 125,Team 003,Player 063,Team 010,3,0,Home
6,1,Player 063,Team 010,Player 125,Team 003,0,3,Away
6,1,Player 125,Team 003,Player 103,Team 010,3,1,Home
6,1,Player 103,Team 010,Player 125,Team 003,1,3,Away
6,1,Player 125,Team 003,Player 089,Team 010,3,1,Home
6,1,Player 089,Team 010,Player 125,Team 003,1,3,Away
6,1,Player 125,Team 003,Player 064,Team 010,3,0,Home
6,1,Player 064,Team 010,Player 125,Team 003,0,3,Away
6,1,Player 067,Team 003,Player 063,Team 010,3,0,Home
6,1,Player 063,Team 010,Player 067,Team 003,0,3,Away
6,1,Player 067,Team 003,Player 103,Team 010,3,0,Home
6,1,Player 103,Team 010,Player 067,Team 003,0,3,Away
6,1,Player 067,Team 003,Player 089,Team 010,3,1,Home
6,1,Player 089,Team 010,Player 067,Team 003,1,3,Away
6,1,Player 067,Team 003,Player 064,Team 010,3,0,Home
6,1,Player 064,Team 010,Player 067,Team 003,0,3,Away
6,1,Player 008,Team 003,Player 063,Team 010,3,0,Home
6,1,Player 063,Team 010,Player 008,Team 003,0,3,Away
6,1,Player 008,Team 003,Player 103,Team 010,3,0,Home
6,1,Player 103,Team 010,Player 008,Team 003,0,3,Away
6,1,Player 008,Team 003,Player 089,Team 010,1,3,Home
6,1,Player 089,Team 010,Player 008,Team 003,3,1,Away
6,1,Player 008,Team 003,Player 064,Team 010,3,0,Home
6,1,Player 064,Team 010,Player 008,Team 003,0,3,Away
6,1,Player 005,Team 003,Player 063,Team 010,3,0,Home
6,1,Player 063,Team 010,Player 005,Team 003,0,3,Away
6,1,Player 005,Team 003,Player 103,Team 010,3,0,Home
6,1,Player 103,Team 010,Player 005,Team 003,0,3,Away
6,1,Player 005,Team 003,Player 089,Team 010,1,3,Home
6,1,Player 089,Team 010,Player 005,Team 003,3,1,Away
6,1,Player 005,Team 003,Player 064,Team 010,0,3,Home
6,1,Player 064,Team 010,Player 005,Team 003,3,0,Away
6,2,Player 053,Team 002,Player 108,Team 008,0,3,Home
6,2,Player 108,Team 008,Player 053,Team 002,3,0,Away
6,2,Player 053,Team 002,Player 037,Team 008,0,3,Home
6,2,Player 037,Team 008,Player 053,Team 002,3,0,Away
6,2,Player 053,Team 002,Player 016,Team 008,1,3,Home
6,2,Player 016,Team 008,Player 053,Team 002,3,1,Away
6,2,Player 053,Team 002,Player 036,Team 008,1,3,Home
6,2,Player 036,Team 008,Player 053,Team 002,3,1,Away
6,2,Player 074,Team 002,Player 037,Team 008,0,3,Home
6,2,Player 037,Team 008,Player 074,Team 002,3,0,Away
6,2,Player 074,Team 002,Player 016,Team 008,0,3,Home
6,2,Player 016,Team 008,Player 074,Team 002,3,0,Away
6,2,Player 074,Team 002,Player 036,Team 008,0,3,Home
6,2,Player 036,Team 008,Player 074,Team 002,3,0,Away
6,2,Player 074,Team 002,Player 035,Team 008,1,3,Home
6,2,Player 035,Team 008,Player 074,Team 002,3,1,Away
6,2,Player 041,Team 002,Player 016,Team 008,0,3,Home
6,2,Player 016,Team 008,Player 041,Team 002,3,0,Away
6,2,Player 041,Team 002,Player 036,Team 008,1,3,Home
6,2,Player 036,Team 008,Player 041,Team 002,3,1,Away
6,2,Player 041,Team 002,Player 035,Team 008,3,1,Home
6,2,Player 035,Team 008,Player 041,Team 002,1,3,Away
6,2,Player 002,Team 002,Player 037,Team 008,3,1,Home
6,2,Player 037,Team 008,Player 002,Team 002,1,3,Away
6,2,Player 002,Team 002,Player 016,Team 008,3,1,Home
6,2,Player 016,Team 008,Player 002,Team 002,1,3,Away
6,2,Player 002,Team 002,Player 036,Team 008,3,2,Home
6,2,Player 036,Team 008,Player 002,Team 002,2,3,Away
6,2,Player 002,Team 002,Player 035,Team 008,3,0,Home
6,2,Player 035,Team 008,Player 002,Team 002,0,3,Away
6,2,Player 099,Team 002,Player 037,Team 008,0,3,Home
6,2,Player 037,Team 008,Player 099,Team 002,3,0,Away
6,3,Player 022,Team 011,Player 075,Team 004,3,0,Home
6,3,Player 075,Team 004,Player 022,Team 011,0,3,Away
6,3,Player 022,Team 011,Player 017,Team 004,3,1,Home
6,3,Player 017,Team 004,Player 022,Team 011,1,3,Away
6,3,Player 022,Team 011,Player 004,Team 004,3,2,Home
6,3,Player 004,Team 004,Player 022,Team 011,2,3,Away
6,3,Player 022,Team 011,Player 009,Team 004,1,3,Home
6,3,Player 009,Team 004,Player 022,Team 011,3,1,Away
6,3,Player 072,Team 011,Player 075,Team 004,3,0,Home
6,3,Player 075,Team 004,Player 072,Team 011,0,3,Away
6,3,Player 072,Team 011,Player 017,Team 004,3,2,Home
6,3,Player 017,Team 004,Player 072,Team 011,2,3,Away
6,3,Player 072,Team 011,Player 004,Team 004,3,1,Home
6,3,Player 004,Team 004,Player 072,Team 011,1,3,Away
6,3,Player 072,Team 011,Player 009,Team 004,3,2,Home
6,3,Player 009,Team 004,Player 072,Team 011,2,3,Away
6,3,Player 021,Team 011,Player 075,Team 004,3,1,Home
6,3,Player 075,Team 004,Player 021,Team 011,1,3,Away
6,3,Player 021,Team 011,Player 017,Team 004,3,2,Home
6,3,Player 017,Team 004,Player 021,Team 011,2,3,Away
6,3,Player 021,Team 011,Player 004,Team 004,0,3,Home
6,3,Player 004,Team 004,Player 021,Team 011,3,0,Away
6,3,Player 021,Team 011,Player 009,Team 004,3,0,Home
6,3,Player 009,Team 004,Player 021,Team 011,0,3,Away
6,3,Player 023,Team 011,Player 075,Team 004,3,2,Home
6,3,Player 075,Team 004,Player 023,Team 011,2,3,Away
6,3,Player 023,Team 011,Player 017,Team 004,3,1,Home
6,3,Player 017,Team 004,Player 023,Team 011,1,3,Away
6,3,Player 023,Team 011,Player 004,Team 004,0,3,Home
6,3,Player 004,Team 004,Player 023,Team 011,3,0,Away
6,3,Player 023,Team 011,Player 009,Team 004,3,0,Home
6,3,Player 009,Team 004,Player 023,Team 011,0,3,Away
6,4,Player 014,Team 007,Player 048,Team 015,3,1,Home
6,4,Player 048,Team 015,Player 014,Team 007,1,3,Away
6,4,Player 014,Team 007,Player 047,Team 015,3,0,Home
6,4,Player 047,Team 015,Player 014,Team 007,0,3,Away
6,4,Player 014,Team 007,Player 046,Team 015,3,1,Home
6,4,Player 046,Team 015,Player 014,Team 007,1,3,Away
6,4,Player 014,Team 007,Player 056,Team 015,3,0,Home
6,4,Player 056,Team 015,Player 014,Team 007,0,3,Away
6,4,Player 026,Team 007,Player 048,Team 015,3,0,Home
6,4,Player 048,Team 015,Player 026,Team 007,0,3,Away
6,4,Player 026,Team 007,Player 047,Team 015,3,0,Home
6,4,Player 047,Team 015,Player 026,Team 007,0,3,Away
6,4,Player 026,Team 007,Player 046,Team 015,3,1,Home
6,4,Player 046,Team 015,Player 026,Team 007,1,3,Away
6,4,Player 026,Team 007,Player 056,Team 015,3,1,Home
6,4,Player 056,Team 015,Player 026,Team 007,1,3,Away
6,4,Player 034,Team 007,Player 048,Team 015,3,0,Home
6,4,Player 048,Team 015,Player 034,Team 007,0,3,Away
6,4,Player 034,Team 007,Player 047,Team 015,3,1,Home
6,4,Player 047,Team 015,Player 034,Team 007,1,3,Away
6,4,Player 034,Team 007,Player 046,Team 015,3,0,Home
6,4,Player 046,Team 015,Player 034,Team 007,0,3,Away
6,4,Player 034,Team 007,Player 056,Team 015,3,0,Home
6,4,Player 056,Team 015,Player 034,Team 007,0,3,Away
6,4,Player 093,Team 007,Player 048,Team 015,0,3,Home
6,4,Player 048,Team 015,Player 093,Team 007,3,0,Away
6,4,Player 093,Team 007,Player 056,Team 015,3,1,Home
6,4,Player 056,Team 015,Player 093,Team 007,1,3,Away
6,4,Player 088,Team 007,Player 047,Team 015,0,3,Home
6,4,Player 047,Team 015,Player 088,Team 007,3,0,Away
6,4,Player 088,Team 007,Player 046,Team 015,0,3,Home
6,4,Player 046,Team 015,Player 088,Team 007,3,0,Away
6,5,Player 079,Team 009,Player 007,Team 001,0,3,Home
6,5,Player 007,Team 001,Player 079,Team 009,3,0,Away
6,5,Player 079,Team 009,Player 100,Team 001,0,3,Home
6,5,Player 100,Team 001,Player 079,Team 009,3,0,Away
6,5,Player 079,Team 009,Player 069,Team 001,0,3,Home
6,5,Player 069,Team 001,Player 079,Team 009,3,0,Away
6,5,Player 079,Team 009,Player 013,Team 001,1,3,Home
6,5,Player 013,Team 001,Player 079,Team 009,3,1,Away
6,5,Player 029,Team 009,Player 007,Team 001,0,3,Home
6,5,Player 007,Team 001,Player 029,Team 009,3,0,Away
6,5,Player 029,Team 009,Player 100,Team 001,0,3,Home
6,5,Player 100,Team 001,Player 029,Team 009,3,0,Away
6,5,Player 029,Team 009,Player 069,Team 001,0,3,Home
6,5,Player 069,Team 001,Player 029,Team 009,3,0,Away
6,5,Player 029,Team 009,Player 013,Team 001,0,3,Home
6,5,Player 013,Team 001,Player 029,Team 009,3,0,Away
6,5,Player 080,Team 009,Player 007,Team 001,0,3,Home
6,5,Player 007,Team 001,Player 080,Team 009,3,0,Away
6,5,Player 080,Team 009,Player 100,Team 001,0,3,Home
6,5,Player 100,Team 001,Player 080,Team 009,3,0,Away
6,5,Player 080,Team 009,Player 069,Team 001,0,3,Home
6,5,Player 069,Team 001,Player 080,Team 009,3,0,Away
6,5,Player 080,Team 009,Player 013,Team 001,0,3,Home
6,5,Player 013,Team 001,Player 080,Team 009,3,0,Away
6,5,Player 068,Team 009,Player 007,Team 001,0,3,Home
6,5,Player 007,Team 001,Player 068,Team 009,3,0,Away
6,5,Player 068,Team 009,Player 100,Team 001,1,3,Home
6,5,Player 100,Team 001,Player 068,Team 009,3,1,Away
6,5,Player 068,Team 009,Player 069,Team 001,0,3,Home
6,5,Player 069,Team 001,Player 068,Team 009,3,0,Away
6,5,Player 068,Team 009,Player 013,Team 001,1,3,Home
6,5,Player 013,Team 001,Player 068,Team 009,3,1,Away
6,6,Player 110,Team 005,Player 032,Team 006,0,3,Home
6,6,Player 032,Team 006,Player 110,Team 005,3,0,Away
6,6,Player 110,Team 005,Player 102,Team 006,0,3,Home
6,6,Player 102,Team 006,Player 110,Team 005,3,0,Away
6,6,Player 061,Team 005,Player 032,Team 006,0,3,Home
6,6,Player 032,Team 006,Player 061,Team 005,3,0,Away
6,6,Player 061,Team 005,Player 102,Team 006,0,3,Home
6,6,Player 102,Team 006,Player 061,Team 005,3,0,Away
6,6,Player 061,Team 005,Player 010,Team 006,0,3,Home
6,6,Player 010,Team 006,Player 061,Team 005,3,0,Away
6,6,Player 061,Team 005,Player 073,Team 006,2,3,Home
6,6,Player 073,Team 006,Player 061,Team 005,3,2,Away
6,6,Player 012,Team 005,Player 032,Team 006,3,1,Home
6,6,Player 032,Team 006,Player 012,Team 005,1,3,Away
6,6,Player 012,Team 005,Player 102,Team 006,3,1,Home
6,6,Player 102,Team 006,Player 012,Team 005,1,3,Away
6,6,Player 012,Team 005,Player 010,Team 006,2,3,Home
6,6,Player 010,Team 006,Player 012,Team 005,3,2,Away
6,6,Player 012,Team 005,Player 073,Team 006,3,0,Home
6,6,Player 073,Team 006,Player 012,Team 005,0,3,Away
6,6,Player 006,Team 005,Player 032,Team 006,3,0,Home
6,6,Player 032,Team 006,Player 006,Team 005,0,3,Away
6,6,Player 006,Team 005,Player 102,Team 006,3,1,Home
6,6,Player 102,Team 006,Player 006,Team 005,1,3,Away
6,6,Player 006,Team 005,Player 010,Team 006,3,1,Home
6,6,Player 010,Team 006,Player 006,Team 005,1,3,Away
6,6,Player 006,Team 005,Player 073,Team 006,3,0,Home
6,6,Player 073,Team 006,Player 006,Team 005,0,3,Away
6,6,Player 038,Team 005,Player 010,Team 006,0,3,Home
6,6,Player 010,Team 006,Player 038,Team 005,3,0,Away
6,6,Player 038,Team 005,Player 073,Team 006,1,3,Home
6,6,Player 073,Team 006,Player 038,Team 005,3,1,Away
6,7,Player 085,Team 016,Player 031,Team 014,1,3,Home
6,7,Player 031,Team 014,Player 085,Team 016,3,1,Away
6,7,Player 085,Team 016,Player 044,Team 014,1,3,Home
6,7,Player 044,Team 014,Player 085,Team 016,3,1,Away
6,7,Player 085,Team 016,Player 084,Team 014,0,3,Home
6,7,Player 084,Team 014,Player 085,Team 016,3,0,Away
6,7,Player 085,Team 016,Player 071,Team 014,0,3,Home
6,7,Player 071,Team 014,Player 085,Team 016,3,0,Away
6,7,Player 087,Team 016,Player 031,Team 014,2,3,Home
6,7,Player 031,Team 014,Player 087,Team 016,3,2,Away
6,7,Player 087,Team 016,Player 044,Team 014,1,3,Home
6,7,Player 044,Team 014,Player 087,Team 016,3,1,Away
6,7,Player 087,Team 016,Player 084,Team 014,2,3,Home
6,7,Player 084,Team 014,Player 087,Team 016,3,2,Away
6,7,Player 087,Team 016,Player 071,Team 014,1,3,Home
6,7,Player 071,Team 014,Player 087,Team 016,3,1,Away
6,7,Player 105,Team 016,Player 031,Team 014,0,3,Home
6,7,Player 031,Team 014,Player 105,Team 016,3,0,Away
6,7,Player 105,Team 016,Player 044,Team 014,0,3,Home
6,7,Player 044,Team 014,Player 105,Team 016,3,0,Away
6,7,Player 105,Team 016,Player 084,Team 014,2,3,Home
6,7,Player 084,Team 014,Player 105,Team 016,3,2,Away
6,7,Player 105,Team 016,Player 071,Team 014,1,3,Home
6,7,Player 071,Team 014,Player 105,Team 016,3,1,Away
6,7,Player 059,Team 016,Player 031,Team 014,1,3,Home
6,7,Player 031,Team 014,Player 059,Team 016,3,1,Away
6,7,Player 059,Team 016,Player 044,Team 014,2,3,Home
6,7,Player 044,Team 014,Player 059,Team 016,3,2,Away
6,7,Player 059,Team 016,Player 084,Team 014,2,3,Home
6,7,Player 084,Team 014,Player 059,Team 016,3,2,Away
6,7,Player 059,Team 016,Player 071,Team 014,0,3,Home
6,7,Player 071,Team 014,Player 059,Team 016,3,0,Away
6,8,Player 029,Team 013,Player 028,Team 012,1,3,Home
6,8,Player 028,Team 012,Player 029,Team 013,3,1,Away
6,8,Player 029,Team 013,Player 039,Team 012,3,1,Home
6,8,Player 039,Team 012,Player 029,Team 013,1,3,Away
6,8,Player 029,Team 013,Player 109,Team 012,3,1,Home
6,8,Player 109,Team 012,Player 029,Team 013,1,3,Away
6,8,Player 029,Team 013,Player 083,Team 012,3,1,Home
6,8,Player 083,Team 012,Player 029,Team 013,1,3,Away
6,8,Player 052,Team 013,Player 028,Team 012,1,3,Home
6,8,Player 028,Team 012,Player 052,Team 013,3,1,Away
6,8,Player 052,Team 013,Player 039,Team 012,3,2,Home
6,8,Player 039,Team 012,Player 052,Team 013,2,3,Away
6,8,Player 052,Team 013,Player 109,Team 012,3,0,Home
6,8,Player 109,Team 012,Player 052,Team 013,0,3,Away
6,8,Player 052,Team 013,Player 083,Team 012,3,1,Home
6,8,Player 083,Team 012,Player 052,Team 013,1,3,Away
6,8,Player 051,Team 013,Player 028,Team 012,0,3,Home
6,8,Player 028,Team 012,Player 051,Team 013,3,0,Away
6,8,Player 051,Team 013,Player 039,Team 012,0,3,Home
6,8,Player 039,Team 012,Player 051,Team 013,3,0,Away
6,8,Player 051,Team 013,Player 109,Team 012,0,3,Home
6,8,Player 109,Team 012,Player 051,Team 013,3,0,Away
6,8,Player 051,Team 013,Player 083,Team 012,0,3,Home
6,8,Player 083,Team 012,Player 051,Team 013,3,0,Away
6,8,(játék nélkül),Team 013,Player 028,Team 012,0,3,Home
6,8,Player 028,Team 012,(játék nélkül),Team 013,3,0,Away
6,8,(játék nélkül),Team 013,Player 039,Team 012,0,3,Home
6,8,Player 039,Team 012,(játék nélkül),Team 013,3,0,Away
6,8,(játék nélkül),Team 013,Player 109,Team 012,0,3,Home
6,8,Player 109,Team 012,(játék nélkül),Team 013,3,0,Away
6,8,(játék nélkül),Team 013,Player 083,Team 012,0,3,Home
6,8,Player 083,Team 012,(játék nélkül),Team 013,3,0,Away
7,1,Player 103,Team 010,Player 057,Team 016,0,3,Home
7,1,Player 057,Team 016,Player 103,Team 010,3,0,Away
7,1,Player 103,Team 010,Player 085,Team 016,3,2,Home
7,1,Player 085,Team 016,Player 103,Team 010,2,3,Away
7,1,Player 103,Team 010,Player 086,Team 016,3,1,Home
7,1,Player 086,Team 016,Player 103,Team 010,1,3,Away
7,1,Player 103,Team 010,Player 087,Team 016,0,3,Home
7,1,Player 087,Team 016,Player 103,Team 010,3,0,Away
7,1,Player 064,Team 010,Player 057,Team 016,0,3,Home
7,1,Player 057,Team 016,Player 064,Team 010,3,0,Away
7,1,Player 064,Team 010,Player 085,Team 016,1,3,Home
7,1,Player 085,Team 016,Player 064,Team 010,3,1,Away
7,1,Player 064,Team 010,Player 086,Team 016,1,3,Home
7,1,Player 086,Team 016,Player 064,Team 010,3,1,Away
7,1,Player 064,Team 010,Player 087,Team 016,2,3,Home
7,1,Player 087,Team 016,Player 064,Team 010,3,2,Away
7,1,Player 020,Team 010,Player 057,Team 016,3,1,Home
7,1,Player 057,Team 016,Player 020,Team 010,1,3,Away
7,1,Player 020,Team 010,Player 085,Team 016,3,1,Home
7,1,Player 085,Team 016,Player 020,Team 010,1,3,Away
7,1,Player 020,Team 010,Player 086,Team 016,3,0,Home
7,1,Player 086,Team 016,Player 020,Team 010,0,3,Away
7,1,Player 020,Team 010,Player 087,Team 016,3,0,Home
7,1,Player 087,Team 016,Player 020,Team 010,0,3,Away
7,1,Player 024,Team 010,Player 057,Team 016,3,2,Home
7,1,Player 057,Team 016,Player 024,Team 010,2,3,Away
7,1,Player 024,Team 010,Player 085,Team 016,3,0,Home
7,1,Player 085,Team 016,Player 024,Team 010,0,3,Away
7,1,Player 024,Team 010,Player 086,Team 016,3,0,Home
7,1,Player 086,Team 016,Player 024,Team 010,0,3,Away
7,1,Player 024,Team 010,Player 087,Team 016,3,0,Home
7,1,Player 087,Team 016,Player 024,Team 010,0,3,Away
7,2,Player 076,Team 001,Player 002,Team 002,1,3,Home
7,2,Player 002,Team 002,Player 076,Team 001,3,1,Away
7,2,Player 076,Team 001,Player 074,Team 002,3,0,Home
7,2,Player 074,Team 002,Player 076,Team 001,0,3,Away
7,2,Player 076,Team 001,Player 053,Team 002,3,0,Home
7,2,Player 053,Team 002,Player 076,Team 001,0,3,Away
7,2,Player 076,Team 001,Player 099,Team 002,3,0,Home
7,2,Player 099,Team 002,Player 076,Team 001,0,3,Away
7,2,Player 107,Team 001,Player 002,Team 002,0,3,Home
7,2,Player 002,Team 002,Player 107,Team 001,3,0,Away
7,2,Player 107,Team 001,Player 074,Team 002,1,3,Home
7,2,Player 074,Team 002,Player 107,Team 001,3,1,Away
7,2,Player 107,Team 001,Player 053,Team 002,3,0,Home
7,2,Player 053,Team 002,Player 107,Team 001,0,3,Away
7,2,Player 107,Team 001,Player 099,Team 002,3,2,Home
7,2,Player 099,Team 002,Player 107,Team 001,2,3,Away
7,2,Player 101,Team 001,Player 002,Team 002,0,3,Home
7,2,Player 002,Team 002,Player 101,Team 001,3,0,Away
7,2,Player 101,Team 001,Player 074,Team 002,3,1,Home
7,2,Player 074,Team 002,Player 101,Team 001,1,3,Away
7,2,Player 101,Team 001,Player 053,Team 002,3,0,Home
7,2,Player 053,Team 002,Player 101,Team 001,0,3,Away
7,2,Player 101,Team 001,Player 099,Team 002,3,0,Home
7,2,Player 099,Team 002,Player 101,Team 001,0,3,Away
7,2,Player 050,Team 001,Player 002,Team 002,0,3,Home
7,2,Player 002,Team 002,Player 050,Team 001,3,0,Away
7,2,Player 050,Team 001,Player 074,Team 002,3,0,Home
7,2,Player 074,Team 002,Player 050,Team 001,0,3,Away
7,2,Player 050,Team 001,Player 053,Team 002,3,1,Home
7,2,Player 053,Team 002,Player 050,Team 001,1,3,Away
7,2,Player 050,Team 001,Player 099,Team 002,3,0,Home
7,2,Player 099,Team 002,Player 050,Team 001,0,3,Away
7,3,Player 017,Team 004,Player 014,Team 007,3,2,Home
7,3,Player 014,Team 007,Player 017,Team 004,2,3,Away
7,3,Player 017,Team 004,Player 034,Team 007,3,0,Home
7,3,Player 034,Team 007,Player 017,Team 004,0,3,Away
7,3,Player 017,Team 004,Player 026,Team 007,3,0,Home
7,3,Player 026,Team 007,Player 017,Team 004,0,3,Away
7,3,Player 017,Team 004,Player 088,Team 007,3,0,Home
7,3,Player 088,Team 007,Player 017,Team 004,0,3,Away
7,3,Player 018,Team 004,Player 014,Team 007,0,3,Home
7,3,Player 014,Team 007,Player 018,Team 004,3,0,Away
7,3,Player 018,Team 004,Player 034,Team 007,2,3,Home
7,3,Player 034,Team 007,Player 018,Team 004,3,2,Away
7,3,Player 018,Team 004,Player 026,Team 007,0,3,Home
7,3,Player 026,Team 007,Player 018,Team 004,3,0,Away
7,3,Player 018,Team 004,Player 088,Team 007,3,0,Home
7,3,Player 088,Team 007,Player 018,Team 004,0,3,Away
7,3,Player 075,Team 004,Player 014,Team 007,0,3,Home
7,3,Player 014,Team 007,Player 075,Team 004,3,0,Away
7,3,Player 075,Team 004,Player 034,Team 007,2,3,Home
7,3,Player 034,Team 007,Player 075,Team 004,3,2,Away
7,3,Player 075,Team 004,Player 026,Team 007,1,3,Home
7,3,Player 026,Team 007,Player 075,Team 004,3,1,Away
7,3,Player 075,Team 004,Player 049,Team 007,3,2,Home
7,3,Player 049,Team 007,Player 075,Team 004,2,3,Away
7,3,Player 009,Team 004,Player 014,Team 007,1,3,Home
7,3,Player 014,Team 007,Player 009,Team 004,3,1,Away
7,3,Player 009,Team 004,Player 034,Team 007,3,0,Home
7,3,Player 034,Team 007,Player 009,Team 004,0,3,Away
7,3,Player 009,Team 004,Player 026,Team 007,3,1,Home
7,3,Player 026,Team 007,Player 009,Team 004,1,3,Away
7,3,Player 009,Team 004,Player 049,Team 007,3,0,Home
7,3,Player 049,Team 007,Player 009,Team 004,0,3,Away
7,4,Player 109,Team 012,Player 079,Team 009,0,3,Home
7,4,Player 079,Team 009,Player 109,Team 012,3,0,Away
7,4,Player 025,Team 012,Player 079,Team 009,3,0,Home
7,4,Player 079,Team 009,Player 025,Team 012,0,3,Away
7,4,Player 025,Team 012,Player 068,Team 009,0,3,Home
7,4,Player 068,Team 009,Player 025,Team 012,3,0,Away
7,4,Player 025,Team 012,Player 045,Team 009,3,0,Home
7,4,Player 045,Team 009,Player 025,Team 012,0,3,Away
7,4,Player 025,Team 012,Player 027,Team 009,3,0,Home
7,4,Player 027,Team 009,Player 025,Team 012,0,3,Away
7,4,Player 039,Team 012,Player 079,Team 009,3,1,Home
7,4,Player 079,Team 009,Player 039,Team 012,1,3,Away
7,4,Player 039,Team 012,Player 068,Team 009,0,3,Home
7,4,Player 068,Team 009,Player 039,Team 012,3,0,Away
7,4,Player 039,Team 012,Player 045,Team 009,3,0,Home
7,4,Player 045,Team 009,Player 039,Team 012,0,3,Away
7,4,Player 039,Team 012,Player 019,Team 009,0,3,Home
7,4,Player 019,Team 009,Player 039,Team 012,3,0,Away
7,4,Player 028,Team 012,Player 079,Team 009,3,0,Home
7,4,Player 079,Team 009,Player 028,Team 012,0,3,Away
7,4,Player 028,Team 012,Player 068,Team 009,1,3,Home
7,4,Player 068,Team 009,Player 028,Team 012,3,1,Away
7,4,Player 028,Team 012,Player 045,Team 009,3,0,Home
7,4,Player 045,Team 009,Player 028,Team 012,0,3,Away
7,4,Player 028,Team 012,Player 019,Team 009,3,2,Home
7,4,Player 019,Team 009,Player 028,Team 012,2,3,Away
7,4,Player 083,Team 012,Player 068,Team 009,1,3,Home
7,4,Player 068,Team 009,Player 083,Team 012,3,1,Away
7,4,Player 083,Team 012,Player 045,Team 009,3,0,Home
7,4,Player 045,Team 009,Player 083,Team 012,0,3,Away
7,4,Player 083,Team 012,Player 027,Team 009,3,1,Home
7,4,Player 027,Team 009,Player 083,Team 012,1,3,Away
7,5,Player 032,Team 006,Player 052,Team 013,3,2,Home
7,5,Player 052,Team 013,Player 032,Team 006,2,3,Away
7,5,Player 032,Team 006,Player 051,Team 013,3,1,Home
7,5,Player 051,Team 013,Player 032,Team 006,1,3,Away
7,5,Player 032,Team 006,Player 029,Team 013,0,3,Home
7,5,Player 029,Team 013,Player 032,Team 006,3,0,Away
7,5,Player 032,Team 006,(játék nélkül),Team 013,3,0,Home
7,5,(játék nélkül),Team 013,Player 032,Team 006,0,3,Away
7,5,Player 010,Team 006,Player 052,Team 013,3,0,Home
7,5,Player 052,Team 013,Player 010,Team 006,0,3,Away
7,5,Player 010,Team 006,Player 051,Team 013,3,0,Home
7,5,Player 051,Team 013,Player 010,Team 006,0,3,Away
7,5,Player 010,Team 006,Player 029,Team 013,2,3,Home
7,5,Player 029,Team 013,Player 010,Team 006,3,2,Away
7,5,Player 010,Team 006,(játék nélkül),Team 013,3,0,Home
7,5,(játék nélkül),Team 013,Player 010,Team 006,0,3,Away
7,5,Player 102,Team 006,Player 052,Team 013,1,3,Home
7,5,Player 052,Team 013,Player 102,Team 006,3,1,Away
7,5,Player 102,Team 006,Player 051,Team 013,3,0,Home
7,5,Player 051,Team 013,Player 102,Team 006,0,3,Away
7,5,Player 102,Team 006,Player 029,Team 013,0,3,Home
7,5,Player 029,Team 013,Player 102,Team 006,3,0,Away
7,5,Player 102,Team 006,(játék nélkül),Team 013,3,0,Home
7,5,(játék nélkül),Team 013,Player 102,Team 006,0,3,Away
7,5,Player 073,Team 006,Player 052,Team 013,3,2,Home
7,5,Player 052,Team 013,Player 073,Team 006,2,3,Away
7,5,Player 073,Team 006,Player 051,Team 013,3,0,Home
7,5,Player 051,Team 013,Player 073,Team 006,0,3,Away
7,5,Player 073,Team 006,Player 029,Team 013,1,3,Home
7,5,Player 029,Team 013,Player 073,Team 006,3,1,Away
7,5,Player 073,Team 006,(játék nélkül),Team 013,3,0,Home
7,5,(játék nélkül),Team 013,Player 073,Team 006,0,3,Away
7,6,Player 035,Team 008,Player 008,Team 003,1,3,Home
7,6,Player 008,Team 003,Player 035,Team 008,3,1,Away
7,6,Player 035,Team 008,Player 067,Team 003,0,3,Home
7,6,Player 067,Team 003,Player 035,Team 008,3,0,Away
7,6,Player 035,Team 008,Player 003,Team 003,3,1,Home
7,6,Player 003,Team 003,Player 035,Team 008,1,3,Away
7,6,Player 035,Team 008,Player 125,Team 003,0,3,Home
7,6,Player 125,Team 003,Player 035,Team 008,3,0,Away
7,6,Player 037,Team 008,Player 008,Team 003,0,3,Home
7,6,Player 008,Team 003,Player 037,Team 008,3,0,Away
7,6,Player 037,Team 008,Player 067,Team 003,1,3,Home
7,6,Player 067,Team 003,Player 037,Team 008,3,1,Away
7,6,Player 037,Team 008,Player 003,Team 003,3,2,Home
7,6,Player 003,Team 003,Player 037,Team 008,2,3,Away
7,6,Player 037,Team 008,Player 125,Team 003,3,2,Home
7,6,Player 125,Team 003,Player 037,Team 008,2,3,Away
7,6,Player 077,Team 008,Player 008,Team 003,3,0,Home
7,6,Player 008,Team 003,Player 077,Team 008,0,3,Away
7,6,Player 077,Team 008,Player 067,Team 003,3,2,Home
7,6,Player 067,Team 003,Player 077,Team 008,2,3,Away
7,6,Player 077,Team 008,Player 003,Team 003,3,0,Home
7,6,Player 003,Team 003,Player 077,Team 008,0,3,Away
7,6,Player 077,Team 008,Player 125,Team 003,3,0,Home
7,6,Player 125,Team 003,Player 077,Team 008,0,3,Away
7,6,Player 016,Team 008,Player 008,Team 003,3,2,Home
7,6,Player 008,Team 003,Player 016,Team 008,2,3,Away
7,6,Player 016,Team 008,Player 067,Team 003,0,3,Home
7,6,Player 067,Team 003,Player 016,Team 008,3,0,Away
7,6,Player 016,Team 008,Player 003,Team 003,3,0,Home
7,6,Player 003,Team 003,Player 016,Team 008,0,3,Away
7,6,Player 016,Team 008,Player 125,Team 003,3,2,Home
7,6,Player 125,Team 003,Player 016,Team 008,2,3,Away
7,7,Player 031,Team 014,Player 022,Team 011,3,1,Home
7,7,Player 022,Team 011,Player 031,Team 014,1,3,Away
7,7,Player 031,Team 014,Player 023,Team 011,3,0,Home
7,7,Player 023,Team 011,Player 031,Team 014,0,3,Away
7,7,Player 031,Team 014,Player 072,Team 011,1,3,Home
7,7,Player 072,Team 011,Player 031,Team 014,3,1,Away
7,7,Player 031,Team 014,Player 021,Team 011,3,0,Home
7,7,Player 021,Team 011,Player 031,Team 014,0,3,Away
7,7,Player 044,Team 014,Player 022,Team 011,1,3,Home
7,7,Player 022,Team 011,Player 044,Team 014,3,1,Away
7,7,Player 044,Team 014,Player 023,Team 011,3,2,Home
7,7,Player 023,Team 011,Player 044,Team 014,2,3,Away
7,7,Player 044,Team 014,Player 072,Team 011,0,3,Home
7,7,Player 072,Team 011,Player 044,Team 014,3,0,Away
7,7,Player 044,Team 014,Player 021,Team 011,3,0,Home
7,7,Player 021,Team 011,Player 044,Team 014,0,3,Away
7,7,Player 084,Team 014,Player 022,Team 011,2,3,Home
7,7,Player 022,Team 011,Player 084,Team 014,3,2,Away
7,7,Player 084,Team 014,Player 023,Team 011,0,3,Home
7,7,Player 023,Team 011,Player 084,Team 014,3,0,Away
7,7,Player 084,Team 014,Player 072,Team 011,0,3,Home
7,7,Player 072,Team 011,Player 084,Team 014,3,0,Away
7,7,Player 084,Team 014,Player 021,Team 011,1,3,Home
7,7,Player 021,Team 011,Player 084,Team 014,3,1,Away
7,7,Player 095,Team 014,Player 022,Team 011,3,1,Home
7,7,Player 022,Team 011,Player 095,Team 014,1,3,Away
7,7,Player 095,Team 014,Player 023,Team 011,3,0,Home
7,7,Player 023,Team 011,Player 095,Team 014,0,3,Away
7,7,Player 095,Team 014,Player 072,Team 011,2,3,Home
7,7,Player 072,Team 011,Player 095,Team 014,3,2,Away
7,7,Player 095,Team 014,Player 021,Team 011,3,2,Home
7,7,Player 021,Team 011,Player 095,Team 014,2,3,Away
7,8,Player 048,Team 015,Player 091,Team 005,3,0,Home
7,8,Player 091,Team 005,Player 048,Team 015,0,3,Away
7,8,Player 048,Team 015,Player 012,Team 005,0,3,Home
7,8,Player 012,Team 005,Player 048,Team 015,3,0,Away
7,8,Player 048,Team 015,Player 006,Team 005,0,3,Home
7,8,Player 006,Team 005,Player 048,Team 015,3,0,Away
7,8,Player 048,Team 015,Player 040,Team 005,0,3,Home
7,8,Player 040,Team 005,Player 048,Team 015,3,0,Away
7,8,Player 111,Team 015,Player 091,Team 005,3,2,Home
7,8,Player 091,Team 005,Player 111,Team 015,2,3,Away
7,8,Player 111,Team 015,Player 012,Team 005,3,1,Home
7,8,Player 012,Team 005,Player 111,Team 015,1,3,Away
7,8,Player 111,Team 015,Player 006,Team 005,1,3,Home
7,8,Player 006,Team 005,Player 111,Team 015,3,1,Away
7,8,Player 111,Team 015,Player 040,Team 005,3,1,Home
7,8,Player 040,Team 005,Player 111,Team 015,1,3,Away
7,8,Player 046,Team 015,Player 091,Team 005,3,0,Home
7,8,Player 091,Team 005,Player 046,Team 015,0,3,Away
7,8,Player 046,Team 015,Player 012,Team 005,0,3,Home
7,8,Player 012,Team 005,Player 046,Team 015,3,0,Away
7,8,Player 046,Team 015,Player 006,Team 005,1,3,Home
7,8,Player 006,Team 005,Player 046,Team 015,3,1,Away
7,8,Player 046,Team 015,Player 040,Team 005,3,0,Home
7,8,Player 040,Team 005,Player 046,Team 015,0,3,Away
7,8,Player 047,Team 015,Player 091,Team 005,3,0,Home
7,8,Player 091,Team 005,Player 047,Team 015,0,3,Away
7,8,Player 047,Team 015,Player 012,Team 005,3,2,Home
7,8,Player 012,Team 005,Player 047,Team 015,2,3,Away
7,8,Player 047,Team 015,Player 006,Team 005,0,3,Home
7,8,Player 006,Team 005,Player 047,Team 015,3,0,Away
7,8,Player 047,Team 015,Player 040,Team 005,2,3,Home
7,8,Player 040,Team 005,Player 047,Team 015,3,2,Away
8,1,Player 023,Team 011,Player 114,Team 010,3,0,Home
8,1,Player 114,Team 010,Player 023,Team 011,0,3,Away
8,1,Player 023,Team 011,Player 115,Team 010,3,0,Home
8,1,Player 115,Team 010,Player 023,Team 011,0,3,Away
8,1,Player 023,Team 011,Player 089,Team 010,0,3,Home
8,1,Player 089,Team 010,Player 023,Team 011,3,0,Away
8,1,Player 023,Team 011,Player 063,Team 010,3,0,Home
8,1,Player 063,Team 010,Player 023,Team 011,0,3,Away
8,1,Player 033,Team 011,Player 114,Team 010,3,0,Home
8,1,Player 114,Team 010,Player 033,Team 011,0,3,Away
8,1,Player 033,Team 011,Player 115,Team 010,3,1,Home
8,1,Player 115,Team 010,Player 033,Team 011,1,3,Away
8,1,Player 033,Team 011,Player 089,Team 010,0,3,Home
8,1,Player 089,Team 010,Player 033,Team 011,3,0,Away
8,1,Player 033,Team 011,Player 063,Team 010,3,0,Home
8,1,Player 063,Team 010,Player 033,Team 011,0,3,Away
8,1,Player 021,Team 011,Player 114,Team 010,3,0,Home
8,1,Player 114,Team 010,Player 021,Team 011,0,3,Away
8,1,Player 021,Team 011,Player 115,Team 010,3,0,Home
8,1,Player 115,Team 010,Player 021,Team 011,0,3,Away
8,1,Player 021,Team 011,Player 089,Team 010,3,1,Home
8,1,Player 089,Team 010,Player 021,Team 011,1,3,Away
8,1,Player 021,Team 011,Player 063,Team 010,3,0,Home
8,1,Player 063,Team 010,Player 021,Team 011,0,3,Away
8,1,Player 072,Team 011,Player 114,Team 010,3,0,Home
8,1,Player 114,Team 010,Player 072,Team 011,0,3,Away
8,1,Player 072,Team 011,Player 115,Team 010,3,0,Home
8,1,Player 115,Team 010,Player 072,Team 011,0,3,Away
8,1,Player 072,Team 011,Player 089,Team 010,0,3,Home
8,1,Player 089,Team 010,Player 072,Team 011,3,0,Away
8,1,Player 072,Team 011,Player 063,Team 010,3,0,Home
8,1,Player 063,Team 010,Player 072,Team 011,0,3,Away
8,2,Player 099,Team 002,Player 028,Team 012,0,3,Home
8,2,Player 028,Team 012,Player 099,Team 002,3,0,Away
8,2,Player 099,Team 002,Player 083,Team 012,0,3,Home
8,2,Player 083,Team 012,Player 099,Team 002,3,0,Away
8,2,Player 041,Team 002,Player 028,Team 012,2,3,Home
8,2,Player 028,Team 012,Player 041,Team 002,3,2,Away
8,2,Player 041,Team 002,Player 083,Team 012,1,3,Home
8,2,Player 083,Team 012,Player 041,Team 002,3,1,Away
8,2,Player 041,Team 002,Player 039,Team 012,1,3,Home
8,2,Player 039,Team 012,Player 041,Team 002,3,1,Away
8,2,Player 041,Team 002,Player 109,Team 012,3,0,Home
8,2,Player 109,Team 012,Player 041,Team 002,0,3,Away
8,2,Player 078,Team 002,Player 028,Team 012,0,3,Home
8,2,Player 028,Team 012,Player 078,Team 002,3,0,Away
8,2,Player 078,Team 002,Player 083,Team 012,1,3,Home
8,2,Player 083,Team 012,Player 078,Team 002,3,1,Away
8,2,Player 078,Team 002,Player 039,Team 012,0,3,Home
8,2,Player 039,Team 012,Player 078,Team 002,3,0,Away
8,2,Player 078,Team 002,Player 109,Team 012,0,3,Home
8,2,Player 109,Team 012,Player 078,Team 002,3,0,Away
8,2,Player 054,Team 002,Player 028,Team 012,0,3,Home
8,2,Player 028,Team 012,Player 054,Team 002,3,0,Away
8,2,Player 054,Team 002,Player 083,Team 012,0,3,Home
8,2,Player 083,Team 012,Player 054,Team 002,3,0,Away
8,2,Player 054,Team 002,Player 039,Team 012,0,3,Home
8,2,Player 039,Team 012,Player 054,Team 002,3,0,Away
8,2,Player 054,Team 002,Player 109,Team 012,0,3,Home
8,2,Player 109,Team 012,Player 054,Team 002,3,0,Away
8,2,Player 002,Team 002,Player 039,Team 012,3,1,Home
8,2,Player 039,Team 012,Player 002,Team 002,1,3,Away
8,2,Player 002,Team 002,Player 109,Team 012,3,0,Home
8,2,Player 109,Team 012,Player 002,Team 002,0,3,Away
8,3,Player 017,Team 004,Player 046,Team 015,3,1,Home
8,3,Player 046,Team 015,Player 017,Team 004,1,3,Away
8,3,Player 017,Team 004,Player 048,Team 015,3,0,Home
8,3,Player 048,Team 015,Player 017,Team 004,0,3,Away
8,3,Player 017,Team 004,Player 112,Team 015,3,0,Home
8,3,Player 112,Team 015,Player 017,Team 004,0,3,Away
8,3,Player 017,Team 004,Player 056,Team 015,3,0,Home
8,3,Player 056,Team 015,Player 017,Team 004,0,3,Away
8,3,Player 018,Team 004,Player 046,Team 015,0,3,Home
8,3,Player 046,Team 015,Player 018,Team 004,3,0,Away
8,3,Player 018,Team 004,Player 048,Team 015,3,0,Home
8,3,Player 048,Team 015,Player 018,Team 004,0,3,Away
8,3,Player 018,Team 004,Player 112,Team 015,3,2,Home
8,3,Player 112,Team 015,Player 018,Team 004,2,3,Away
8,3,Player 018,Team 004,Player 056,Team 015,3,2,Home
8,3,Player 056,Team 015,Player 018,Team 004,2,3,Away
8,3,Player 004,Team 004,Player 046,Team 015,3,0,Home
8,3,Player 046,Team 015,Player 004,Team 004,0,3,Away
8,3,Player 004,Team 004,Player 048,Team 015,3,0,Home
8,3,Player 048,Team 015,Player 004,Team 004,0,3,Away
8,3,Player 004,Team 004,Player 112,Team 015,3,1,Home
8,3,Player 112,Team 015,Player 004,Team 004,1,3,Away
8,3,Player 004,Team 004,Player 056,Team 015,3,1,Home
8,3,Player 056,Team 015,Player 004,Team 004,1,3,Away
8,3,Player 009,Team 004,Player 046,Team 015,0,3,Home
8,3,Player 046,Team 015,Player 009,Team 004,3,0,Away
8,3,Player 009,Team 004,Player 048,Team 015,3,1,Home
8,3,Player 048,Team 015,Player 009,Team 004,1,3,Away
8,3,Player 009,Team 004,Player 112,Team 015,0,3,Home
8,3,Player 112,Team 015,Player 009,Team 004,3,0,Away
8,3,Player 009,Team 004,Player 056,Team 015,2,3,Home
8,3,Player 056,Team 015,Player 009,Team 004,3,2,Away
8,4,Player 026,Team 007,Player 042,Team 014,3,1,Home
8,4,Player 042,Team 014,Player 026,Team 007,1,3,Away
8,4,Player 026,Team 007,Player 031,Team 014,2,3,Home
8,4,Player 031,Team 014,Player 026,Team 007,3,2,Away
8,4,Player 026,Team 007,Player 071,Team 014,3,0,Home
8,4,Player 071,Team 014,Player 026,Team 007,0,3,Away
8,4,Player 026,Team 007,Player 044,Team 014,3,0,Home
8,4,Player 044,Team 014,Player 026,Team 007,0,3,Away
8,4,Player 093,Team 007,Player 042,Team 014,0,3,Home
8,4,Player 042,Team 014,Player 093,Team 007,3,0,Away
8,4,Player 093,Team 007,Player 031,Team 014,0,3,Home
8,4,Player 031,Team 014,Player 093,Team 007,3,0,Away
8,4,Player 093,Team 007,Player 071,Team 014,0,3,Home
8,4,Player 071,Team 014,Player 093,Team 007,3,0,Away
8,4,Player 093,Team 007,Player 044,Team 014,0,3,Home
8,4,Player 044,Team 014,Player 093,Team 007,3,0,Away
8,4,Player 049,Team 007,Player 042,Team 014,1,3,Home
8,4,Player 042,Team 014,Player 049,Team 007,3,1,Away
8,4,Player 049,Team 007,Player 031,Team 014,2,3,Home
8,4,Player 031,Team 014,Player 049,Team 007,3,2,Away
8,4,Player 049,Team 007,Player 071,Team 014,0,3,Home
8,4,Player 071,Team 014,Player 049,Team 007,3,0,Away
8,4,Player 049,Team 007,Player 044,Team 014,2,3,Home
8,4,Player 044,Team 014,Player 049,Team 007,3,2,Away
8,4,Player 014,Team 007,Player 042,Team 014,3,1,Home
8,4,Player 042,Team 014,Player 014,Team 007,1,3,Away
8,4,Player 014,Team 007,Player 031,Team 014,3,0,Home
8,4,Player 031,Team 014,Player 014,Team 007,0,3,Away
8,4,Player 014,Team 007,Player 071,Team 014,3,0,Home
8,4,Player 071,Team 014,Player 014,Team 007,0,3,Away
8,4,Player 014,Team 007,Player 044,Team 014,3,1,Home
8,4,Player 044,Team 014,Player 014,Team 007,1,3,Away
8,5,Player 045,Team 009,Player 010,Team 006,0,3,Home
8,5,Player 010,Team 006,Player 045,Team 009,3,0,Away
8,5,Player 045,Team 009,Player 032,Team 006,1,3,Home
8,5,Player 032,Team 006,Player 045,Team 009,3,1,Away
8,5,Player 045,Team 009,Player 102,Team 006,0,3,Home
8,5,Player 102,Team 006,Player 045,Team 009,3,0,Away
8,5,Player 045,Team 009,Player 030,Team 006,3,2,Home
8,5,Player 030,Team 006,Player 045,Team 009,2,3,Away
8,5,Player 081,Team 009,Player 010,Team 006,0,3,Home
8,5,Player 010,Team 006,Player 081,Team 009,3,0,Away
8,5,Player 081,Team 009,Player 032,Team 006,1,3,Home
8,5,Player 032,Team 006,Player 081,Team 009,3,1,Away
8,5,Player 081,Team 009,Player 102,Team 006,2,3,Home
8,5,Player 102,Team 006,Player 081,Team 009,3,2,Away
8,5,Player 081,Team 009,Player 030,Team 006,3,0,Home
8,5,Player 030,Team 006,Player 081,Team 009,0,3,Away
8,5,Player 079,Team 009,Player 010,Team 006,0,3,Home
8,5,Player 010,Team 006,Player 079,Team 009,3,0,Away
8,5,Player 079,Team 009,Player 032,Team 006,2,3,Home
8,5,Player 032,Team 006,Player 079,Team 009,3,2,Away
8,5,Player 079,Team 009,Player 102,Team 006,1,3,Home
8,5,Player 102,Team 006,Player 079,Team 009,3,1,Away
8,5,Player 079,Team 009,Player 073,Team 006,1,3,Home
8,5,Player 073,Team 006,Player 079,Team 009,3,1,Away
8,5,Player 029,Team 009,Player 010,Team 006,2,3,Home
8,5,Player 010,Team 006,Player 029,Team 009,3,2,Away
8,5,Player 029,Team 009,Player 032,Team 006,3,2,Home
8,5,Player 032,Team 006,Player 029,Team 009,2,3,Away
8,5,Player 029,Team 009,Player 102,Team 006,2,3,Home
8,5,Player 102,Team 006,Player 029,Team 009,3,2,Away
8,5,Player 029,Team 009,Player 073,Team 006,0,3,Home
8,5,Player 073,Team 006,Player 029,Team 009,3,0,Away
8,6,Player 106,Team 013,Player 090,Team 005,3,2,Home
8,6,Player 090,Team 005,Player 106,Team 013,2,3,Away
8,6,Player 106,Team 013,Player 012,Team 005,0,3,Home
8,6,Player 012,Team 005,Player 106,Team 013,3,0,Away
8,6,Player 106,Team 013,Player 006,Team 005,1,3,Home
8,6,Player 006,Team 005,Player 106,Team 013,3,1,Away
8,6,Player 106,Team 013,Player 040,Team 005,2,3,Home
8,6,Player 040,Team 005,Player 106,Team 013,3,2,Away
8,6,Player 113,Team 013,Player 090,Team 005,1,3,Home
8,6,Player 090,Team 005,Player 113,Team 013,3,1,Away
8,6,Player 113,Team 013,Player 012,Team 005,0,3,Home
8,6,Player 012,Team 005,Player 113,Team 013,3,0,Away
8,6,Player 113,Team 013,Player 006,Team 005,0,3,Home
8,6,Player 006,Team 005,Player 113,Team 013,3,0,Away
8,6,Player 113,Team 013,Player 040,Team 005,0,3,Home
8,6,Player 040,Team 005,Player 113,Team 013,3,0,Away
8,6,Player 051,Team 013,Player 090,Team 005,2,3,Home
8,6,Player 090,Team 005,Player 051,Team 013,3,2,Away
8,6,Player 051,Team 013,Player 012,Team 005,0,3,Home
8,6,Player 012,Team 005,Player 051,Team 013,3,0,Away
8,6,Player 051,Team 013,Player 006,Team 005,0,3,Home
8,6,Player 006,Team 005,Player 051,Team 013,3,0,Away
8,6,Player 051,Team 013,Player 040,Team 005,0,3,Home
8,6,Player 040,Team 005,Player 051,Team 013,3,0,Away
8,6,Player 029,Team 013,Player 090,Team 005,3,1,Home
8,6,Player 090,Team 005,Player 029,Team 013,1,3,Away
8,6,Player 029,Team 013,Player 012,Team 005,1,3,Home
8,6,Player 012,Team 005,Player 029,Team 013,3,1,Away
8,6,Player 029,Team 013,Player 006,Team 005,0,3,Home
8,6,Player 006,Team 005,Player 029,Team 013,3,0,Away
8,6,Player 029,Team 013,Player 040,Team 005,3,0,Home
8,6,Player 040,Team 005,Player 029,Team 013,0,3,Away
8,7,Player 008,Team 003,Player 100,Team 001,0,3,Home
8,7,Player 100,Team 001,Player 008,Team 003,3,0,Away
8,7,Player 008,Team 003,Player 007,Team 001,0,3,Home
8,7,Player 007,Team 001,Player 008,Team 003,3,0,Away
8,7,Player 008,Team 003,Player 001,Team 001,3,2,Home
8,7,Player 001,Team 001,Player 008,Team 003,2,3,Away
8,7,Player 008,Team 003,Player 076,Team 001,0,3,Home
8,7,Player 076,Team 001,Player 008,Team 003,3,0,Away
8,7,Player 067,Team 003,Player 100,Team 001,1,3,Home
8,7,Player 100,Team 001,Player 067,Team 003,3,1,Away
8,7,Player 067,Team 003,Player 007,Team 001,0,3,Home
8,7,Player 007,Team 001,Player 067,Team 003,3,0,Away
8,7,Player 067,Team 003,Player 001,Team 001,3,0,Home
8,7,Player 001,Team 001,Player 067,Team 003,0,3,Away
8,7,Player 067,Team 003,Player 076,Team 001,3,0,Home
8,7,Player 076,Team 001,Player 067,Team 003,0,3,Away
8,7,Player 125,Team 003,Player 100,Team 001,0,3,Home
8,7,Player 100,Team 001,Player 125,Team 003,3,0,Away
8,7,Player 125,Team 003,Player 007,Team 001,0,3,Home
8,7,Player 007,Team 001,Player 125,Team 003,3,0,Away
8,7,Player 125,Team 003,Player 001,Team 001,0,3,Home
8,7,Player 001,Team 001,Player 125,Team 003,3,0,Away
8,7,Player 125,Team 003,Player 076,Team 001,1,3,Home
8,7,Player 076,Team 001,Player 125,Team 003,3,1,Away
8,7,Player 005,Team 003,Player 100,Team 001,0,3,Home
8,7,Player 100,Team 001,Player 005,Team 003,3,0,Away
8,7,Player 005,Team 003,Player 007,Team 001,0,3,Home
8,7,Player 007,Team 001,Player 005,Team 003,3,0,Away
8,7,Player 005,Team 003,Player 001,Team 001,1,3,Home
8,7,Player 001,Team 001,Player 005,Team 003,3,1,Away
8,7,Player 005,Team 003,Player 076,Team 001,2,3,Home
8,7,Player 076,Team 001,Player 005,Team 003,3,2,Away
8,8,Player 059,Team 016,Player 035,Team 008,0,3,Home
8,8,Player 035,Team 008,Player 059,Team 016,3,0,Away
8,8,Player 059,Team 016,Player 092,Team 008,3,2,Home
8,8,Player 092,Team 008,Player 059,Team 016,2,3,Away
8,8,Player 059,Team 016,Player 060,Team 008,2,3,Home
8,8,Player 060,Team 008,Player 059,Team 016,3,2,Away
8,8,Player 059,Team 016,Player 108,Team 008,3,1,Home
8,8,Player 108,Team 008,Player 059,Team 016,1,3,Away
8,8,Player 105,Team 016,Player 035,Team 008,1,3,Home
8,8,Player 035,Team 008,Player 105,Team 016,3,1,Away
8,8,Player 105,Team 016,Player 092,Team 008,0,3,Home
8,8,Player 092,Team 008,Player 105,Team 016,3,0,Away
8,8,Player 105,Team 016,Player 036,Team 008,0,3,Home
8,8,Player 036,Team 008,Player 105,Team 016,3,0,Away
8,8,Player 105,Team 016,Player 060,Team 008,2,3,Home
8,8,Player 060,Team 008,Player 105,Team 016,3,2,Away
8,8,Player 057,Team 016,Player 035,Team 008,1,3,Home
8,8,Player 035,Team 008,Player 057,Team 016,3,1,Away
8,8,Player 057,Team 016,Player 092,Team 008,0,3,Home
8,8,Player 092,Team 008,Player 057,Team 016,3,0,Away
8,8,Player 057,Team 016,Player 036,Team 008,0,3,Home
8,8,Player 036,Team 008,Player 057,Team 016,3,0,Away
8,8,Player 057,Team 016,Player 060,Team 008,0,3,Home
8,8,Player 060,Team 008,Player 057,Team 016,3,0,Away
8,8,Player 086,Team 016,Player 035,Team 008,0,3,Home
8,8,Player 035,Team 008,Player 086,Team 016,3,0,Away
8,8,Player 086,Team 016,Player 092,Team 008,0,3,Home
8,8,Player 092,Team 008,Player 086,Team 016,3,0,Away
8,8,Player 086,Team 016,Player 060,Team 008,0,3,Home
8,8,Player 060,Team 008,Player 086,Team 016,3,0,Away
8,8,Player 086,Team 016,Player 108,Team 008,0,3,Home
8,8,Player 108,Team 008,Player 086,Team 016,3,0,Away
9,1,Player 063,Team 010,Player 049,Team 007,0,3,Home
9,1,Player 049,Team 007,Player 063,Team 010,3,0,Away
9,1,Player 063,Team 010,Player 026,Team 007,0,3,Home
9,1,Player 026,Team 007,Player 063,Team 010,3,0,Away
9,1,Player 063,Team 010,Player 116,Team 007,0,3,Home
9,1,Player 116,Team 007,Player 063,Team 010,3,0,Away
9,1,Player 063,Team 010,Player 034,Team 007,0,3,Home
9,1,Player 034,Team 007,Player 063,Team 010,3,0,Away
9,1,Player 103,Team 010,Player 026,Team 007,0,3,Home
9,1,Player 026,Team 007,Player 103,Team 010,3,0,Away
9,1,Player 103,Team 010,Player 116,Team 007,0,3,Home
9,1,Player 116,Team 007,Player 103,Team 010,3,0,Away
9,1,Player 020,Team 010,Player 049,Team 007,3,1,Home
9,1,Player 049,Team 007,Player 020,Team 010,1,3,Away
9,1,Player 020,Team 010,Player 026,Team 007,0,3,Home
9,1,Player 026,Team 007,Player 020,Team 010,3,0,Away
9,1,Player 020,Team 010,Player 116,Team 007,0,3,Home
9,1,Player 116,Team 007,Player 020,Team 010,3,0,Away
9,1,Player 020,Team 010,Player 034,Team 007,0,3,Home
9,1,Player 034,Team 007,Player 020,Team 010,3,0,Away
9,1,Player 024,Team 010,Player 049,Team 007,3,0,Home
9,1,Player 049,Team 007,Player 024,Team 010,0,3,Away
9,1,Player 024,Team 010,Player 026,Team 007,3,1,Home
9,1,Player 026,Team 007,Player 024,Team 010,1,3,Away
9,1,Player 024,Team 010,Player 116,Team 007,2,3,Home
9,1,Player 116,Team 007,Player 024,Team 010,3,2,Away
9,1,Player 024,Team 010,Player 034,Team 007,3,2,Home
9,1,Player 034,Team 007,Player 024,Team 010,2,3,Away
9,1,Player 064,Team 010,Player 049,Team 007,1,3,Home
9,1,Player 049,Team 007,Player 064,Team 010,3,1,Away
9,1,Player 064,Team 010,Player 034,Team 007,0,3,Home
9,1,Player 034,Team 007,Player 064,Team 010,3,0,Away
9,2,Player 010,Team 006,Player 078,Team 002,3,0,Home
9,2,Player 078,Team 002,Player 010,Team 006,0,3,Away
9,2,Player 010,Team 006,Player 041,Team 002,3,0,Home
9,2,Player 041,Team 002,Player 010,Team 006,0,3,Away
9,2,Player 010,Team 006,Player 074,Team 002,3,0,Home
9,2,Player 074,Team 002,Player 010,Team 006,0,3,Away
9,2,Player 010,Team 006,Player 054,Team 002,3,0,Home
9,2,Player 054,Team 002,Player 010,Team 006,0,3,Away
9,2,Player 032,Team 006,Player 078,Team 002,3,1,Home
9,2,Player 078,Team 002,Player 032,Team 006,1,3,Away
9,2,Player 032,Team 006,Player 041,Team 002,3,2,Home
9,2,Player 041,Team 002,Player 032,Team 006,2,3,Away
9,2,Player 032,Team 006,Player 074,Team 002,3,1,Home
9,2,Player 074,Team 002,Player 032,Team 006,1,3,Away
9,2,Player 032,Team 006,Player 054,Team 002,3,0,Home
9,2,Player 054,Team 002,Player 032,Team 006,0,3,Away
9,2,Player 102,Team 006,Player 078,Team 002,3,1,Home
9,2,Player 078,Team 002,Player 102,Team 006,1,3,Away
9,2,Player 102,Team 006,Player 041,Team 002,3,1,Home
9,2,Player 041,Team 002,Player 102,Team 006,1,3,Away
9,2,Player 102,Team 006,Player 074,Team 002,3,1,Home
9,2,Player 074,Team 002,Player 102,Team 006,1,3,Away
9,2,Player 102,Team 006,Player 054,Team 002,3,0,Home
9,2,Player 054,Team 002,Player 102,Team 006,0,3,Away
9,2,Player 094,Team 006,Player 078,Team 002,3,1,Home
9,2,Player 078,Team 002,Player 094,Team 006,1,3,Away
9,2,Player 094,Team 006,Player 054,Team 002,1,3,Home
9,2,Player 054,Team 002,Player 094,Team 006,3,1,Away
9,2,Player 073,Team 006,Player 041,Team 002,0,3,Home
9,2,Player 041,Team 002,Player 073,Team 006,3,0,Away
9,2,Player 073,Team 006,Player 074,Team 002,3,0,Home
9,2,Player 074,Team 002,Player 073,Team 006,0,3,Away
9,3,Player 025,Team 012,Player 125,Team 003,3,1,Home
9,3,Player 125,Team 003,Player 025,Team 012,1,3,Away
9,3,Player 025,Team 012,Player 067,Team 003,1,3,Home
9,3,Player 067,Team 003,Player 025,Team 012,3,1,Away
9,3,Player 025,Team 012,Player 008,Team 003,2,3,Home
9,3,Player 008,Team 003,Player 025,Team 012,3,2,Away
9,3,Player 025,Team 012,Player 005,Team 003,0,3,Home
9,3,Player 005,Team 003,Player 025,Team 012,3,0,Away
9,3,Player 028,Team 012,Player 125,Team 003,3,1,Home
9,3,Player 125,Team 003,Player 028,Team 012,1,3,Away
9,3,Player 028,Team 012,Player 067,Team 003,3,0,Home
9,3,Player 067,Team 003,Player 028,Team 012,0,3,Away
9,3,Player 028,Team 012,Player 008,Team 003,3,0,Home
9,3,Player 008,Team 003,Player 028,Team 012,0,3,Away
9,3,Player 028,Team 012,Player 005,Team 003,3,0,Home
9,3,Player 005,Team 003,Player 028,Team 012,0,3,Away
9,3,Player 109,Team 012,Player 125,Team 003,3,1,Home
9,3,Player 125,Team 003,Player 109,Team 012,1,3,Away
9,3,Player 109,Team 012,Player 067,Team 003,2,3,Home
9,3,Player 067,Team 003,Player 109,Team 012,3,2,Away
9,3,Player 109,Team 012,Player 008,Team 003,1,3,Home
9,3,Player 008,Team 003,Player 109,Team 012,3,1,Away
9,3,Player 109,Team 012,Player 005,Team 003,0,3,Home
9,3,Player 005,Team 003,Player 109,Team 012,3,0,Away
9,3,Player 039,Team 012,Player 125,Team 003,3,0,Home
9,3,Player 125,Team 003,Player 039,Team 012,0,3,Away
9,3,Player 039,Team 012,Player 067,Team 003,1,3,Home
9,3,Player 067,Team 003,Player 039,Team 012,3,1,Away
9,3,Player 039,Team 012,Player 008,Team 003,3,0,Home
9,3,Player 008,Team 003,Player 039,Team 012,0,3,Away
9,3,Player 039,Team 012,Player 005,Team 003,3,1,Home
9,3,Player 005,Team 003,Player 039,Team 012,1,3,Away
9,4,Player 046,Team 015,(játék nélkül),Team 013,3,0,Home
9,4,(játék nélkül),Team 013,Player 046,Team 015,0,3,Away
9,4,Player 046,Team 015,(játék nélkül),Team 013,3,0,Home
9,4,(játék nélkül),Team 013,Player 046,Team 015,0,3,Away
9,4,Player 046,Team 015,(játék nélkül),Team 013,3,0,Home
9,4,(játék nélkül),Team 013,Player 046,Team 015,0,3,Away
9,4,Player 046,Team 015,(játék nélkül),Team 013,3,0,Home
9,4,(játék nélkül),Team 013,Player 046,Team 015,0,3,Away
9,4,Player 056,Team 015,(játék nélkül),Team 013,3,0,Home
9,4,(játék nélkül),Team 013,Player 056,Team 015,0,3,Away
9,4,Player 056,Team 015,(játék nélkül),Team 013,3,0,Home
9,4,(játék nélkül),Team 013,Player 056,Team 015,0,3,Away
9,4,Player 056,Team 015,(játék nélkül),Team 013,3,0,Home
9,4,(játék nélkül),Team 013,Player 056,Team 015,0,3,Away
9,4,Player 056,Team 015,(játék nélkül),Team 013,3,0,Home
9,4,(játék nélkül),Team 013,Player 056,Team 015,0,3,Away
9,4,Player 047,Team 015,(játék nélkül),Team 013,3,0,Home
9,4,(játék nélkül),Team 013,Player 047,Team 015,0,3,Away
9,4,Player 047,Team 015,(játék nélkül),Team 013,3,0,Home
9,4,(játék nélkül),Team 013,Player 047,Team 015,0,3,Away
9,4,Player 047,Team 015,(játék nélkül),Team 013,3,0,Home
9,4,(játék nélkül),Team 013,Player 047,Team 015,0,3,Away
9,4,Player 047,Team 015,(játék nélkül),Team 013,3,0,Home
9,4,(játék nélkül),Team 013,Player 047,Team 015,0,3,Away
9,4,Player 112,Team 015,(játék nélkül),Team 013,3,0,Home
9,4,(játék nélkül),Team 013,Player 112,Team 015,0,3,Away
9,4,Player 112,Team 015,(játék nélkül),Team 013,3,0,Home
9,4,(játék nélkül),Team 013,Player 112,Team 015,0,3,Away
9,4,Player 112,Team 015,(játék nélkül),Team 013,3,0,Home
9,4,(játék nélkül),Team 013,Player 112,Team 015,0,3,Away
9,4,Player 112,Team 015,(játék nélkül),Team 013,3,0,Home
9,4,(játék nélkül),Team 013,Player 112,Team 015,0,3,Away
9,5,Player 077,Team 008,Player 072,Team 011,2,3,Home
9,5,Player 072,Team 011,Player 077,Team 008,3,2,Away
9,5,Player 077,Team 008,Player 023,Team 011,1,3,Home
9,5,Player 023,Team 011,Player 077,Team 008,3,1,Away
9,5,Player 077,Team 008,Player 021,Team 011,0,3,Home
9,5,Player 021,Team 011,Player 077,Team 008,3,0,Away
9,5,Player 077,Team 008,Player 022,Team 011,3,0,Home
9,5,Player 022,Team 011,Player 077,Team 008,0,3,Away
9,5,Player 037,Team 008,Player 072,Team 011,3,1,Home
9,5,Player 072,Team 011,Player 037,Team 008,1,3,Away
9,5,Player 037,Team 008,Player 023,Team 011,3,0,Home
9,5,Player 023,Team 011,Player 037,Team 008,0,3,Away
9,5,Player 037,Team 008,Player 021,Team 011,3,1,Home
9,5,Player 021,Team 011,Player 037,Team 008,1,3,Away
9,5,Player 037,Team 008,Player 022,Team 011,2,3,Home
9,5,Player 022,Team 011,Player 037,Team 008,3,2,Away
9,5,Player 036,Team 008,Player 072,Team 011,1,3,Home
9,5,Player 072,Team 011,Player 036,Team 008,3,1,Away
9,5,Player 036,Team 008,Player 023,Team 011,3,0,Home
9,5,Player 023,Team 011,Player 036,Team 008,0,3,Away
9,5,Player 036,Team 008,Player 021,Team 011,1,3,Home
9,5,Player 021,Team 011,Player 036,Team 008,3,1,Away
9,5,Player 036,Team 008,Player 022,Team 011,2,3,Home
9,5,Player 022,Team 011,Player 036,Team 008,3,2,Away
9,5,Player 016,Team 008,Player 072,Team 011,1,3,Home
9,5,Player 072,Team 011,Player 016,Team 008,3,1,Away
9,5,Player 016,Team 008,Player 023,Team 011,3,0,Home
9,5,Player 023,Team 011,Player 016,Team 008,0,3,Away
9,5,Player 016,Team 008,Player 021,Team 011,2,3,Home
9,5,Player 021,Team 011,Player 016,Team 008,3,2,Away
9,5,Player 016,Team 008,Player 022,Team 011,3,1,Home
9,5,Player 022,Team 011,Player 016,Team 008,1,3,Away
9,6,Player 070,Team 014,Player 075,Team 004,3,2,Home
9,6,Player 075,Team 004,Player 070,Team 014,2,3,Away
9,6,Player 070,Team 014,Player 017,Team 004,3,1,Home
9,6,Player 017,Team 004,Player 070,Team 014,1,3,Away
9,6,Player 070,Team 014,Player 018,Team 004,3,0,Home
9,6,Player 018,Team 004,Player 070,Team 014,0,3,Away
9,6,Player 070,Team 014,Player 004,Team 004,0,3,Home
9,6,Player 004,Team 004,Player 070,Team 014,3,0,Away
9,6,Player 043,Team 014,Player 075,Team 004,3,2,Home
9,6,Player 075,Team 004,Player 043,Team 014,2,3,Away
9,6,Player 043,Team 014,Player 017,Team 004,1,3,Home
9,6,Player 017,Team 004,Player 043,Team 014,3,1,Away
9,6,Player 043,Team 014,Player 018,Team 004,0,3,Home
9,6,Player 018,Team 004,Player 043,Team 014,3,0,Away
9,6,Player 043,Team 014,Player 004,Team 004,0,3,Home
9,6,Player 004,Team 004,Player 043,Team 014,3,0,Away
9,6,Player 084,Team 014,Player 075,Team 004,3,0,Home
9,6,Player 075,Team 004,Player 084,Team 014,0,3,Away
9,6,Player 084,Team 014,Player 017,Team 004,1,3,Home
9,6,Player 017,Team 004,Player 084,Team 014,3,1,Away
9,6,Player 084,Team 014,Player 018,Team 004,2,3,Home
9,6,Player 018,Team 004,Player 084,Team 014,3,2,Away
9,6,Player 084,Team 014,Player 004,Team 004,0,3,Home
9,6,Player 004,Team 004,Player 084,Team 014,3,0,Away
9,6,Player 095,Team 014,Player 075,Team 004,3,0,Home
9,6,Player 075,Team 004,Player 095,Team 014,0,3,Away
9,6,Player 095,Team 014,Player 017,Team 004,3,1,Home
9,6,Player 017,Team 004,Player 095,Team 014,1,3,Away
9,6,Player 095,Team 014,Player 018,Team 004,3,0,Home
9,6,Player 018,Team 004,Player 095,Team 014,0,3,Away
9,6,Player 095,Team 014,Player 004,Team 004,3,1,Home
9,6,Player 004,Team 004,Player 095,Team 014,1,3,Away
9,7,Player 012,Team 005,Player 029,Team 009,3,0,Home
9,7,Player 029,Team 009,Player 012,Team 005,0,3,Away
9,7,Player 012,Team 005,Player 058,Team 009,3,0,Home
9,7,Player 058,Team 009,Player 012,Team 005,0,3,Away
9,7,Player 012,Team 005,Player 068,Team 009,0,3,Home
9,7,Player 068,Team 009,Player 012,Team 005,3,0,Away
9,7,Player 012,Team 005,Player 079,Team 009,3,1,Home
9,7,Player 079,Team 009,Player 012,Team 005,1,3,Away
9,7,Player 040,Team 005,Player 029,Team 009,3,2,Home
9,7,Player 029,Team 009,Player 040,Team 005,2,3,Away
9,7,Player 040,Team 005,Player 058,Team 009,0,3,Home
9,7,Player 058,Team 009,Player 040,Team 005,3,0,Away
9,7,Player 006,Team 005,Player 029,Team 009,3,1,Home
9,7,Player 029,Team 009,Player 006,Team 005,1,3,Away
9,7,Player 006,Team 005,Player 058,Team 009,3,0,Home
9,7,Player 058,Team 009,Player 006,Team 005,0,3,Away
9,7,Player 006,Team 005,Player 068,Team 009,3,1,Home
9,7,Player 068,Team 009,Player 006,Team 005,1,3,Away
9,7,Player 006,Team 005,Player 079,Team 009,3,1,Home
9,7,Player 079,Team 009,Player 006,Team 005,1,3,Away
9,7,Player 038,Team 005,Player 029,Team 009,3,0,Home
9,7,Player 029,Team 009,Player 038,Team 005,0,3,Away
9,7,Player 038,Team 005,Player 058,Team 009,3,1,Home
9,7,Player 058,Team 009,Player 038,Team 005,1,3,Away
9,7,Player 038,Team 005,Player 068,Team 009,1,3,Home
9,7,Player 068,Team 009,Player 038,Team 005,3,1,Away
9,7,Player 038,Team 005,Player 079,Team 009,3,2,Home
9,7,Player 079,Team 009,Player 038,Team 005,2,3,Away
9,7,Player 104,Team 005,Player 068,Team 009,0,3,Home
9,7,Player 068,Team 009,Player 104,Team 005,3,0,Away
9,7,Player 104,Team 005,Player 079,Team 009,0,3,Home
9,7,Player 079,Team 009,Player 104,Team 005,3,0,Away
9,8,Player 101,Team 001,Player 085,Team 016,3,0,Home
9,8,Player 085,Team 016,Player 101,Team 001,0,3,Away
9,8,Player 101,Team 001,Player 105,Team 016,3,0,Home
9,8,Player 105,Team 016,Player 101,Team 001,0,3,Away
9,8,Player 101,Team 001,Player 087,Team 016,3,0,Home
9,8,Player 087,Team 016,Player 101,Team 001,0,3,Away
9,8,Player 101,Team 001,Player 055,Team 016,3,0,Home
9,8,Player 055,Team 016,Player 101,Team 001,0,3,Away
9,8,Player 050,Team 001,Player 085,Team 016,3,1,Home
9,8,Player 085,Team 016,Player 050,Team 001,1,3,Away
9,8,Player 050,Team 001,Player 105,Team 016,3,1,Home
9,8,Player 105,Team 016,Player 050,Team 001,1,3,Away
9,8,Player 050,Team 001,Player 087,Team 016,3,0,Home
9,8,Player 087,Team 016,Player 050,Team 001,0,3,Away
9,8,Player 050,Team 001,Player 055,Team 016,3,0,Home
9,8,Player 055,Team 016,Player 050,Team 001,0,3,Away
9,8,Player 001,Team 001,Player 085,Team 016,3,0,Home
9,8,Player 085,Team 016,Player 001,Team 001,0,3,Away
9,8,Player 001,Team 001,Player 105,Team 016,3,1,Home
9,8,Player 105,Team 016,Player 001,Team 001,1,3,Away
9,8,Player 001,Team 001,Player 087,Team 016,3,0,Home
9,8,Player 087,Team 016,Player 001,Team 001,0,3,Away
9,8,Player 001,Team 001,Player 055,Team 016,3,0,Home
9,8,Player 055,Team 016,Player 001,Team 001,0,3,Away
9,8,Player 100,Team 001,Player 085,Team 016,3,0,Home
9,8,Player 085,Team 016,Player 100,Team 001,0,3,Away
9,8,Player 100,Team 001,Player 105,Team 016,3,1,Home
9,8,Player 105,Team 016,Player 100,Team 001,1,3,Away
9,8,Player 100,Team 001,Player 087,Team 016,3,0,Home
9,8,Player 087,Team 016,Player 100,Team 001,0,3,Away
9,8,Player 100,Team 001,Player 055,Team 016,3,0,Home
9,8,Player 055,Team 016,Player 100,Team 001,0,3,Away
10,1,Player 009,Team 004,Player 020,Team 010,1,3,Home
10,1,Player 020,Team 010,Player 009,Team 004,3,1,Away
10,1,Player 009,Team 004,Player 063,Team 010,3,0,Home
10,1,Player 063,Team 010,Player 009,Team 004,0,3,Away
10,1,Player 017,Team 004,Player 020,Team 010,3,2,Home
10,1,Player 020,Team 010,Player 017,Team 004,2,3,Away
10,1,Player 017,Team 004,Player 063,Team 010,3,0,Home
10,1,Player 063,Team 010,Player 017,Team 004,0,3,Away
10,1,Player 017,Team 004,Player 064,Team 010,3,0,Home
10,1,Player 064,Team 010,Player 017,Team 004,0,3,Away
10,1,Player 017,Team 004,Player 024,Team 010,2,3,Home
10,1,Player 024,Team 010,Player 017,Team 004,3,2,Away
10,1,Player 018,Team 004,Player 020,Team 010,3,0,Home
10,1,Player 020,Team 010,Player 018,Team 004,0,3,Away
10,1,Player 018,Team 004,Player 063,Team 010,3,0,Home
10,1,Player 063,Team 010,Player 018,Team 004,0,3,Away
10,1,Player 018,Team 004,Player 064,Team 010,3,0,Home
10,1,Player 064,Team 010,Player 018,Team 004,0,3,Away
10,1,Player 018,Team 004,Player 024,Team 010,2,3,Home
10,1,Player 024,Team 010,Player 018,Team 004,3,2,Away
10,1,Player 004,Team 004,Player 020,Team 010,3,1,Home
10,1,Player 020,Team 010,Player 004,Team 004,1,3,Away
10,1,Player 004,Team 004,Player 063,Team 010,3,0,Home
10,1,Player 063,Team 010,Player 004,Team 004,0,3,Away
10,1,Player 004,Team 004,Player 064,Team 010,3,0,Home
10,1,Player 064,Team 010,Player 004,Team 004,0,3,Away
10,1,Player 004,Team 004,Player 024,Team 010,3,2,Home
10,1,Player 024,Team 010,Player 004,Team 004,2,3,Away
10,1,Player 075,Team 004,Player 064,Team 010,3,1,Home
10,1,Player 064,Team 010,Player 075,Team 004,1,3,Away
10,1,Player 075,Team 004,Player 024,Team 010,3,1,Home
10,1,Player 024,Team 010,Player 075,Team 004,1,3,Away
10,2,Player 053,Team 002,Player 110,Team 005,3,0,Home
10,2,Player 110,Team 005,Player 053,Team 002,0,3,Away
10,2,Player 053,Team 002,Player 061,Team 005,3,0,Home
10,2,Player 061,Team 005,Player 053,Team 002,0,3,Away
10,2,Player 053,Team 002,Player 006,Team 005,0,3,Home
10,2,Player 006,Team 005,Player 053,Team 002,3,0,Away
10,2,Player 053,Team 002,Player 012,Team 005,0,3,Home
10,2,Player 012,Team 005,Player 053,Team 002,3,0,Away
10,2,Player 074,Team 002,Player 110,Team 005,3,0,Home
10,2,Player 110,Team 005,Player 074,Team 002,0,3,Away
10,2,Player 074,Team 002,Player 061,Team 005,3,1,Home
10,2,Player 061,Team 005,Player 074,Team 002,1,3,Away
10,2,Player 074,Team 002,Player 006,Team 005,0,3,Home
10,2,Player 006,Team 005,Player 074,Team 002,3,0,Away
10,2,Player 074,Team 002,Player 012,Team 005,3,1,Home
10,2,Player 012,Team 005,Player 074,Team 002,1,3,Away
10,2,Player 041,Team 002,Player 110,Team 005,3,0,Home
10,2,Player 110,Team 005,Player 041,Team 002,0,3,Away
10,2,Player 041,Team 002,Player 061,Team 005,3,1,Home
10,2,Player 061,Team 005,Player 041,Team 002,1,3,Away
10,2,Player 041,Team 002,Player 006,Team 005,0,3,Home
10,2,Player 006,Team 005,Player 041,Team 002,3,0,Away
10,2,Player 041,Team 002,Player 012,Team 005,0,3,Home
10,2,Player 012,Team 005,Player 041,Team 002,3,0,Away
10,2,Player 002,Team 002,Player 110,Team 005,3,0,Home
10,2,Player 110,Team 005,Player 002,Team 002,0,3,Away
10,2,Player 002,Team 002,Player 061,Team 005,3,1,Home
10,2,Player 061,Team 005,Player 002,Team 002,1,3,Away
10,2,Player 002,Team 002,Player 006,Team 005,2,3,Home
10,2,Player 006,Team 005,Player 002,Team 002,3,2,Away
10,2,Player 002,Team 002,Player 012,Team 005,0,3,Home
10,2,Player 012,Team 005,Player 002,Team 002,3,0,Away
10,3,Player 072,Team 011,Player 013,Team 001,0,3,Home
10,3,Player 013,Team 001,Player 072,Team 011,3,0,Away
10,3,Player 072,Team 011,Player 100,Team 001,0,3,Home
10,3,Player 100,Team 001,Player 072,Team 011,3,0,Away
10,3,Player 072,Team 011,Player 069,Team 001,0,3,Home
10,3,Player 069,Team 001,Player 072,Team 011,3,0,Away
10,3,Player 072,Team 011,Player 007,Team 001,0,3,Home
10,3,Player 007,Team 001,Player 072,Team 011,3,0,Away
10,3,Player 021,Team 011,Player 013,Team 001,0,3,Home
10,3,Player 013,Team 001,Player 021,Team 011,3,0,Away
10,3,Player 021,Team 011,Player 100,Team 001,0,3,Home
10,3,Player 100,Team 001,Player 021,Team 011,3,0,Away
10,3,Player 021,Team 011,Player 069,Team 001,0,3,Home
10,3,Player 069,Team 001,Player 021,Team 011,3,0,Away
10,3,Player 021,Team 011,Player 007,Team 001,0,3,Home
10,3,Player 007,Team 001,Player 021,Team 011,3,0,Away
10,3,Player 033,Team 011,Player 013,Team 001,0,3,Home
10,3,Player 013,Team 001,Player 033,Team 011,3,0,Away
10,3,Player 033,Team 011,Player 100,Team 001,1,3,Home
10,3,Player 100,Team 001,Player 033,Team 011,3,1,Away
10,3,Player 033,Team 011,Player 069,Team 001,0,3,Home
10,3,Player 069,Team 001,Player 033,Team 011,3,0,Away
10,3,Player 033,Team 011,Player 007,Team 001,0,3,Home
10,3,Player 007,Team 001,Player 033,Team 011,3,0,Away
10,3,Player 023,Team 011,Player 013,Team 001,0,3,Home
10,3,Player 013,Team 001,Player 023,Team 011,3,0,Away
10,3,Player 023,Team 011,Player 100,Team 001,0,3,Home
10,3,Player 100,Team 001,Player 023,Team 011,3,0,Away
10,3,Player 023,Team 011,Player 069,Team 001,0,3,Home
10,3,Player 069,Team 001,Player 023,Team 011,3,0,Away
10,3,Player 023,Team 011,Player 007,Team 001,0,3,Home
10,3,Player 007,Team 001,Player 023,Team 011,3,0,Away
10,4,Player 116,Team 007,Player 035,Team 008,3,1,Home
10,4,Player 035,Team 008,Player 116,Team 007,1,3,Away
10,4,Player 116,Team 007,Player 077,Team 008,3,1,Home
10,4,Player 077,Team 008,Player 116,Team 007,1,3,Away
10,4,Player 116,Team 007,Player 016,Team 008,2,3,Home
10,4,Player 016,Team 008,Player 116,Team 007,3,2,Away
10,4,Player 116,Team 007,Player 060,Team 008,3,0,Home
10,4,Player 060,Team 008,Player 116,Team 007,0,3,Away
10,4,Player 014,Team 007,Player 035,Team 008,3,0,Home
10,4,Player 035,Team 008,Player 014,Team 007,0,3,Away
10,4,Player 014,Team 007,Player 077,Team 008,3,1,Home
10,4,Player 077,Team 008,Player 014,Team 007,1,3,Away
10,4,Player 014,Team 007,Player 037,Team 008,3,1,Home
10,4,Player 037,Team 008,Player 014,Team 007,1,3,Away
10,4,Player 014,Team 007,Player 016,Team 008,0,3,Home
10,4,Player 016,Team 008,Player 014,Team 007,3,0,Away
10,4,Player 026,Team 007,Player 035,Team 008,3,0,Home
10,4,Player 035,Team 008,Player 026,Team 007,0,3,Away
10,4,Player 026,Team 007,Player 077,Team 008,3,1,Home
10,4,Player 077,Team 008,Player 026,Team 007,1,3,Away
10,4,Player 026,Team 007,Player 037,Team 008,3,2,Home
10,4,Player 037,Team 008,Player 026,Team 007,2,3,Away
10,4,Player 026,Team 007,Player 016,Team 008,0,3,Home
10,4,Player 016,Team 008,Player 026,Team 007,3,0,Away
10,4,Player 034,Team 007,Player 035,Team 008,3,1,Home
10,4,Player 035,Team 008,Player 034,Team 007,1,3,Away
10,4,Player 034,Team 007,Player 077,Team 008,3,0,Home
10,4,Player 077,Team 008,Player 034,Team 007,0,3,Away
10,4,Player 034,Team 007,Player 016,Team 008,3,2,Home
10,4,Player 016,Team 008,Player 034,Team 007,2,3,Away
10,4,Player 034,Team 007,Player 060,Team 008,3,2,Home
10,4,Player 060,Team 008,Player 034,Team 007,2,3,Away
10,5,Player 019,Team 009,(játék nélkül),Team 013,3,0,Home
10,5,(játék nélkül),Team 013,Player 019,Team 009,0,3,Away
10,5,Player 019,Team 009,(játék nélkül),Team 013,3,0,Home
10,5,(játék nélkül),Team 013,Player 019,Team 009,0,3,Away
10,5,Player 019,Team 009,(játék nélkül),Team 013,3,0,Home
10,5,(játék nélkül),Team 013,Player 019,Team 009,0,3,Away
10,5,Player 019,Team 009,(játék nélkül),Team 013,3,0,Home
10,5,(játék nélkül),Team 013,Player 019,Team 009,0,3,Away
10,5,Player 081,Team 009,(játék nélkül),Team 013,3,0,Home
10,5,(játék nélkül),Team 013,Player 081,Team 009,0,3,Away
10,5,Player 081,Team 009,(játék nélkül),Team 013,3,0,Home
10,5,(játék nélkül),Team 013,Player 081,Team 009,0,3,Away
10,5,Player 081,Team 009,(játék nélkül),Team 013,3,0,Home
10,5,(játék nélkül),Team 013,Player 081,Team 009,0,3,Away
10,5,Player 081,Team 009,(játék nélkül),Team 013,3,0,Home
10,5,(játék nélkül),Team 013,Player 081,Team 009,0,3,Away
10,5,Player 045,Team 009,(játék nélkül),Team 013,3,0,Home
10,5,(játék nélkül),Team 013,Player 045,Team 009,0,3,Away
10,5,Player 045,Team 009,(játék nélkül),Team 013,3,0,Home
10,5,(játék nélkül),Team 013,Player 045,Team 009,0,3,Away
10,5,Player 045,Team 009,(játék nélkül),Team 013,3,0,Home
10,5,(játék nélkül),Team 013,Player 045,Team 009,0,3,Away
10,5,Player 045,Team 009,(játék nélkül),Team 013,3,0,Home
10,5,(játék nélkül),Team 013,Player 045,Team 009,0,3,Away
10,5,Player 029,Team 009,(játék nélkül),Team 013,3,0,Home
10,5,(játék nélkül),Team 013,Player 029,Team 009,0,3,Away
10,5,Player 029,Team 009,(játék nélkül),Team 013,3,0,Home
10,5,(játék nélkül),Team 013,Player 029,Team 009,0,3,Away
10,5,Player 029,Team 009,(játék nélkül),Team 013,3,0,Home
10,5,(játék nélkül),Team 013,Player 029,Team 009,0,3,Away
10,5,Player 029,Team 009,(játék nélkül),Team 013,3,0,Home
10,5,(játék nélkül),Team 013,Player 029,Team 009,0,3,Away
10,6,Player 071,Team 014,Player 046,Team 015,3,1,Home
10,6,Player 046,Team 015,Player 071,Team 014,1,3,Away
10,6,Player 071,Team 014,Player 047,Team 015,3,1,Home
10,6,Player 047,Team 015,Player 071,Team 014,1,3,Away
10,6,Player 071,Team 014,Player 048,Team 015,3,1,Home
10,6,Player 048,Team 015,Player 071,Team 014,1,3,Away
10,6,Player 071,Team 014,Player 056,Team 015,3,0,Home
10,6,Player 056,Team 015,Player 071,Team 014,0,3,Away
10,6,Player 031,Team 014,Player 046,Team 015,3,1,Home
10,6,Player 046,Team 015,Player 031,Team 014,1,3,Away
10,6,Player 031,Team 014,Player 047,Team 015,3,0,Home
10,6,Player 047,Team 015,Player 031,Team 014,0,3,Away
10,6,Player 031,Team 014,Player 048,Team 015,3,0,Home
10,6,Player 048,Team 015,Player 031,Team 014,0,3,Away
10,6,Player 031,Team 014,Player 056,Team 015,0,3,Home
10,6,Player 056,Team 015,Player 031,Team 014,3,0,Away
10,6,Player 084,Team 014,Player 046,Team 015,1,3,Home
10,6,Player 046,Team 015,Player 084,Team 014,3,1,Away
10,6,Player 084,Team 014,Player 047,Team 015,0,3,Home
10,6,Player 047,Team 015,Player 084,Team 014,3,0,Away
10,6,Player 084,Team 014,Player 048,Team 015,1,3,Home
10,6,Player 048,Team 015,Player 084,Team 014,3,1,Away
10,6,Player 084,Team 014,Player 056,Team 015,2,3,Home
10,6,Player 056,Team 015,Player 084,Team 014,3,2,Away
10,6,Player 043,Team 014,Player 046,Team 015,0,3,Home
10,6,Player 046,Team 015,Player 043,Team 014,3,0,Away
10,6,Player 043,Team 014,Player 047,Team 015,3,1,Home
10,6,Player 047,Team 015,Player 043,Team 014,1,3,Away
10,6,Player 043,Team 014,Player 048,Team 015,0,3,Home
10,6,Player 048,Team 015,Player 043,Team 014,3,0,Away
10,6,Player 043,Team 014,Player 056,Team 015,1,3,Home
10,6,Player 056,Team 015,Player 043,Team 014,3,1,Away
10,7,Player 003,Team 003,Player 010,Team 006,1,3,Home
10,7,Player 010,Team 006,Player 003,Team 003,3,1,Away
10,7,Player 003,Team 003,Player 102,Team 006,0,3,Home
10,7,Player 102,Team 006,Player 003,Team 003,3,0,Away
10,7,Player 003,Team 003,Player 032,Team 006,3,0,Home
10,7,Player 032,Team 006,Player 003,Team 003,0,3,Away
10,7,Player 003,Team 003,Player 073,Team 006,1,3,Home
10,7,Player 073,Team 006,Player 003,Team 003,3,1,Away
10,7,Player 067,Team 003,Player 010,Team 006,0,3,Home
10,7,Player 010,Team 006,Player 067,Team 003,3,0,Away
10,7,Player 067,Team 003,Player 102,Team 006,3,1,Home
10,7,Player 102,Team 006,Player 067,Team 003,1,3,Away
10,7,Player 067,Team 003,Player 032,Team 006,3,0,Home
10,7,Player 032,Team 006,Player 067,Team 003,0,3,Away
10,7,Player 067,Team 003,Player 073,Team 006,3,0,Home
10,7,Player 073,Team 006,Player 067,Team 003,0,3,Away
10,7,Player 125,Team 003,Player 010,Team 006,1,3,Home
10,7,Player 010,Team 006,Player 125,Team 003,3,1,Away
10,7,Player 125,Team 003,Player 102,Team 006,3,1,Home
10,7,Player 102,Team 006,Player 125,Team 003,1,3,Away
10,7,Player 125,Team 003,Player 032,Team 006,3,0,Home
10,7,Player 032,Team 006,Player 125,Team 003,0,3,Away
10,7,Player 125,Team 003,Player 073,Team 006,1,3,Home
10,7,Player 073,Team 006,Player 125,Team 003,3,1,Away
10,7,Player 008,Team 003,Player 010,Team 006,2,3,Home
10,7,Player 010,Team 006,Player 008,Team 003,3,2,Away
10,7,Player 008,Team 003,Player 102,Team 006,3,0,Home
10,7,Player 102,Team 006,Player 008,Team 003,0,3,Away
10,7,Player 008,Team 003,Player 032,Team 006,3,1,Home
10,7,Player 032,Team 006,Player 008,Team 003,1,3,Away
10,7,Player 008,Team 003,Player 073,Team 006,3,1,Home
10,7,Player 073,Team 006,Player 008,Team 003,1,3,Away
10,8,Player 087,Team 016,Player 117,Team 012,1,3,Home
10,8,Player 117,Team 012,Player 087,Team 016,3,1,Away
10,8,Player 087,Team 016,Player 109,Team 012,1,3,Home
10,8,Player 109,Team 012,Player 087,Team 016,3,1,Away
10,8,Player 087,Team 016,Player 028,Team 012,0,3,Home
10,8,Player 028,Team 012,Player 087,Team 016,3,0,Away
10,8,Player 087,Team 016,Player 039,Team 012,0,3,Home
10,8,Player 039,Team 012,Player 087,Team 016,3,0,Away
10,8,Player 057,Team 016,Player 117,Team 012,2,3,Home
10,8,Player 117,Team 012,Player 057,Team 016,3,2,Away
10,8,Player 057,Team 016,Player 109,Team 012,0,3,Home
10,8,Player 109,Team 012,Player 057,Team 016,3,0,Away
10,8,Player 057,Team 016,Player 028,Team 012,0,3,Home
10,8,Player 028,Team 012,Player 057,Team 016,3,0,Away
10,8,Player 057,Team 016,Player 039,Team 012,0,3,Home
10,8,Player 039,Team 012,Player 057,Team 016,3,0,Away
10,8,Player 086,Team 016,Player 117,Team 012,1,3,Home
10,8,Player 117,Team 012,Player 086,Team 016,3,1,Away
10,8,Player 086,Team 016,Player 109,Team 012,1,3,Home
10,8,Player 109,Team 012,Player 086,Team 016,3,1,Away
10,8,Player 086,Team 016,Player 028,Team 012,0,3,Home
10,8,Player 028,Team 012,Player 086,Team 016,3,0,Away
10,8,Player 086,Team 016,Player 039,Team 012,0,3,Home
10,8,Player 039,Team 012,Player 086,Team 016,3,0,Away
10,8,Player 059,Team 016,Player 117,Team 012,3,0,Home
10,8,Player 117,Team 012,Player 059,Team 016,0,3,Away
10,8,Player 059,Team 016,Player 109,Team 012,2,3,Home
10,8,Player 109,Team 012,Player 059,Team 016,3,2,Away
10,8,Player 059,Team 016,Player 028,Team 012,0,3,Home
10,8,Player 028,Team 012,Player 059,Team 016,3,0,Away
10,8,Player 059,Team 016,Player 039,Team 012,1,3,Home
10,8,Player 039,Team 012,Player 059,Team 016,3,1,Away
11,1,Player 064,Team 010,Player 096,Team 014,0,3,Home
11,1,Player 096,Team 014,Player 064,Team 010,3,0,Away
11,1,Player 064,Team 010,Player 070,Team 014,0,3,Home
11,1,Player 070,Team 014,Player 064,Team 010,3,0,Away
11,1,Player 064,Team 010,Player 084,Team 014,3,1,Home
11,1,Player 084,Team 014,Player 064,Team 010,1,3,Away
11,1,Player 064,Team 010,Player 043,Team 014,0,3,Home
11,1,Player 043,Team 014,Player 064,Team 010,3,0,Away
11,1,Player 020,Team 010,Player 096,Team 014,0,3,Home
11,1,Player 096,Team 014,Player 020,Team 010,3,0,Away
11,1,Player 020,Team 010,Player 070,Team 014,3,1,Home
11,1,Player 070,Team 014,Player 020,Team 010,1,3,Away
11,1,Player 020,Team 010,Player 084,Team 014,3,0,Home
11,1,Player 084,Team 014,Player 020,Team 010,0,3,Away
11,1,Player 020,Team 010,Player 043,Team 014,3,1,Home
11,1,Player 043,Team 014,Player 020,Team 010,1,3,Away
11,1,Player 103,Team 010,Player 096,Team 014,1,3,Home
11,1,Player 096,Team 014,Player 103,Team 010,3,1,Away
11,1,Player 103,Team 010,Player 070,Team 014,0,3,Home
11,1,Player 070,Team 014,Player 103,Team 010,3,0,Away
11,1,Player 103,Team 010,Player 084,Team 014,2,3,Home
11,1,Player 084,Team 014,Player 103,Team 010,3,2,Away
11,1,Player 103,Team 010,Player 043,Team 014,1,3,Home
11,1,Player 043,Team 014,Player 103,Team 010,3,1,Away
11,1,Player 089,Team 010,Player 096,Team 014,3,0,Home
11,1,Player 096,Team 014,Player 089,Team 010,0,3,Away
11,1,Player 089,Team 010,Player 070,Team 014,3,1,Home
11,1,Player 070,Team 014,Player 089,Team 010,1,3,Away
11,1,Player 089,Team 010,Player 084,Team 014,3,0,Home
11,1,Player 084,Team 014,Player 089,Team 010,0,3,Away
11,1,Player 089,Team 010,Player 043,Team 014,3,0,Home
11,1,Player 043,Team 014,Player 089,Team 010,0,3,Away
11,2,Player 052,Team 013,Player 078,Team 002,3,1,Home
11,2,Player 078,Team 002,Player 052,Team 013,1,3,Away
11,2,Player 052,Team 013,Player 002,Team 002,1,3,Home
11,2,Player 002,Team 002,Player 052,Team 013,3,1,Away
11,2,Player 052,Team 013,Player 074,Team 002,3,0,Home
11,2,Player 074,Team 002,Player 052,Team 013,0,3,Away
11,2,Player 052,Team 013,Player 054,Team 002,3,0,Home
11,2,Player 054,Team 002,Player 052,Team 013,0,3,Away
11,2,Player 051,Team 013,Player 078,Team 002,3,1,Home
11,2,Player 078,Team 002,Player 051,Team 013,1,3,Away
11,2,Player 051,Team 013,Player 002,Team 002,0,3,Home
11,2,Player 002,Team 002,Player 051,Team 013,3,0,Away
11,2,Player 051,Team 013,Player 074,Team 002,0,3,Home
11,2,Player 074,Team 002,Player 051,Team 013,3,0,Away
11,2,Player 051,Team 013,Player 054,Team 002,3,0,Home
11,2,Player 054,Team 002,Player 051,Team 013,0,3,Away
11,2,Player 029,Team 013,Player 078,Team 002,3,0,Home
11,2,Player 078,Team 002,Player 029,Team 013,0,3,Away
11,2,Player 029,Team 013,Player 074,Team 002,3,0,Home
11,2,Player 074,Team 002,Player 029,Team 013,0,3,Away
11,2,Player 029,Team 013,Player 054,Team 002,3,0,Home
11,2,Player 054,Team 002,Player 029,Team 013,0,3,Away
11,2,Player 029,Team 013,Player 041,Team 002,3,1,Home
11,2,Player 041,Team 002,Player 029,Team 013,1,3,Away
11,2,(játék nélkül),Team 013,Player 078,Team 002,0,3,Home
11,2,Player 078,Team 002,(játék nélkül),Team 013,3,0,Away
11,2,(játék nélkül),Team 013,Player 074,Team 002,0,3,Home
11,2,Player 074,Team 002,(játék nélkül),Team 013,3,0,Away
11,2,(játék nélkül),Team 013,Player 054,Team 002,0,3,Home
11,2,Player 054,Team 002,(játék nélkül),Team 013,3,0,Away
11,2,(játék nélkül),Team 013,Player 041,Team 002,0,3,Home
11,2,Player 041,Team 002,(játék nélkül),Team 013,3,0,Away
11,3,Player 083,Team 012,Player 022,Team 011,0,3,Home
11,3,Player 022,Team 011,Player 083,Team 012,3,0,Away
11,3,Player 083,Team 012,Player 023,Team 011,1,3,Home
11,3,Player 023,Team 011,Player 083,Team 012,3,1,Away
11,3,Player 083,Team 012,Player 072,Team 011,0,3,Home
11,3,Player 072,Team 011,Player 083,Team 012,3,0,Away
11,3,Player 083,Team 012,Player 021,Team 011,0,3,Home
11,3,Player 021,Team 011,Player 083,Team 012,3,0,Away
11,3,Player 039,Team 012,Player 022,Team 011,3,0,Home
11,3,Player 022,Team 011,Player 039,Team 012,0,3,Away
11,3,Player 039,Team 012,Player 023,Team 011,1,3,Home
11,3,Player 023,Team 011,Player 039,Team 012,3,1,Away
11,3,Player 039,Team 012,Player 072,Team 011,1,3,Home
11,3,Player 072,Team 011,Player 039,Team 012,3,1,Away
11,3,Player 039,Team 012,Player 021,Team 011,2,3,Home
11,3,Player 021,Team 011,Player 039,Team 012,3,2,Away
11,3,Player 028,Team 012,Player 022,Team 011,3,0,Home
11,3,Player 022,Team 011,Player 028,Team 012,0,3,Away
11,3,Player 028,Team 012,Player 023,Team 011,3,2,Home
11,3,Player 023,Team 011,Player 028,Team 012,2,3,Away
11,3,Player 028,Team 012,Player 072,Team 011,3,0,Home
11,3,Player 072,Team 011,Player 028,Team 012,0,3,Away
11,3,Player 028,Team 012,Player 021,Team 011,3,2,Home
11,3,Player 021,Team 011,Player 028,Team 012,2,3,Away
11,3,Player 025,Team 012,Player 022,Team 011,3,0,Home
11,3,Player 022,Team 011,Player 025,Team 012,0,3,Away
11,3,Player 025,Team 012,Player 023,Team 011,3,0,Home
11,3,Player 023,Team 011,Player 025,Team 012,0,3,Away
11,3,Player 025,Team 012,Player 072,Team 011,1,3,Home
11,3,Player 072,Team 011,Player 025,Team 012,3,1,Away
11,3,Player 025,Team 012,Player 021,Team 011,2,3,Home
11,3,Player 021,Team 011,Player 025,Team 012,3,2,Away
11,4,Player 100,Team 001,Player 034,Team 007,3,0,Home
11,4,Player 034,Team 007,Player 100,Team 001,0,3,Away
11,4,Player 100,Team 001,Player 014,Team 007,3,1,Home
11,4,Player 014,Team 007,Player 100,Team 001,1,3,Away
11,4,Player 100,Team 001,Player 118,Team 007,3,0,Home
11,4,Player 118,Team 007,Player 100,Team 001,0,3,Away
11,4,Player 100,Team 001,Player 116,Team 007,3,0,Home
11,4,Player 116,Team 007,Player 100,Team 001,0,3,Away
11,4,Player 007,Team 001,Player 034,Team 007,3,0,Home
11,4,Player 034,Team 007,Player 007,Team 001,0,3,Away
11,4,Player 007,Team 001,Player 014,Team 007,3,0,Home
11,4,Player 014,Team 007,Player 007,Team 001,0,3,Away
11,4,Player 007,Team 001,Player 118,Team 007,3,0,Home
11,4,Player 118,Team 007,Player 007,Team 001,0,3,Away
11,4,Player 007,Team 001,Player 116,Team 007,3,2,Home
11,4,Player 116,Team 007,Player 007,Team 001,2,3,Away
11,4,Player 001,Team 001,Player 034,Team 007,3,0,Home
11,4,Player 034,Team 007,Player 001,Team 001,0,3,Away
11,4,Player 001,Team 001,Player 118,Team 007,3,0,Home
11,4,Player 118,Team 007,Player 001,Team 001,0,3,Away
11,4,Player 001,Team 001,Player 116,Team 007,3,2,Home
11,4,Player 116,Team 007,Player 001,Team 001,2,3,Away
11,4,Player 001,Team 001,Player 026,Team 007,2,3,Home
11,4,Player 026,Team 007,Player 001,Team 001,3,2,Away
11,4,Player 013,Team 001,Player 034,Team 007,3,0,Home
11,4,Player 034,Team 007,Player 013,Team 001,0,3,Away
11,4,Player 013,Team 001,Player 118,Team 007,3,1,Home
11,4,Player 118,Team 007,Player 013,Team 001,1,3,Away
11,4,Player 013,Team 001,Player 116,Team 007,3,1,Home
11,4,Player 116,Team 007,Player 013,Team 001,1,3,Away
11,4,Player 013,Team 001,Player 026,Team 007,3,0,Home
11,4,Player 026,Team 007,Player 013,Team 001,0,3,Away
11,5,Player 046,Team 015,Player 045,Team 009,3,1,Home
11,5,Player 045,Team 009,Player 046,Team 015,1,3,Away
11,5,Player 046,Team 015,Player 058,Team 009,3,0,Home
11,5,Player 058,Team 009,Player 046,Team 015,0,3,Away
11,5,Player 046,Team 015,Player 068,Team 009,0,3,Home
11,5,Player 068,Team 009,Player 046,Team 015,3,0,Away
11,5,Player 046,Team 015,Player 079,Team 009,3,1,Home
11,5,Player 079,Team 009,Player 046,Team 015,1,3,Away
11,5,Player 056,Team 015,Player 045,Team 009,3,1,Home
11,5,Player 045,Team 009,Player 056,Team 015,1,3,Away
11,5,Player 056,Team 015,Player 058,Team 009,3,2,Home
11,5,Player 058,Team 009,Player 056,Team 015,2,3,Away
11,5,Player 056,Team 015,Player 068,Team 009,0,3,Home
11,5,Player 068,Team 009,Player 056,Team 015,3,0,Away
11,5,Player 056,Team 015,Player 079,Team 009,3,0,Home
11,5,Player 079,Team 009,Player 056,Team 015,0,3,Away
11,5,Player 047,Team 015,Player 045,Team 009,3,0,Home
11,5,Player 045,Team 009,Player 047,Team 015,0,3,Away
11,5,Player 047,Team 015,Player 058,Team 009,3,2,Home
11,5,Player 058,Team 009,Player 047,Team 015,2,3,Away
11,5,Player 047,Team 015,Player 068,Team 009,0,3,Home
11,5,Player 068,Team 009,Player 047,Team 015,3,0,Away
11,5,Player 047,Team 015,Player 079,Team 009,3,1,Home
11,5,Player 079,Team 009,Player 047,Team 015,1,3,Away
11,5,Player 048,Team 015,Player 045,Team 009,3,0,Home
11,5,Player 045,Team 009,Player 048,Team 015,0,3,Away
11,5,Player 048,Team 015,Player 058,Team 009,3,0,Home
11,5,Player 058,Team 009,Player 048,Team 015,0,3,Away
11,5,Player 048,Team 015,Player 068,Team 009,0,3,Home
11,5,Player 068,Team 009,Player 048,Team 015,3,0,Away
11,5,Player 048,Team 015,Player 079,Team 009,1,3,Home
11,5,Player 079,Team 009,Player 048,Team 015,3,1,Away
11,6,Player 077,Team 008,Player 004,Team 004,1,3,Home
11,6,Player 004,Team 004,Player 077,Team 008,3,1,Away
11,6,Player 077,Team 008,Player 018,Team 004,3,0,Home
11,6,Player 018,Team 004,Player 077,Team 008,0,3,Away
11,6,Player 077,Team 008,Player 009,Team 004,0,3,Home
11,6,Player 009,Team 004,Player 077,Team 008,3,0,Away
11,6,Player 077,Team 008,Player 017,Team 004,1,3,Home
11,6,Player 017,Team 004,Player 077,Team 008,3,1,Away
11,6,Player 037,Team 008,Player 004,Team 004,0,3,Home
11,6,Player 004,Team 004,Player 037,Team 008,3,0,Away
11,6,Player 037,Team 008,Player 018,Team 004,3,0,Home
11,6,Player 018,Team 004,Player 037,Team 008,0,3,Away
11,6,Player 037,Team 008,Player 009,Team 004,2,3,Home
11,6,Player 009,Team 004,Player 037,Team 008,3,2,Away
11,6,Player 037,Team 008,Player 017,Team 004,3,1,Home
11,6,Player 017,Team 004,Player 037,Team 008,1,3,Away
11,6,Player 036,Team 008,Player 004,Team 004,3,1,Home
11,6,Player 004,Team 004,Player 036,Team 008,1,3,Away
11,6,Player 036,Team 008,Player 018,Team 004,3,0,Home
11,6,Player 018,Team 004,Player 036,Team 008,0,3,Away
11,6,Player 036,Team 008,Player 009,Team 004,0,3,Home
11,6,Player 009,Team 004,Player 036,Team 008,3,0,Away
11,6,Player 036,Team 008,Player 017,Team 004,3,1,Home
11,6,Player 017,Team 004,Player 036,Team 008,1,3,Away
11,6,Player 016,Team 008,Player 004,Team 004,3,1,Home
11,6,Player 004,Team 004,Player 016,Team 008,1,3,Away
11,6,Player 016,Team 008,Player 018,Team 004,3,0,Home
11,6,Player 018,Team 004,Player 016,Team 008,0,3,Away
11,6,Player 016,Team 008,Player 009,Team 004,2,3,Home
11,6,Player 009,Team 004,Player 016,Team 008,3,2,Away
11,6,Player 016,Team 008,Player 017,Team 004,3,0,Home
11,6,Player 017,Team 004,Player 016,Team 008,0,3,Away
11,7,Player 091,Team 005,Player 008,Team 003,0,3,Home
11,7,Player 008,Team 003,Player 091,Team 005,3,0,Away
11,7,Player 091,Team 005,Player 067,Team 003,0,3,Home
11,7,Player 067,Team 003,Player 091,Team 005,3,0,Away
11,7,Player 091,Team 005,Player 003,Team 003,0,3,Home
11,7,Player 003,Team 003,Player 091,Team 005,3,0,Away
11,7,Player 091,Team 005,Player 005,Team 003,1,3,Home
11,7,Player 005,Team 003,Player 091,Team 005,3,1,Away
11,7,Player 038,Team 005,Player 008,Team 003,2,3,Home
11,7,Player 008,Team 003,Player 038,Team 005,3,2,Away
11,7,Player 038,Team 005,Player 067,Team 003,0,3,Home
11,7,Player 067,Team 003,Player 038,Team 005,3,0,Away
11,7,Player 038,Team 005,Player 003,Team 003,3,2,Home
11,7,Player 003,Team 003,Player 038,Team 005,2,3,Away
11,7,Player 038,Team 005,Player 005,Team 003,1,3,Home
11,7,Player 005,Team 003,Player 038,Team 005,3,1,Away
11,7,Player 012,Team 005,Player 008,Team 003,0,3,Home
11,7,Player 008,Team 003,Player 012,Team 005,3,0,Away
11,7,Player 012,Team 005,Player 067,Team 003,0,3,Home
11,7,Player 067,Team 003,Player 012,Team 005,3,0,Away
11,7,Player 012,Team 005,Player 003,Team 003,2,3,Home
11,7,Player 003,Team 003,Player 012,Team 005,3,2,Away
11,7,Player 012,Team 005,Player 005,Team 003,3,2,Home
11,7,Player 005,Team 003,Player 012,Team 005,2,3,Away
11,7,Player 006,Team 005,Player 008,Team 003,3,1,Home
11,7,Player 008,Team 003,Player 006,Team 005,1,3,Away
11,7,Player 006,Team 005,Player 067,Team 003,2,3,Home
11,7,Player 067,Team 003,Player 006,Team 005,3,2,Away
11,7,Player 006,Team 005,Player 003,Team 003,3,1,Home
11,7,Player 003,Team 003,Player 006,Team 005,1,3,Away
11,7,Player 006,Team 005,Player 005,Team 003,3,1,Home
11,7,Player 005,Team 003,Player 006,Team 005,1,3,Away
11,8,Player 102,Team 006,Player 057,Team 016,3,0,Home
11,8,Player 057,Team 016,Player 102,Team 006,0,3,Away
11,8,Player 102,Team 006,Player 087,Team 016,3,0,Home
11,8,Player 087,Team 016,Player 102,Team 006,0,3,Away
11,8,Player 102,Team 006,Player 059,Team 016,3,1,Home
11,8,Player 059,Team 016,Player 102,Team 006,1,3,Away
11,8,Player 102,Team 006,Player 085,Team 016,3,0,Home
11,8,Player 085,Team 016,Player 102,Team 006,0,3,Away
11,8,Player 062,Team 006,Player 057,Team 016,2,3,Home
11,8,Player 057,Team 016,Player 062,Team 006,3,2,Away
11,8,Player 062,Team 006,Player 087,Team 016,1,3,Home
11,8,Player 087,Team 016,Player 062,Team 006,3,1,Away
11,8,Player 062,Team 006,Player 059,Team 016,0,3,Home
11,8,Player 059,Team 016,Player 062,Team 006,3,0,Away
11,8,Player 062,Team 006,Player 085,Team 016,0,3,Home
11,8,Player 085,Team 016,Player 062,Team 006,3,0,Away
11,8,Player 030,Team 006,Player 057,Team 016,3,1,Home
11,8,Player 057,Team 016,Player 030,Team 006,1,3,Away
11,8,Player 030,Team 006,Player 087,Team 016,0,3,Home
11,8,Player 087,Team 016,Player 030,Team 006,3,0,Away
11,8,Player 030,Team 006,Player 059,Team 016,1,3,Home
11,8,Player 059,Team 016,Player 030,Team 006,3,1,Away
11,8,Player 030,Team 006,Player 085,Team 016,0,3,Home
11,8,Player 085,Team 016,Player 030,Team 006,3,0,Away
11,8,Player 010,Team 006,Player 057,Team 016,3,0,Home
11,8,Player 057,Team 016,Player 010,Team 006,0,3,Away
11,8,Player 010,Team 006,Player 087,Team 016,3,1,Home
11,8,Player 087,Team 016,Player 010,Team 006,1,3,Away
11,8,Player 010,Team 006,Player 059,Team 016,3,2,Home
11,8,Player 059,Team 016,Player 010,Team 006,2,3,Away
11,8,Player 010,Team 006,Player 085,Team 016,3,0,Home
11,8,Player 085,Team 016,Player 010,Team 006,0,3,Away
12,1,Player 063,Team 010,Player 046,Team 015,0,3,Home
12,1,Player 046,Team 015,Player 063,Team 010,3,0,Away
12,1,Player 063,Team 010,Player 048,Team 015,0,3,Home
12,1,Player 048,Team 015,Player 063,Team 010,3,0,Away
12,1,Player 063,Team 010,Player 047,Team 015,0,3,Home
12,1,Player 047,Team 015,Player 063,Team 010,3,0,Away
12,1,Player 063,Team 010,Player 112,Team 015,1,3,Home
12,1,Player 112,Team 015,Player 063,Team 010,3,1,Away
12,1,Player 103,Team 010,Player 046,Team 015,1,3,Home
12,1,Player 046,Team 015,Player 103,Team 010,3,1,Away
12,1,Player 103,Team 010,Player 048,Team 015,2,3,Home
12,1,Player 048,Team 015,Player 103,Team 010,3,2,Away
12,1,Player 103,Team 010,Player 047,Team 015,0,3,Home
12,1,Player 047,Team 015,Player 103,Team 010,3,0,Away
12,1,Player 103,Team 010,Player 112,Team 015,1,3,Home
12,1,Player 112,Team 015,Player 103,Team 010,3,1,Away
12,1,Player 115,Team 010,Player 046,Team 015,0,3,Home
12,1,Player 046,Team 015,Player 115,Team 010,3,0,Away
12,1,Player 115,Team 010,Player 048,Team 015,0,3,Home
12,1,Player 048,Team 015,Player 115,Team 010,3,0,Away
12,1,Player 115,Team 010,Player 047,Team 015,0,3,Home
12,1,Player 047,Team 015,Player 115,Team 010,3,0,Away
12,1,Player 115,Team 010,Player 112,Team 015,1,3,Home
12,1,Player 112,Team 015,Player 115,Team 010,3,1,Away
12,1,Player 024,Team 010,Player 046,Team 015,2,3,Home
12,1,Player 046,Team 015,Player 024,Team 010,3,2,Away
12,1,Player 024,Team 010,Player 048,Team 015,3,1,Home
12,1,Player 048,Team 015,Player 024,Team 010,1,3,Away
12,1,Player 024,Team 010,Player 047,Team 015,2,3,Home
12,1,Player 047,Team 015,Player 024,Team 010,3,2,Away
12,1,Player 024,Team 010,Player 112,Team 015,3,0,Home
12,1,Player 112,Team 015,Player 024,Team 010,0,3,Away
12,2,Player 053,Team 002,Player 045,Team 009,2,3,Home
12,2,Player 045,Team 009,Player 053,Team 002,3,2,Away
12,2,Player 053,Team 002,Player 019,Team 009,0,3,Home
12,2,Player 019,Team 009,Player 053,Team 002,3,0,Away
12,2,Player 053,Team 002,Player 068,Team 009,0,3,Home
12,2,Player 068,Team 009,Player 053,Team 002,3,0,Away
12,2,Player 053,Team 002,Player 058,Team 009,2,3,Home
12,2,Player 058,Team 009,Player 053,Team 002,3,2,Away
12,2,Player 041,Team 002,Player 045,Team 009,1,3,Home
12,2,Player 045,Team 009,Player 041,Team 002,3,1,Away
12,2,Player 041,Team 002,Player 019,Team 009,2,3,Home
12,2,Player 019,Team 009,Player 041,Team 002,3,2,Away
12,2,Player 041,Team 002,Player 068,Team 009,1,3,Home
12,2,Player 068,Team 009,Player 041,Team 002,3,1,Away
12,2,Player 041,Team 002,Player 058,Team 009,1,3,Home
12,2,Player 058,Team 009,Player 041,Team 002,3,1,Away
12,2,Player 054,Team 002,Player 045,Team 009,1,3,Home
12,2,Player 045,Team 009,Player 054,Team 002,3,1,Away
12,2,Player 054,Team 002,Player 019,Team 009,0,3,Home
12,2,Player 019,Team 009,Player 054,Team 002,3,0,Away
12,2,Player 054,Team 002,Player 068,Team 009,0,3,Home
12,2,Player 068,Team 009,Player 054,Team 002,3,0,Away
12,2,Player 054,Team 002,Player 058,Team 009,1,3,Home
12,2,Player 058,Team 009,Player 054,Team 002,3,1,Away
12,2,Player 002,Team 002,Player 045,Team 009,3,0,Home
12,2,Player 045,Team 009,Player 002,Team 002,0,3,Away
12,2,Player 002,Team 002,Player 058,Team 009,3,1,Home
12,2,Player 058,Team 009,Player 002,Team 002,1,3,Away
12,2,Player 078,Team 002,Player 019,Team 009,0,3,Home
12,2,Player 019,Team 009,Player 078,Team 002,3,0,Away
12,2,Player 078,Team 002,Player 068,Team 009,0,3,Home
12,2,Player 068,Team 009,Player 078,Team 002,3,0,Away
12,3,Player 021,Team 011,Player 010,Team 006,2,3,Home
12,3,Player 010,Team 006,Player 021,Team 011,3,2,Away
12,3,Player 021,Team 011,Player 062,Team 006,3,0,Home
12,3,Player 062,Team 006,Player 021,Team 011,0,3,Away
12,3,Player 021,Team 011,Player 030,Team 006,3,0,Home
12,3,Player 030,Team 006,Player 021,Team 011,0,3,Away
12,3,Player 021,Team 011,Player 102,Team 006,3,2,Home
12,3,Player 102,Team 006,Player 021,Team 011,2,3,Away
12,3,Player 022,Team 011,Player 010,Team 006,0,3,Home
12,3,Player 010,Team 006,Player 022,Team 011,3,0,Away
12,3,Player 022,Team 011,Player 062,Team 006,3,0,Home
12,3,Player 062,Team 006,Player 022,Team 011,0,3,Away
12,3,Player 022,Team 011,Player 030,Team 006,3,1,Home
12,3,Player 030,Team 006,Player 022,Team 011,1,3,Away
12,3,Player 022,Team 011,Player 102,Team 006,3,2,Home
12,3,Player 102,Team 006,Player 022,Team 011,2,3,Away
12,3,Player 072,Team 011,Player 010,Team 006,3,2,Home
12,3,Player 010,Team 006,Player 072,Team 011,2,3,Away
12,3,Player 072,Team 011,Player 062,Team 006,3,0,Home
12,3,Player 062,Team 006,Player 072,Team 011,0,3,Away
12,3,Player 072,Team 011,Player 030,Team 006,3,0,Home
12,3,Player 030,Team 006,Player 072,Team 011,0,3,Away
12,3,Player 072,Team 011,Player 102,Team 006,3,0,Home
12,3,Player 102,Team 006,Player 072,Team 011,0,3,Away
12,3,Player 023,Team 011,Player 010,Team 006,0,3,Home
12,3,Player 010,Team 006,Player 023,Team 011,3,0,Away
12,3,Player 023,Team 011,Player 062,Team 006,3,1,Home
12,3,Player 062,Team 006,Player 023,Team 011,1,3,Away
12,3,Player 023,Team 011,Player 030,Team 006,3,1,Home
12,3,Player 030,Team 006,Player 023,Team 011,1,3,Away
12,3,Player 023,Team 011,Player 102,Team 006,3,1,Home
12,3,Player 102,Team 006,Player 023,Team 011,1,3,Away
12,4,Player 017,Team 004,Player 100,Team 001,0,3,Home
12,4,Player 100,Team 001,Player 017,Team 004,3,0,Away
12,4,Player 017,Team 004,Player 076,Team 001,2,3,Home
12,4,Player 076,Team 001,Player 017,Team 004,3,2,Away
12,4,Player 017,Team 004,Player 007,Team 001,0,3,Home
12,4,Player 007,Team 001,Player 017,Team 004,3,0,Away
12,4,Player 017,Team 004,Player 101,Team 001,3,1,Home
12,4,Player 101,Team 001,Player 017,Team 004,1,3,Away
12,4,Player 004,Team 004,Player 100,Team 001,0,3,Home
12,4,Player 100,Team 001,Player 004,Team 004,3,0,Away
12,4,Player 004,Team 004,Player 076,Team 001,1,3,Home
12,4,Player 076,Team 001,Player 004,Team 004,3,1,Away
12,4,Player 004,Team 004,Player 007,Team 001,0,3,Home
12,4,Player 007,Team 001,Player 004,Team 004,3,0,Away
12,4,Player 004,Team 004,Player 101,Team 001,3,0,Home
12,4,Player 101,Team 001,Player 004,Team 004,0,3,Away
12,4,Player 018,Team 004,Player 100,Team 001,0,3,Home
12,4,Player 100,Team 001,Player 018,Team 004,3,0,Away
12,4,Player 018,Team 004,Player 076,Team 001,3,2,Home
12,4,Player 076,Team 001,Player 018,Team 004,2,3,Away
12,4,Player 018,Team 004,Player 007,Team 001,0,3,Home
12,4,Player 007,Team 001,Player 018,Team 004,3,0,Away
12,4,Player 018,Team 004,Player 101,Team 001,3,2,Home
12,4,Player 101,Team 001,Player 018,Team 004,2,3,Away
12,4,Player 009,Team 004,Player 100,Team 001,1,3,Home
12,4,Player 100,Team 001,Player 009,Team 004,3,1,Away
12,4,Player 009,Team 004,Player 076,Team 001,3,2,Home
12,4,Player 076,Team 001,Player 009,Team 004,2,3,Away
12,4,Player 009,Team 004,Player 101,Team 001,3,0,Home
12,4,Player 101,Team 001,Player 009,Team 004,0,3,Away
12,4,Player 075,Team 004,Player 007,Team 001,0,3,Home
12,4,Player 007,Team 001,Player 075,Team 004,3,0,Away
12,5,Player 014,Team 007,Player 025,Team 012,3,1,Home
12,5,Player 025,Team 012,Player 014,Team 007,1,3,Away
12,5,Player 014,Team 007,Player 028,Team 012,3,1,Home
12,5,Player 028,Team 012,Player 014,Team 007,1,3,Away
12,5,Player 014,Team 007,Player 039,Team 012,3,0,Home
12,5,Player 039,Team 012,Player 014,Team 007,0,3,Away
12,5,Player 014,Team 007,Player 083,Team 012,3,0,Home
12,5,Player 083,Team 012,Player 014,Team 007,0,3,Away
12,5,Player 116,Team 007,Player 025,Team 012,3,1,Home
12,5,Player 025,Team 012,Player 116,Team 007,1,3,Away
12,5,Player 116,Team 007,Player 028,Team 012,2,3,Home
12,5,Player 028,Team 012,Player 116,Team 007,3,2,Away
12,5,Player 116,Team 007,Player 039,Team 012,3,1,Home
12,5,Player 039,Team 012,Player 116,Team 007,1,3,Away
12,5,Player 116,Team 007,Player 083,Team 012,3,1,Home
12,5,Player 083,Team 012,Player 116,Team 007,1,3,Away
12,5,Player 049,Team 007,Player 025,Team 012,0,3,Home
12,5,Player 025,Team 012,Player 049,Team 007,3,0,Away
12,5,Player 049,Team 007,Player 028,Team 012,0,3,Home
12,5,Player 028,Team 012,Player 049,Team 007,3,0,Away
12,5,Player 049,Team 007,Player 039,Team 012,0,3,Home
12,5,Player 039,Team 012,Player 049,Team 007,3,0,Away
12,5,Player 049,Team 007,Player 083,Team 012,1,3,Home
12,5,Player 083,Team 012,Player 049,Team 007,3,1,Away
12,5,Player 098,Team 007,Player 083,Team 012,1,3,Home
12,5,Player 083,Team 012,Player 098,Team 007,3,1,Away
12,5,Player 026,Team 007,Player 025,Team 012,1,3,Home
12,5,Player 025,Team 012,Player 026,Team 007,3,1,Away
12,5,Player 026,Team 007,Player 028,Team 012,3,1,Home
12,5,Player 028,Team 012,Player 026,Team 007,1,3,Away
12,5,Player 026,Team 007,Player 039,Team 012,3,0,Home
12,5,Player 039,Team 012,Player 026,Team 007,0,3,Away
12,6,Player 071,Team 014,Player 035,Team 008,3,0,Home
12,6,Player 035,Team 008,Player 071,Team 014,0,3,Away
12,6,Player 071,Team 014,Player 077,Team 008,3,1,Home
12,6,Player 077,Team 008,Player 071,Team 014,1,3,Away
12,6,Player 071,Team 014,Player 036,Team 008,3,0,Home
12,6,Player 036,Team 008,Player 071,Team 014,0,3,Away
12,6,Player 071,Team 014,Player 016,Team 008,3,0,Home
12,6,Player 016,Team 008,Player 071,Team 014,0,3,Away
12,6,Player 096,Team 014,Player 077,Team 008,3,1,Home
12,6,Player 077,Team 008,Player 096,Team 014,1,3,Away
12,6,Player 096,Team 014,Player 036,Team 008,3,1,Home
12,6,Player 036,Team 008,Player 096,Team 014,1,3,Away
12,6,Player 096,Team 014,Player 016,Team 008,0,3,Home
12,6,Player 016,Team 008,Player 096,Team 014,3,0,Away
12,6,Player 096,Team 014,Player 060,Team 008,3,2,Home
12,6,Player 060,Team 008,Player 096,Team 014,2,3,Away
12,6,Player 084,Team 014,Player 036,Team 008,0,3,Home
12,6,Player 036,Team 008,Player 084,Team 014,3,0,Away
12,6,Player 084,Team 014,Player 016,Team 008,2,3,Home
12,6,Player 016,Team 008,Player 084,Team 014,3,2,Away
12,6,Player 042,Team 014,Player 035,Team 008,3,1,Home
12,6,Player 035,Team 008,Player 042,Team 014,1,3,Away
12,6,Player 042,Team 014,Player 077,Team 008,1,3,Home
12,6,Player 077,Team 008,Player 042,Team 014,3,1,Away
12,6,Player 042,Team 014,Player 036,Team 008,2,3,Home
12,6,Player 036,Team 008,Player 042,Team 014,3,2,Away
12,6,Player 042,Team 014,Player 016,Team 008,0,3,Home
12,6,Player 016,Team 008,Player 042,Team 014,3,0,Away
12,6,Player 044,Team 014,Player 077,Team 008,0,3,Home
12,6,Player 077,Team 008,Player 044,Team 014,3,0,Away
12,6,Player 044,Team 014,Player 060,Team 008,2,3,Home
12,6,Player 060,Team 008,Player 044,Team 014,3,2,Away
12,7,Player 008,Team 003,Player 051,Team 013,3,0,Home
12,7,Player 051,Team 013,Player 008,Team 003,0,3,Away
12,7,Player 008,Team 003,Player 106,Team 013,3,0,Home
12,7,Player 106,Team 013,Player 008,Team 003,0,3,Away
12,7,Player 008,Team 003,Player 029,Team 013,3,1,Home
12,7,Player 029,Team 013,Player 008,Team 003,1,3,Away
12,7,Player 008,Team 003,(játék nélkül),Team 013,3,0,Home
12,7,(játék nélkül),Team 013,Player 008,Team 003,0,3,Away
12,7,Player 067,Team 003,Player 051,Team 013,3,0,Home
12,7,Player 051,Team 013,Player 067,Team 003,0,3,Away
12,7,Player 067,Team 003,Player 106,Team 013,3,0,Home
12,7,Player 106,Team 013,Player 067,Team 003,0,3,Away
12,7,Player 067,Team 003,Player 029,Team 013,3,0,Home
12,7,Player 029,Team 013,Player 067,Team 003,0,3,Away
12,7,Player 067,Team 003,(játék nélkül),Team 013,3,0,Home
12,7,(játék nélkül),Team 013,Player 067,Team 003,0,3,Away
12,7,Player 003,Team 003,Player 051,Team 013,3,2,Home
12,7,Player 051,Team 013,Player 003,Team 003,2,3,Away
12,7,Player 003,Team 003,Player 106,Team 013,3,2,Home
12,7,Player 106,Team 013,Player 003,Team 003,2,3,Away
12,7,Player 003,Team 003,Player 029,Team 013,0,3,Home
12,7,Player 029,Team 013,Player 003,Team 003,3,0,Away
12,7,Player 003,Team 003,(játék nélkül),Team 013,3,0,Home
12,7,(játék nélkül),Team 013,Player 003,Team 003,0,3,Away
12,7,Player 125,Team 003,Player 051,Team 013,3,1,Home
12,7,Player 051,Team 013,Player 125,Team 003,1,3,Away
12,7,Player 125,Team 003,Player 106,Team 013,3,0,Home
12,7,Player 106,Team 013,Player 125,Team 003,0,3,Away
12,7,Player 125,Team 003,Player 029,Team 013,3,2,Home
12,7,Player 029,Team 013,Player 125,Team 003,2,3,Away
12,7,Player 125,Team 003,(játék nélkül),Team 013,3,0,Home
12,7,(játék nélkül),Team 013,Player 125,Team 003,0,3,Away
12,8,Player 086,Team 016,Player 040,Team 005,1,3,Home
12,8,Player 040,Team 005,Player 086,Team 016,3,1,Away
12,8,Player 086,Team 016,Player 061,Team 005,3,2,Home
12,8,Player 061,Team 005,Player 086,Team 016,2,3,Away
12,8,Player 086,Team 016,Player 006,Team 005,0,3,Home
12,8,Player 006,Team 005,Player 086,Team 016,3,0,Away
12,8,Player 086,Team 016,Player 012,Team 005,0,3,Home
12,8,Player 012,Team 005,Player 086,Team 016,3,0,Away
12,8,Player 059,Team 016,Player 040,Team 005,0,3,Home
12,8,Player 040,Team 005,Player 059,Team 016,3,0,Away
12,8,Player 059,Team 016,Player 061,Team 005,3,2,Home
12,8,Player 061,Team 005,Player 059,Team 016,2,3,Away
12,8,Player 059,Team 016,Player 006,Team 005,0,3,Home
12,8,Player 006,Team 005,Player 059,Team 016,3,0,Away
12,8,Player 059,Team 016,Player 012,Team 005,1,3,Home
12,8,Player 012,Team 005,Player 059,Team 016,3,1,Away
12,8,Player 085,Team 016,Player 040,Team 005,2,3,Home
12,8,Player 040,Team 005,Player 085,Team 016,3,2,Away
12,8,Player 085,Team 016,Player 061,Team 005,3,2,Home
12,8,Player 061,Team 005,Player 085,Team 016,2,3,Away
12,8,Player 085,Team 016,Player 006,Team 005,1,3,Home
12,8,Player 006,Team 005,Player 085,Team 016,3,1,Away
12,8,Player 085,Team 016,Player 012,Team 005,1,3,Home
12,8,Player 012,Team 005,Player 085,Team 016,3,1,Away
12,8,Player 057,Team 016,Player 040,Team 005,1,3,Home
12,8,Player 040,Team 005,Player 057,Team 016,3,1,Away
12,8,Player 057,Team 016,Player 061,Team 005,3,2,Home
12,8,Player 061,Team 005,Player 057,Team 016,2,3,Away
12,8,Player 057,Team 016,Player 006,Team 005,1,3,Home
12,8,Player 006,Team 005,Player 057,Team 016,3,1,Away
12,8,Player 057,Team 016,Player 012,Team 005,1,3,Home
12,8,Player 012,Team 005,Player 057,Team 016,3,1,Away
13,1,Player 037,Team 008,Player 020,Team 010,3,1,Home
13,1,Player 020,Team 010,Player 037,Team 008,1,3,Away
13,1,Player 037,Team 008,Player 063,Team 010,3,0,Home
13,1,Player 063,Team 010,Player 037,Team 008,0,3,Away
13,1,Player 037,Team 008,Player 089,Team 010,2,3,Home
13,1,Player 089,Team 010,Player 037,Team 008,3,2,Away
13,1,Player 037,Team 008,Player 064,Team 010,3,1,Home
13,1,Player 064,Team 010,Player 037,Team 008,1,3,Away
13,1,Player 108,Team 008,Player 063,Team 010,3,0,Home
13,1,Player 063,Team 010,Player 108,Team 008,0,3,Away
13,1,Player 036,Team 008,Player 020,Team 010,3,2,Home
13,1,Player 020,Team 010,Player 036,Team 008,2,3,Away
13,1,Player 036,Team 008,Player 063,Team 010,3,0,Home
13,1,Player 063,Team 010,Player 036,Team 008,0,3,Away
13,1,Player 036,Team 008,Player 089,Team 010,1,3,Home
13,1,Player 089,Team 010,Player 036,Team 008,3,1,Away
13,1,Player 036,Team 008,Player 064,Team 010,3,0,Home
13,1,Player 064,Team 010,Player 036,Team 008,0,3,Away
13,1,Player 016,Team 008,Player 020,Team 010,3,0,Home
13,1,Player 020,Team 010,Player 016,Team 008,0,3,Away
13,1,Player 016,Team 008,Player 063,Team 010,3,0,Home
13,1,Player 063,Team 010,Player 016,Team 008,0,3,Away
13,1,Player 016,Team 008,Player 089,Team 010,3,1,Home
13,1,Player 089,Team 010,Player 016,Team 008,1,3,Away
13,1,Player 016,Team 008,Player 064,Team 010,3,0,Home
13,1,Player 064,Team 010,Player 016,Team 008,0,3,Away
13,1,Player 060,Team 008,Player 020,Team 010,3,1,Home
13,1,Player 020,Team 010,Player 060,Team 008,1,3,Away
13,1,Player 060,Team 008,Player 089,Team 010,3,0,Home
13,1,Player 089,Team 010,Player 060,Team 008,0,3,Away
13,1,Player 060,Team 008,Player 064,Team 010,3,1,Home
13,1,Player 064,Team 010,Player 060,Team 008,1,3,Away
13,2,Player 046,Team 015,Player 074,Team 002,3,2,Home
13,2,Player 074,Team 002,Player 046,Team 015,2,3,Away
13,2,Player 046,Team 015,Player 041,Team 002,3,0,Home
13,2,Player 041,Team 002,Player 046,Team 015,0,3,Away
13,2,Player 046,Team 015,Player 078,Team 002,3,2,Home
13,2,Player 078,Team 002,Player 046,Team 015,2,3,Away
13,2,Player 046,Team 015,Player 002,Team 002,1,3,Home
13,2,Player 002,Team 002,Player 046,Team 015,3,1,Away
13,2,Player 056,Team 015,Player 074,Team 002,3,1,Home
13,2,Player 074,Team 002,Player 056,Team 015,1,3,Away
13,2,Player 056,Team 015,Player 041,Team 002,2,3,Home
13,2,Player 041,Team 002,Player 056,Team 015,3,2,Away
13,2,Player 056,Team 015,Player 078,Team 002,3,0,Home
13,2,Player 078,Team 002,Player 056,Team 015,0,3,Away
13,2,Player 056,Team 015,Player 002,Team 002,0,3,Home
13,2,Player 002,Team 002,Player 056,Team 015,3,0,Away
13,2,Player 047,Team 015,Player 074,Team 002,2,3,Home
13,2,Player 074,Team 002,Player 047,Team 015,3,2,Away
13,2,Player 047,Team 015,Player 041,Team 002,3,2,Home
13,2,Player 041,Team 002,Player 047,Team 015,2,3,Away
13,2,Player 047,Team 015,Player 078,Team 002,3,0,Home
13,2,Player 078,Team 002,Player 047,Team 015,0,3,Away
13,2,Player 047,Team 015,Player 002,Team 002,1,3,Home
13,2,Player 002,Team 002,Player 047,Team 015,3,1,Away
13,2,Player 112,Team 015,Player 074,Team 002,2,3,Home
13,2,Player 074,Team 002,Player 112,Team 015,3,2,Away
13,2,Player 112,Team 015,Player 041,Team 002,1,3,Home
13,2,Player 041,Team 002,Player 112,Team 015,3,1,Away
13,2,Player 112,Team 015,Player 078,Team 002,3,1,Home
13,2,Player 078,Team 002,Player 112,Team 015,1,3,Away
13,2,Player 112,Team 015,Player 002,Team 002,0,3,Home
13,2,Player 002,Team 002,Player 112,Team 015,3,0,Away
13,3,Player 028,Team 012,Player 017,Team 004,3,1,Home
13,3,Player 017,Team 004,Player 028,Team 012,1,3,Away
13,3,Player 028,Team 012,Player 018,Team 004,3,0,Home
13,3,Player 018,Team 004,Player 028,Team 012,0,3,Away
13,3,Player 028,Team 012,Player 004,Team 004,3,2,Home
13,3,Player 004,Team 004,Player 028,Team 012,2,3,Away
13,3,Player 028,Team 012,Player 009,Team 004,3,0,Home
13,3,Player 009,Team 004,Player 028,Team 012,0,3,Away
13,3,Player 083,Team 012,Player 017,Team 004,0,3,Home
13,3,Player 017,Team 004,Player 083,Team 012,3,0,Away
13,3,Player 083,Team 012,Player 018,Team 004,3,0,Home
13,3,Player 018,Team 004,Player 083,Team 012,0,3,Away
13,3,Player 083,Team 012,Player 004,Team 004,0,3,Home
13,3,Player 004,Team 004,Player 083,Team 012,3,0,Away
13,3,Player 083,Team 012,Player 009,Team 004,0,3,Home
13,3,Player 009,Team 004,Player 083,Team 012,3,0,Away
13,3,Player 039,Team 012,Player 017,Team 004,3,1,Home
13,3,Player 017,Team 004,Player 039,Team 012,1,3,Away
13,3,Player 039,Team 012,Player 018,Team 004,3,2,Home
13,3,Player 018,Team 004,Player 039,Team 012,2,3,Away
13,3,Player 039,Team 012,Player 004,Team 004,0,3,Home
13,3,Player 004,Team 004,Player 039,Team 012,3,0,Away
13,3,Player 039,Team 012,Player 009,Team 004,3,2,Home
13,3,Player 009,Team 004,Player 039,Team 012,2,3,Away
13,3,Player 025,Team 012,Player 017,Team 004,3,2,Home
13,3,Player 017,Team 004,Player 025,Team 012,2,3,Away
13,3,Player 025,Team 012,Player 018,Team 004,3,0,Home
13,3,Player 018,Team 004,Player 025,Team 012,0,3,Away
13,3,Player 025,Team 012,Player 004,Team 004,1,3,Home
13,3,Player 004,Team 004,Player 025,Team 012,3,1,Away
13,3,Player 025,Team 012,Player 009,Team 004,0,3,Home
13,3,Player 009,Team 004,Player 025,Team 012,3,0,Away
13,4,Player 073,Team 006,Player 014,Team 007,3,2,Home
13,4,Player 014,Team 007,Player 073,Team 006,2,3,Away
13,4,Player 073,Team 006,Player 034,Team 007,1,3,Home
13,4,Player 034,Team 007,Player 073,Team 006,3,1,Away
13,4,Player 073,Team 006,Player 088,Team 007,3,0,Home
13,4,Player 088,Team 007,Player 073,Team 006,0,3,Away
13,4,Player 073,Team 006,Player 093,Team 007,3,0,Home
13,4,Player 093,Team 007,Player 073,Team 006,0,3,Away
13,4,Player 032,Team 006,Player 014,Team 007,0,3,Home
13,4,Player 014,Team 007,Player 032,Team 006,3,0,Away
13,4,Player 032,Team 006,Player 034,Team 007,3,2,Home
13,4,Player 034,Team 007,Player 032,Team 006,2,3,Away
13,4,Player 032,Team 006,Player 088,Team 007,3,0,Home
13,4,Player 088,Team 007,Player 032,Team 006,0,3,Away
13,4,Player 032,Team 006,Player 093,Team 007,3,1,Home
13,4,Player 093,Team 007,Player 032,Team 006,1,3,Away
13,4,Player 102,Team 006,Player 014,Team 007,1,3,Home
13,4,Player 014,Team 007,Player 102,Team 006,3,1,Away
13,4,Player 102,Team 006,Player 034,Team 007,2,3,Home
13,4,Player 034,Team 007,Player 102,Team 006,3,2,Away
13,4,Player 102,Team 006,Player 088,Team 007,3,0,Home
13,4,Player 088,Team 007,Player 102,Team 006,0,3,Away
13,4,Player 102,Team 006,Player 093,Team 007,3,1,Home
13,4,Player 093,Team 007,Player 102,Team 006,1,3,Away
13,4,Player 094,Team 006,Player 014,Team 007,0,3,Home
13,4,Player 014,Team 007,Player 094,Team 006,3,0,Away
13,4,Player 094,Team 006,Player 093,Team 007,3,0,Home
13,4,Player 093,Team 007,Player 094,Team 006,0,3,Away
13,4,Player 030,Team 006,Player 034,Team 007,0,3,Home
13,4,Player 034,Team 007,Player 030,Team 006,3,0,Away
13,4,Player 030,Team 006,Player 088,Team 007,0,3,Home
13,4,Player 088,Team 007,Player 030,Team 006,3,0,Away
13,5,Player 007,Team 001,Player 071,Team 014,1,3,Home
13,5,Player 071,Team 014,Player 007,Team 001,3,1,Away
13,5,Player 007,Team 001,Player 070,Team 014,3,0,Home
13,5,Player 070,Team 014,Player 007,Team 001,0,3,Away
13,5,Player 007,Team 001,Player 044,Team 014,3,0,Home
13,5,Player 044,Team 014,Player 007,Team 001,0,3,Away
13,5,Player 007,Team 001,Player 043,Team 014,3,0,Home
13,5,Player 043,Team 014,Player 007,Team 001,0,3,Away
13,5,Player 001,Team 001,Player 071,Team 014,3,0,Home
13,5,Player 071,Team 014,Player 001,Team 001,0,3,Away
13,5,Player 001,Team 001,Player 070,Team 014,3,0,Home
13,5,Player 070,Team 014,Player 001,Team 001,0,3,Away
13,5,Player 001,Team 001,Player 044,Team 014,3,0,Home
13,5,Player 044,Team 014,Player 001,Team 001,0,3,Away
13,5,Player 001,Team 001,Player 043,Team 014,3,0,Home
13,5,Player 043,Team 014,Player 001,Team 001,0,3,Away
13,5,Player 101,Team 001,Player 071,Team 014,0,3,Home
13,5,Player 071,Team 014,Player 101,Team 001,3,0,Away
13,5,Player 101,Team 001,Player 070,Team 014,3,2,Home
13,5,Player 070,Team 014,Player 101,Team 001,2,3,Away
13,5,Player 101,Team 001,Player 044,Team 014,3,0,Home
13,5,Player 044,Team 014,Player 101,Team 001,0,3,Away
13,5,Player 101,Team 001,Player 043,Team 014,3,1,Home
13,5,Player 043,Team 014,Player 101,Team 001,1,3,Away
13,5,Player 050,Team 001,Player 043,Team 014,3,0,Home
13,5,Player 043,Team 014,Player 050,Team 001,0,3,Away
13,5,Player 069,Team 001,Player 071,Team 014,3,1,Home
13,5,Player 071,Team 014,Player 069,Team 001,1,3,Away
13,5,Player 069,Team 001,Player 070,Team 014,3,0,Home
13,5,Player 070,Team 014,Player 069,Team 001,0,3,Away
13,5,Player 069,Team 001,Player 044,Team 014,3,0,Home
13,5,Player 044,Team 014,Player 069,Team 001,0,3,Away
13,6,Player 046,Team 015,(játék nélkül),Team 013,3,0,Home
13,6,(játék nélkül),Team 013,Player 046,Team 015,0,3,Away
13,6,Player 046,Team 015,(játék nélkül),Team 013,3,0,Home
13,6,(játék nélkül),Team 013,Player 046,Team 015,0,3,Away
13,6,Player 046,Team 015,(játék nélkül),Team 013,3,0,Home
13,6,(játék nélkül),Team 013,Player 046,Team 015,0,3,Away
13,6,Player 046,Team 015,(játék nélkül),Team 013,3,0,Home
13,6,(játék nélkül),Team 013,Player 046,Team 015,0,3,Away
13,6,Player 056,Team 015,(játék nélkül),Team 013,3,0,Home
13,6,(játék nélkül),Team 013,Player 056,Team 015,0,3,Away
13,6,Player 056,Team 015,(játék nélkül),Team 013,3,0,Home
13,6,(játék nélkül),Team 013,Player 056,Team 015,0,3,Away
13,6,Player 056,Team 015,(játék nélkül),Team 013,3,0,Home
13,6,(játék nélkül),Team 013,Player 056,Team 015,0,3,Away
13,6,Player 056,Team 015,(játék nélkül),Team 013,3,0,Home
13,6,(játék nélkül),Team 013,Player 056,Team 015,0,3,Away
13,6,Player 047,Team 015,(játék nélkül),Team 013,3,0,Home
13,6,(játék nélkül),Team 013,Player 047,Team 015,0,3,Away
13,6,Player 047,Team 015,(játék nélkül),Team 013,3,0,Home
13,6,(játék nélkül),Team 013,Player 047,Team 015,0,3,Away
13,6,Player 047,Team 015,(játék nélkül),Team 013,3,0,Home
13,6,(játék nélkül),Team 013,Player 047,Team 015,0,3,Away
13,6,Player 047,Team 015,(játék nélkül),Team 013,3,0,Home
13,6,(játék nélkül),Team 013,Player 047,Team 015,0,3,Away
13,6,Player 112,Team 015,(játék nélkül),Team 013,3,0,Home
13,6,(játék nélkül),Team 013,Player 112,Team 015,0,3,Away
13,6,Player 112,Team 015,(játék nélkül),Team 013,3,0,Home
13,6,(játék nélkül),Team 013,Player 112,Team 015,0,3,Away
13,6,Player 112,Team 015,(játék nélkül),Team 013,3,0,Home
13,6,(játék nélkül),Team 013,Player 112,Team 015,0,3,Away
13,6,Player 112,Team 015,(játék nélkül),Team 013,3,0,Home
13,6,(játék nélkül),Team 013,Player 112,Team 015,0,3,Away
13,7,Player 029,Team 009,Player 008,Team 003,1,3,Home
13,7,Player 008,Team 003,Player 029,Team 009,3,1,Away
13,7,Player 029,Team 009,Player 067,Team 003,0,3,Home
13,7,Player 067,Team 003,Player 029,Team 009,3,0,Away
13,7,Player 029,Team 009,Player 125,Team 003,0,3,Home
13,7,Player 125,Team 003,Player 029,Team 009,3,0,Away
13,7,Player 029,Team 009,Player 005,Team 003,1,3,Home
13,7,Player 005,Team 003,Player 029,Team 009,3,1,Away
13,7,Player 081,Team 009,Player 008,Team 003,0,3,Home
13,7,Player 008,Team 003,Player 081,Team 009,3,0,Away
13,7,Player 081,Team 009,Player 067,Team 003,0,3,Home
13,7,Player 067,Team 003,Player 081,Team 009,3,0,Away
13,7,Player 081,Team 009,Player 125,Team 003,1,3,Home
13,7,Player 125,Team 003,Player 081,Team 009,3,1,Away
13,7,Player 081,Team 009,Player 005,Team 003,0,3,Home
13,7,Player 005,Team 003,Player 081,Team 009,3,0,Away
13,7,Player 080,Team 009,Player 008,Team 003,1,3,Home
13,7,Player 008,Team 003,Player 080,Team 009,3,1,Away
13,7,Player 080,Team 009,Player 067,Team 003,0,3,Home
13,7,Player 067,Team 003,Player 080,Team 009,3,0,Away
13,7,Player 080,Team 009,Player 125,Team 003,1,3,Home
13,7,Player 125,Team 003,Player 080,Team 009,3,1,Away
13,7,Player 080,Team 009,Player 005,Team 003,1,3,Home
13,7,Player 005,Team 003,Player 080,Team 009,3,1,Away
13,7,Player 068,Team 009,Player 008,Team 003,3,0,Home
13,7,Player 008,Team 003,Player 068,Team 009,0,3,Away
13,7,Player 068,Team 009,Player 067,Team 003,3,1,Home
13,7,Player 067,Team 003,Player 068,Team 009,1,3,Away
13,7,Player 068,Team 009,Player 125,Team 003,3,0,Home
13,7,Player 125,Team 003,Player 068,Team 009,0,3,Away
13,7,Player 068,Team 009,Player 005,Team 003,3,0,Home
13,7,Player 005,Team 003,Player 068,Team 009,0,3,Away
13,8,Player 040,Team 005,Player 023,Team 011,3,2,Home
13,8,Player 023,Team 011,Player 040,Team 005,2,3,Away
13,8,Player 040,Team 005,Player 022,Team 011,0,3,Home
13,8,Player 022,Team 011,Player 040,Team 005,3,0,Away
13,8,Player 040,Team 005,Player 072,Team 011,1,3,Home
13,8,Player 072,Team 011,Player 040,Team 005,3,1,Away
13,8,Player 040,Team 005,Player 021,Team 011,2,3,Home
13,8,Player 021,Team 011,Player 040,Team 005,3,2,Away
13,8,Player 104,Team 005,Player 023,Team 011,0,3,Home
13,8,Player 023,Team 011,Player 104,Team 005,3,0,Away
13,8,Player 104,Team 005,Player 022,Team 011,0,3,Home
13,8,Player 022,Team 011,Player 104,Team 005,3,0,Away
13,8,Player 104,Team 005,Player 072,Team 011,0,3,Home
13,8,Player 072,Team 011,Player 104,Team 005,3,0,Away
13,8,Player 104,Team 005,Player 021,Team 011,0,3,Home
13,8,Player 021,Team 011,Player 104,Team 005,3,0,Away
13,8,Player 012,Team 005,Player 023,Team 011,2,3,Home
13,8,Player 023,Team 011,Player 012,Team 005,3,2,Away
13,8,Player 012,Team 005,Player 022,Team 011,3,1,Home
13,8,Player 022,Team 011,Player 012,Team 005,1,3,Away
13,8,Player 012,Team 005,Player 072,Team 011,3,2,Home
13,8,Player 072,Team 011,Player 012,Team 005,2,3,Away
13,8,Player 012,Team 005,Player 021,Team 011,3,0,Home
13,8,Player 021,Team 011,Player 012,Team 005,0,3,Away
13,8,Player 006,Team 005,Player 023,Team 011,3,0,Home
13,8,Player 023,Team 011,Player 006,Team 005,0,3,Away
13,8,Player 006,Team 005,Player 022,Team 011,3,0,Home
13,8,Player 022,Team 011,Player 006,Team 005,0,3,Away
13,8,Player 006,Team 005,Player 072,Team 011,3,1,Home
13,8,Player 072,Team 011,Player 006,Team 005,1,3,Away
13,8,Player 006,Team 005,Player 021,Team 011,3,1,Home
13,8,Player 021,Team 011,Player 006,Team 005,1,3,Away
13,9,(játék nélkül),Team 013,Player 085,Team 016,0,3,Home
13,9,Player 085,Team 016,(játék nélkül),Team 013,3,0,Away
13,9,(játék nélkül),Team 013,Player 087,Team 016,0,3,Home
13,9,Player 087,Team 016,(játék nélkül),Team 013,3,0,Away
13,9,(játék nélkül),Team 013,Player 086,Team 016,0,3,Home
13,9,Player 086,Team 016,(játék nélkül),Team 013,3,0,Away
13,9,(játék nélkül),Team 013,Player 059,Team 016,0,3,Home
13,9,Player 059,Team 016,(játék nélkül),Team 013,3,0,Away
13,9,(játék nélkül),Team 013,Player 085,Team 016,0,3,Home
13,9,Player 085,Team 016,(játék nélkül),Team 013,3,0,Away
13,9,(játék nélkül),Team 013,Player 087,Team 016,0,3,Home
13,9,Player 087,Team 016,(játék nélkül),Team 013,3,0,Away
13,9,(játék nélkül),Team 013,Player 086,Team 016,0,3,Home
13,9,Player 086,Team 016,(játék nélkül),Team 013,3,0,Away
13,9,(játék nélkül),Team 013,Player 059,Team 016,0,3,Home
13,9,Player 059,Team 016,(játék nélkül),Team 013,3,0,Away
13,9,(játék nélkül),Team 013,Player 085,Team 016,0,3,Home
13,9,Player 085,Team 016,(játék nélkül),Team 013,3,0,Away
13,9,(játék nélkül),Team 013,Player 087,Team 016,0,3,Home
13,9,Player 087,Team 016,(játék nélkül),Team 013,3,0,Away
13,9,(játék nélkül),Team 013,Player 086,Team 016,0,3,Home
13,9,Player 086,Team 016,(játék nélkül),Team 013,3,0,Away
13,9,(játék nélkül),Team 013,Player 059,Team 016,0,3,Home
13,9,Player 059,Team 016,(játék nélkül),Team 013,3,0,Away
13,9,(játék nélkül),Team 013,Player 085,Team 016,0,3,Home
13,9,Player 085,Team 016,(játék nélkül),Team 013,3,0,Away
13,9,(játék nélkül),Team 013,Player 087,Team 016,0,3,Home
13,9,Player 087,Team 016,(játék nélkül),Team 013,3,0,Away
13,9,(játék nélkül),Team 013,Player 086,Team 016,0,3,Home
13,9,Player 086,Team 016,(játék nélkül),Team 013,3,0,Away
13,9,(játék nélkül),Team 013,Player 059,Team 016,0,3,Home
13,9,Player 059,Team 016,(játék nélkül),Team 013,3,0,Away
14,1,Player 103,Team 010,Player 100,Team 001,0,3,Home
14,1,Player 100,Team 001,Player 103,Team 010,3,0,Away
14,1,Player 103,Team 010,Player 101,Team 001,1,3,Home
14,1,Player 101,Team 001,Player 103,Team 010,3,1,Away
14,1,Player 103,Team 010,Player 107,Team 001,2,3,Home
14,1,Player 107,Team 001,Player 103,Team 010,3,2,Away
14,1,Player 103,Team 010,Player 076,Team 001,0,3,Home
14,1,Player 076,Team 001,Player 103,Team 010,3,0,Away
14,1,Player 020,Team 010,Player 100,Team 001,0,3,Home
14,1,Player 100,Team 001,Player 020,Team 010,3,0,Away
14,1,Player 020,Team 010,Player 101,Team 001,1,3,Home
14,1,Player 101,Team 001,Player 020,Team 010,3,1,Away
14,1,Player 020,Team 010,Player 107,Team 001,1,3,Home
14,1,Player 107,Team 001,Player 020,Team 010,3,1,Away
14,1,Player 020,Team 010,Player 076,Team 001,0,3,Home
14,1,Player 076,Team 001,Player 020,Team 010,3,0,Away
14,1,Player 064,Team 010,Player 100,Team 001,1,3,Home
14,1,Player 100,Team 001,Player 064,Team 010,3,1,Away
14,1,Player 064,Team 010,Player 101,Team 001,0,3,Home
14,1,Player 101,Team 001,Player 064,Team 010,3,0,Away
14,1,Player 064,Team 010,Player 107,Team 001,3,0,Home
14,1,Player 107,Team 001,Player 064,Team 010,0,3,Away
14,1,Player 064,Team 010,Player 076,Team 001,0,3,Home
14,1,Player 076,Team 001,Player 064,Team 010,3,0,Away
14,1,Player 089,Team 010,Player 100,Team 001,0,3,Home
14,1,Player 100,Team 001,Player 089,Team 010,3,0,Away
14,1,Player 089,Team 010,Player 101,Team 001,3,1,Home
14,1,Player 101,Team 001,Player 089,Team 010,1,3,Away
14,1,Player 089,Team 010,Player 107,Team 001,3,0,Home
14,1,Player 107,Team 001,Player 089,Team 010,0,3,Away
14,1,Player 089,Team 010,Player 076,Team 001,3,1,Home
14,1,Player 076,Team 001,Player 089,Team 010,1,3,Away
14,2,Player 008,Team 003,Player 041,Team 002,3,0,Home
14,2,Player 041,Team 002,Player 008,Team 003,0,3,Away
14,2,Player 008,Team 003,Player 002,Team 002,2,3,Home
14,2,Player 002,Team 002,Player 008,Team 003,3,2,Away
14,2,Player 008,Team 003,Player 078,Team 002,3,0,Home
14,2,Player 078,Team 002,Player 008,Team 003,0,3,Away
14,2,Player 008,Team 003,Player 054,Team 002,3,0,Home
14,2,Player 054,Team 002,Player 008,Team 003,0,3,Away
14,2,Player 067,Team 003,Player 041,Team 002,3,0,Home
14,2,Player 041,Team 002,Player 067,Team 003,0,3,Away
14,2,Player 067,Team 003,Player 002,Team 002,3,1,Home
14,2,Player 002,Team 002,Player 067,Team 003,1,3,Away
14,2,Player 067,Team 003,Player 078,Team 002,3,0,Home
14,2,Player 078,Team 002,Player 067,Team 003,0,3,Away
14,2,Player 067,Team 003,Player 054,Team 002,3,0,Home
14,2,Player 054,Team 002,Player 067,Team 003,0,3,Away
14,2,Player 005,Team 003,Player 041,Team 002,3,0,Home
14,2,Player 041,Team 002,Player 005,Team 003,0,3,Away
14,2,Player 005,Team 003,Player 002,Team 002,0,3,Home
14,2,Player 002,Team 002,Player 005,Team 003,3,0,Away
14,2,Player 005,Team 003,Player 078,Team 002,3,1,Home
14,2,Player 078,Team 002,Player 005,Team 003,1,3,Away
14,2,Player 005,Team 003,Player 054,Team 002,3,0,Home
14,2,Player 054,Team 002,Player 005,Team 003,0,3,Away
14,2,Player 003,Team 003,Player 041,Team 002,3,2,Home
14,2,Player 041,Team 002,Player 003,Team 003,2,3,Away
14,2,Player 003,Team 003,Player 002,Team 002,1,3,Home
14,2,Player 002,Team 002,Player 003,Team 003,3,1,Away
14,2,Player 003,Team 003,Player 078,Team 002,3,1,Home
14,2,Player 078,Team 002,Player 003,Team 003,1,3,Away
14,2,Player 003,Team 003,Player 054,Team 002,3,0,Home
14,2,Player 054,Team 002,Player 003,Team 003,0,3,Away
14,3,Player 082,Team 011,Player 052,Team 013,3,2,Home
14,3,Player 052,Team 013,Player 082,Team 011,2,3,Away
14,3,Player 082,Team 011,Player 051,Team 013,3,2,Home
14,3,Player 051,Team 013,Player 082,Team 011,2,3,Away
14,3,Player 082,Team 011,Player 029,Team 013,0,3,Home
14,3,Player 029,Team 013,Player 082,Team 011,3,0,Away
14,3,Player 082,Team 011,(játék nélkül),Team 013,3,0,Home
14,3,(játék nélkül),Team 013,Player 082,Team 011,0,3,Away
14,3,Player 033,Team 011,Player 052,Team 013,3,0,Home
14,3,Player 052,Team 013,Player 033,Team 011,0,3,Away
14,3,Player 033,Team 011,Player 051,Team 013,3,1,Home
14,3,Player 051,Team 013,Player 033,Team 011,1,3,Away
14,3,Player 033,Team 011,Player 029,Team 013,1,3,Home
14,3,Player 029,Team 013,Player 033,Team 011,3,1,Away
14,3,Player 033,Team 011,(játék nélkül),Team 013,3,0,Home
14,3,(játék nélkül),Team 013,Player 033,Team 011,0,3,Away
14,3,Player 072,Team 011,Player 052,Team 013,3,1,Home
14,3,Player 052,Team 013,Player 072,Team 011,1,3,Away
14,3,Player 072,Team 011,Player 051,Team 013,3,0,Home
14,3,Player 051,Team 013,Player 072,Team 011,0,3,Away
14,3,Player 072,Team 011,Player 029,Team 013,3,0,Home
14,3,Player 029,Team 013,Player 072,Team 011,0,3,Away
14,3,Player 072,Team 011,(játék nélkül),Team 013,3,0,Home
14,3,(játék nélkül),Team 013,Player 072,Team 011,0,3,Away
14,3,Player 023,Team 011,Player 052,Team 013,2,3,Home
14,3,Player 052,Team 013,Player 023,Team 011,3,2,Away
14,3,Player 023,Team 011,Player 051,Team 013,3,0,Home
14,3,Player 051,Team 013,Player 023,Team 011,0,3,Away
14,3,Player 023,Team 011,Player 029,Team 013,2,3,Home
14,3,Player 029,Team 013,Player 023,Team 011,3,2,Away
14,3,Player 023,Team 011,(játék nélkül),Team 013,3,0,Home
14,3,(játék nélkül),Team 013,Player 023,Team 011,0,3,Away
14,4,Player 009,Team 004,Player 010,Team 006,1,3,Home
14,4,Player 010,Team 006,Player 009,Team 004,3,1,Away
14,4,Player 009,Team 004,Player 032,Team 006,3,0,Home
14,4,Player 032,Team 006,Player 009,Team 004,0,3,Away
14,4,Player 009,Team 004,Player 102,Team 006,3,0,Home
14,4,Player 102,Team 006,Player 009,Team 004,0,3,Away
14,4,Player 009,Team 004,Player 073,Team 006,2,3,Home
14,4,Player 073,Team 006,Player 009,Team 004,3,2,Away
14,4,Player 004,Team 004,Player 010,Team 006,3,1,Home
14,4,Player 010,Team 006,Player 004,Team 004,1,3,Away
14,4,Player 004,Team 004,Player 032,Team 006,0,3,Home
14,4,Player 032,Team 006,Player 004,Team 004,3,0,Away
14,4,Player 004,Team 004,Player 102,Team 006,3,0,Home
14,4,Player 102,Team 006,Player 004,Team 004,0,3,Away
14,4,Player 004,Team 004,Player 073,Team 006,3,0,Home
14,4,Player 073,Team 006,Player 004,Team 004,0,3,Away
14,4,Player 018,Team 004,Player 010,Team 006,1,3,Home
14,4,Player 010,Team 006,Player 018,Team 004,3,1,Away
14,4,Player 018,Team 004,Player 032,Team 006,0,3,Home
14,4,Player 032,Team 006,Player 018,Team 004,3,0,Away
14,4,Player 018,Team 004,Player 102,Team 006,3,1,Home
14,4,Player 102,Team 006,Player 018,Team 004,1,3,Away
14,4,Player 018,Team 004,Player 073,Team 006,3,1,Home
14,4,Player 073,Team 006,Player 018,Team 004,1,3,Away
14,4,Player 017,Team 004,Player 010,Team 006,1,3,Home
14,4,Player 010,Team 006,Player 017,Team 004,3,1,Away
14,4,Player 017,Team 004,Player 032,Team 006,3,0,Home
14,4,Player 032,Team 006,Player 017,Team 004,0,3,Away
14,4,Player 017,Team 004,Player 102,Team 006,3,2,Home
14,4,Player 102,Team 006,Player 017,Team 004,2,3,Away
14,4,Player 017,Team 004,Player 073,Team 006,2,3,Home
14,4,Player 073,Team 006,Player 017,Team 004,3,2,Away
14,5,Player 019,Team 009,(játék nélkül),Team 013,3,0,Home
14,5,(játék nélkül),Team 013,Player 019,Team 009,0,3,Away
14,5,Player 019,Team 009,(játék nélkül),Team 013,3,0,Home
14,5,(játék nélkül),Team 013,Player 019,Team 009,0,3,Away
14,5,Player 019,Team 009,(játék nélkül),Team 013,3,0,Home
14,5,(játék nélkül),Team 013,Player 019,Team 009,0,3,Away
14,5,Player 019,Team 009,(játék nélkül),Team 013,3,0,Home
14,5,(játék nélkül),Team 013,Player 019,Team 009,0,3,Away
14,5,Player 081,Team 009,(játék nélkül),Team 013,3,0,Home
14,5,(játék nélkül),Team 013,Player 081,Team 009,0,3,Away
14,5,Player 081,Team 009,(játék nélkül),Team 013,3,0,Home
14,5,(játék nélkül),Team 013,Player 081,Team 009,0,3,Away
14,5,Player 081,Team 009,(játék nélkül),Team 013,3,0,Home
14,5,(játék nélkül),Team 013,Player 081,Team 009,0,3,Away
14,5,Player 081,Team 009,(játék nélkül),Team 013,3,0,Home
14,5,(játék nélkül),Team 013,Player 081,Team 009,0,3,Away
14,5,Player 045,Team 009,(játék nélkül),Team 013,3,0,Home
14,5,(játék nélkül),Team 013,Player 045,Team 009,0,3,Away
14,5,Player 045,Team 009,(játék nélkül),Team 013,3,0,Home
14,5,(játék nélkül),Team 013,Player 045,Team 009,0,3,Away
14,5,Player 045,Team 009,(játék nélkül),Team 013,3,0,Home
14,5,(játék nélkül),Team 013,Player 045,Team 009,0,3,Away
14,5,Player 045,Team 009,(játék nélkül),Team 013,3,0,Home
14,5,(játék nélkül),Team 013,Player 045,Team 009,0,3,Away
14,5,Player 029,Team 009,(játék nélkül),Team 013,3,0,Home
14,5,(játék nélkül),Team 013,Player 029,Team 009,0,3,Away
14,5,Player 029,Team 009,(játék nélkül),Team 013,3,0,Home
14,5,(játék nélkül),Team 013,Player 029,Team 009,0,3,Away
14,5,Player 029,Team 009,(játék nélkül),Team 013,3,0,Home
14,5,(játék nélkül),Team 013,Player 029,Team 009,0,3,Away
14,5,Player 029,Team 009,(játék nélkül),Team 013,3,0,Home
14,5,(játék nélkül),Team 013,Player 029,Team 009,0,3,Away
14,6,Player 035,Team 008,Player 046,Team 015,1,3,Home
14,6,Player 046,Team 015,Player 035,Team 008,3,1,Away
14,6,Player 035,Team 008,Player 056,Team 015,3,0,Home
14,6,Player 056,Team 015,Player 035,Team 008,0,3,Away
14,6,Player 035,Team 008,Player 047,Team 015,3,2,Home
14,6,Player 047,Team 015,Player 035,Team 008,2,3,Away
14,6,Player 035,Team 008,Player 112,Team 015,2,3,Home
14,6,Player 112,Team 015,Player 035,Team 008,3,2,Away
14,6,Player 037,Team 008,Player 046,Team 015,1,3,Home
14,6,Player 046,Team 015,Player 037,Team 008,3,1,Away
14,6,Player 037,Team 008,Player 056,Team 015,3,0,Home
14,6,Player 056,Team 015,Player 037,Team 008,0,3,Away
14,6,Player 037,Team 008,Player 047,Team 015,3,1,Home
14,6,Player 047,Team 015,Player 037,Team 008,1,3,Away
14,6,Player 037,Team 008,Player 112,Team 015,3,1,Home
14,6,Player 112,Team 015,Player 037,Team 008,1,3,Away
14,6,Player 060,Team 008,Player 046,Team 015,0,3,Home
14,6,Player 046,Team 015,Player 060,Team 008,3,0,Away
14,6,Player 060,Team 008,Player 056,Team 015,3,2,Home
14,6,Player 056,Team 015,Player 060,Team 008,2,3,Away
14,6,Player 060,Team 008,Player 047,Team 015,3,2,Home
14,6,Player 047,Team 015,Player 060,Team 008,2,3,Away
14,6,Player 060,Team 008,Player 112,Team 015,3,1,Home
14,6,Player 112,Team 015,Player 060,Team 008,1,3,Away
14,6,Player 016,Team 008,Player 046,Team 015,3,0,Home
14,6,Player 046,Team 015,Player 016,Team 008,0,3,Away
14,6,Player 016,Team 008,Player 056,Team 015,3,0,Home
14,6,Player 056,Team 015,Player 016,Team 008,0,3,Away
14,6,Player 016,Team 008,Player 047,Team 015,3,0,Home
14,6,Player 047,Team 015,Player 016,Team 008,0,3,Away
14,6,Player 016,Team 008,Player 112,Team 015,3,0,Home
14,6,Player 112,Team 015,Player 016,Team 008,0,3,Away
14,7,Player 118,Team 007,Player 090,Team 005,3,0,Home
14,7,Player 090,Team 005,Player 118,Team 007,0,3,Away
14,7,Player 118,Team 007,Player 012,Team 005,1,3,Home
14,7,Player 012,Team 005,Player 118,Team 007,3,1,Away
14,7,Player 118,Team 007,Player 006,Team 005,2,3,Home
14,7,Player 006,Team 005,Player 118,Team 007,3,2,Away
14,7,Player 118,Team 007,Player 091,Team 005,3,0,Home
14,7,Player 091,Team 005,Player 118,Team 007,0,3,Away
14,7,Player 026,Team 007,Player 090,Team 005,3,2,Home
14,7,Player 090,Team 005,Player 026,Team 007,2,3,Away
14,7,Player 026,Team 007,Player 012,Team 005,2,3,Home
14,7,Player 012,Team 005,Player 026,Team 007,3,2,Away
14,7,Player 026,Team 007,Player 006,Team 005,3,2,Home
14,7,Player 006,Team 005,Player 026,Team 007,2,3,Away
14,7,Player 026,Team 007,Player 091,Team 005,3,0,Home
14,7,Player 091,Team 005,Player 026,Team 007,0,3,Away
14,7,Player 116,Team 007,Player 090,Team 005,3,0,Home
14,7,Player 090,Team 005,Player 116,Team 007,0,3,Away
14,7,Player 116,Team 007,Player 012,Team 005,0,3,Home
14,7,Player 012,Team 005,Player 116,Team 007,3,0,Away
14,7,Player 116,Team 007,Player 006,Team 005,3,0,Home
14,7,Player 006,Team 005,Player 116,Team 007,0,3,Away
14,7,Player 116,Team 007,Player 091,Team 005,3,1,Home
14,7,Player 091,Team 005,Player 116,Team 007,1,3,Away
14,7,Player 014,Team 007,Player 090,Team 005,3,0,Home
14,7,Player 090,Team 005,Player 014,Team 007,0,3,Away
14,7,Player 014,Team 007,Player 012,Team 005,3,2,Home
14,7,Player 012,Team 005,Player 014,Team 007,2,3,Away
14,7,Player 014,Team 007,Player 006,Team 005,1,3,Home
14,7,Player 006,Team 005,Player 014,Team 007,3,1,Away
14,7,Player 014,Team 007,Player 091,Team 005,3,1,Home
14,7,Player 091,Team 005,Player 014,Team 007,1,3,Away
14,8,Player 044,Team 014,Player 028,Team 012,0,3,Home
14,8,Player 028,Team 012,Player 044,Team 014,3,0,Away
14,8,Player 044,Team 014,Player 083,Team 012,2,3,Home
14,8,Player 083,Team 012,Player 044,Team 014,3,2,Away
14,8,Player 044,Team 014,Player 039,Team 012,3,0,Home
14,8,Player 039,Team 012,Player 044,Team 014,0,3,Away
14,8,Player 044,Team 014,Player 025,Team 012,1,3,Home
14,8,Player 025,Team 012,Player 044,Team 014,3,1,Away
14,8,Player 084,Team 014,Player 028,Team 012,3,2,Home
14,8,Player 028,Team 012,Player 084,Team 014,2,3,Away
14,8,Player 084,Team 014,Player 083,Team 012,3,1,Home
14,8,Player 083,Team 012,Player 084,Team 014,1,3,Away
14,8,Player 084,Team 014,Player 039,Team 012,2,3,Home
14,8,Player 039,Team 012,Player 084,Team 014,3,2,Away
14,8,Player 084,Team 014,Player 025,Team 012,1,3,Home
14,8,Player 025,Team 012,Player 084,Team 014,3,1,Away
14,8,Player 070,Team 014,Player 028,Team 012,1,3,Home
14,8,Player 028,Team 012,Player 070,Team 014,3,1,Away
14,8,Player 070,Team 014,Player 083,Team 012,3,0,Home
14,8,Player 083,Team 012,Player 070,Team 014,0,3,Away
14,8,Player 070,Team 014,Player 039,Team 012,2,3,Home
14,8,Player 039,Team 012,Player 070,Team 014,3,2,Away
14,8,Player 070,Team 014,Player 025,Team 012,3,1,Home
14,8,Player 025,Team 012,Player 070,Team 014,1,3,Away
14,8,Player 071,Team 014,Player 028,Team 012,2,3,Home
14,8,Player 028,Team 012,Player 071,Team 014,3,2,Away
14,8,Player 071,Team 014,Player 083,Team 012,3,0,Home
14,8,Player 083,Team 012,Player 071,Team 014,0,3,Away
14,8,Player 071,Team 014,Player 039,Team 012,3,1,Home
14,8,Player 039,Team 012,Player 071,Team 014,1,3,Away
14,8,Player 071,Team 014,Player 025,Team 012,3,0,Home
14,8,Player 025,Team 012,Player 071,Team 014,0,3,Away
14,9,Player 085,Team 016,Player 019,Team 009,1,3,Home
14,9,Player 019,Team 009,Player 085,Team 016,3,1,Away
14,9,Player 085,Team 016,Player 045,Team 009,3,0,Home
14,9,Player 045,Team 009,Player 085,Team 016,0,3,Away
14,9,Player 085,Team 016,Player 081,Team 009,3,1,Home
14,9,Player 081,Team 009,Player 085,Team 016,1,3,Away
14,9,Player 085,Team 016,Player 058,Team 009,3,2,Home
14,9,Player 058,Team 009,Player 085,Team 016,2,3,Away
14,9,Player 057,Team 016,Player 019,Team 009,0,3,Home
14,9,Player 019,Team 009,Player 057,Team 016,3,0,Away
14,9,Player 057,Team 016,Player 045,Team 009,2,3,Home
14,9,Player 045,Team 009,Player 057,Team 016,3,2,Away
14,9,Player 057,Team 016,Player 081,Team 009,1,3,Home
14,9,Player 081,Team 009,Player 057,Team 016,3,1,Away
14,9,Player 057,Team 016,Player 058,Team 009,1,3,Home
14,9,Player 058,Team 009,Player 057,Team 016,3,1,Away
14,9,Player 087,Team 016,Player 019,Team 009,1,3,Home
14,9,Player 019,Team 009,Player 087,Team 016,3,1,Away
14,9,Player 087,Team 016,Player 045,Team 009,3,1,Home
14,9,Player 045,Team 009,Player 087,Team 016,1,3,Away
14,9,Player 087,Team 016,Player 081,Team 009,0,3,Home
14,9,Player 081,Team 009,Player 087,Team 016,3,0,Away
14,9,Player 087,Team 016,Player 058,Team 009,3,1,Home
14,9,Player 058,Team 009,Player 087,Team 016,1,3,Away
14,9,Player 059,Team 016,Player 019,Team 009,0,3,Home
14,9,Player 019,Team 009,Player 059,Team 016,3,0,Away
14,9,Player 059,Team 016,Player 045,Team 009,3,1,Home
14,9,Player 045,Team 009,Player 059,Team 016,1,3,Away
14,9,Player 059,Team 016,Player 081,Team 009,3,0,Home
14,9,Player 081,Team 009,Player 059,Team 016,0,3,Away
14,9,Player 059,Team 016,Player 058,Team 009,3,0,Home
14,9,Player 058,Team 009,Player 059,Team 016,0,3,Away
15,1,Player 109,Team 012,Player 103,Team 010,3,0,Home
15,1,Player 103,Team 010,Player 109,Team 012,0,3,Away
15,1,Player 109,Team 012,Player 064,Team 010,1,3,Home
15,1,Player 064,Team 010,Player 109,Team 012,3,1,Away
15,1,Player 109,Team 012,Player 024,Team 010,3,1,Home
15,1,Player 024,Team 010,Player 109,Team 012,1,3,Away
15,1,Player 109,Team 012,Player 063,Team 010,1,3,Home
15,1,Player 063,Team 010,Player 109,Team 012,3,1,Away
15,1,Player 117,Team 012,Player 064,Team 010,2,3,Home
15,1,Player 064,Team 010,Player 117,Team 012,3,2,Away
15,1,Player 117,Team 012,Player 024,Team 010,0,3,Home
15,1,Player 024,Team 010,Player 117,Team 012,3,0,Away
15,1,Player 117,Team 012,Player 063,Team 010,3,2,Home
15,1,Player 063,Team 010,Player 117,Team 012,2,3,Away
15,1,Player 117,Team 012,Player 020,Team 010,0,3,Home
15,1,Player 020,Team 010,Player 117,Team 012,3,0,Away
15,1,Player 039,Team 012,Player 064,Team 010,3,0,Home
15,1,Player 064,Team 010,Player 039,Team 012,0,3,Away
15,1,Player 039,Team 012,Player 024,Team 010,3,2,Home
15,1,Player 024,Team 010,Player 039,Team 012,2,3,Away
15,1,Player 039,Team 012,Player 063,Team 010,3,2,Home
15,1,Player 063,Team 010,Player 039,Team 012,2,3,Away
15,1,Player 039,Team 012,Player 020,Team 010,3,1,Home
15,1,Player 020,Team 010,Player 039,Team 012,1,3,Away
15,1,Player 028,Team 012,Player 103,Team 010,3,0,Home
15,1,Player 103,Team 010,Player 028,Team 012,0,3,Away
15,1,Player 028,Team 012,Player 064,Team 010,3,0,Home
15,1,Player 064,Team 010,Player 028,Team 012,0,3,Away
15,1,Player 028,Team 012,Player 024,Team 010,1,3,Home
15,1,Player 024,Team 010,Player 028,Team 012,3,1,Away
15,1,Player 028,Team 012,Player 063,Team 010,3,0,Home
15,1,Player 063,Team 010,Player 028,Team 012,0,3,Away
15,2,Player 054,Team 002,Player 086,Team 016,0,3,Home
15,2,Player 086,Team 016,Player 054,Team 002,3,0,Away
15,2,Player 054,Team 002,Player 057,Team 016,0,3,Home
15,2,Player 057,Team 016,Player 054,Team 002,3,0,Away
15,2,Player 054,Team 002,Player 085,Team 016,0,3,Home
15,2,Player 085,Team 016,Player 054,Team 002,3,0,Away
15,2,Player 054,Team 002,Player 087,Team 016,0,3,Home
15,2,Player 087,Team 016,Player 054,Team 002,3,0,Away
15,2,Player 041,Team 002,Player 086,Team 016,3,0,Home
15,2,Player 086,Team 016,Player 041,Team 002,0,3,Away
15,2,Player 041,Team 002,Player 057,Team 016,3,0,Home
15,2,Player 057,Team 016,Player 041,Team 002,0,3,Away
15,2,Player 041,Team 002,Player 085,Team 016,0,3,Home
15,2,Player 085,Team 016,Player 041,Team 002,3,0,Away
15,2,Player 041,Team 002,Player 087,Team 016,3,0,Home
15,2,Player 087,Team 016,Player 041,Team 002,0,3,Away
15,2,Player 002,Team 002,Player 086,Team 016,3,0,Home
15,2,Player 086,Team 016,Player 002,Team 002,0,3,Away
15,2,Player 002,Team 002,Player 057,Team 016,3,0,Home
15,2,Player 057,Team 016,Player 002,Team 002,0,3,Away
15,2,Player 002,Team 002,Player 085,Team 016,3,0,Home
15,2,Player 085,Team 016,Player 002,Team 002,0,3,Away
15,2,Player 002,Team 002,Player 087,Team 016,3,0,Home
15,2,Player 087,Team 016,Player 002,Team 002,0,3,Away
15,2,Player 078,Team 002,Player 086,Team 016,3,0,Home
15,2,Player 086,Team 016,Player 078,Team 002,0,3,Away
15,2,Player 078,Team 002,Player 057,Team 016,2,3,Home
15,2,Player 057,Team 016,Player 078,Team 002,3,2,Away
15,2,Player 078,Team 002,Player 085,Team 016,2,3,Home
15,2,Player 085,Team 016,Player 078,Team 002,3,2,Away
15,2,Player 078,Team 002,Player 087,Team 016,2,3,Home
15,2,Player 087,Team 016,Player 078,Team 002,3,2,Away
15,3,Player 010,Team 006,Player 084,Team 014,3,1,Home
15,3,Player 084,Team 014,Player 010,Team 006,1,3,Away
15,3,Player 010,Team 006,Player 031,Team 014,3,0,Home
15,3,Player 031,Team 014,Player 010,Team 006,0,3,Away
15,3,Player 010,Team 006,Player 043,Team 014,3,0,Home
15,3,Player 043,Team 014,Player 010,Team 006,0,3,Away
15,3,Player 010,Team 006,Player 042,Team 014,3,1,Home
15,3,Player 042,Team 014,Player 010,Team 006,1,3,Away
15,3,Player 102,Team 006,Player 084,Team 014,3,0,Home
15,3,Player 084,Team 014,Player 102,Team 006,0,3,Away
15,3,Player 102,Team 006,Player 031,Team 014,1,3,Home
15,3,Player 031,Team 014,Player 102,Team 006,3,1,Away
15,3,Player 102,Team 006,Player 043,Team 014,3,1,Home
15,3,Player 043,Team 014,Player 102,Team 006,1,3,Away
15,3,Player 102,Team 006,Player 042,Team 014,3,0,Home
15,3,Player 042,Team 014,Player 102,Team 006,0,3,Away
15,3,Player 032,Team 006,Player 084,Team 014,3,1,Home
15,3,Player 084,Team 014,Player 032,Team 006,1,3,Away
15,3,Player 032,Team 006,Player 031,Team 014,0,3,Home
15,3,Player 031,Team 014,Player 032,Team 006,3,0,Away
15,3,Player 032,Team 006,Player 043,Team 014,3,0,Home
15,3,Player 043,Team 014,Player 032,Team 006,0,3,Away
15,3,Player 032,Team 006,Player 042,Team 014,1,3,Home
15,3,Player 042,Team 014,Player 032,Team 006,3,1,Away
15,3,Player 073,Team 006,Player 084,Team 014,3,0,Home
15,3,Player 084,Team 014,Player 073,Team 006,0,3,Away
15,3,Player 073,Team 006,Player 031,Team 014,1,3,Home
15,3,Player 031,Team 014,Player 073,Team 006,3,1,Away
15,3,Player 073,Team 006,Player 043,Team 014,3,0,Home
15,3,Player 043,Team 014,Player 073,Team 006,0,3,Away
15,3,Player 073,Team 006,Player 042,Team 014,3,1,Home
15,3,Player 042,Team 014,Player 073,Team 006,1,3,Away
15,4,Player 001,Team 001,Player 108,Team 008,3,0,Home
15,4,Player 108,Team 008,Player 001,Team 001,0,3,Away
15,4,Player 001,Team 001,Player 037,Team 008,3,0,Home
15,4,Player 037,Team 008,Player 001,Team 001,0,3,Away
15,4,Player 001,Team 001,Player 036,Team 008,3,1,Home
15,4,Player 036,Team 008,Player 001,Team 001,1,3,Away
15,4,Player 001,Team 001,Player 016,Team 008,3,2,Home
15,4,Player 016,Team 008,Player 001,Team 001,2,3,Away
15,4,Player 100,Team 001,Player 037,Team 008,3,1,Home
15,4,Player 037,Team 008,Player 100,Team 001,1,3,Away
15,4,Player 100,Team 001,Player 036,Team 008,3,1,Home
15,4,Player 036,Team 008,Player 100,Team 001,1,3,Away
15,4,Player 007,Team 001,Player 037,Team 008,3,0,Home
15,4,Player 037,Team 008,Player 007,Team 001,0,3,Away
15,4,Player 007,Team 001,Player 036,Team 008,3,0,Home
15,4,Player 036,Team 008,Player 007,Team 001,0,3,Away
15,4,Player 007,Team 001,Player 016,Team 008,3,0,Home
15,4,Player 016,Team 008,Player 007,Team 001,0,3,Away
15,4,Player 007,Team 001,Player 077,Team 008,3,0,Home
15,4,Player 077,Team 008,Player 007,Team 001,0,3,Away
15,4,Player 013,Team 001,Player 037,Team 008,3,2,Home
15,4,Player 037,Team 008,Player 013,Team 001,2,3,Away
15,4,Player 013,Team 001,Player 036,Team 008,3,2,Home
15,4,Player 036,Team 008,Player 013,Team 001,2,3,Away
15,4,Player 013,Team 001,Player 016,Team 008,3,2,Home
15,4,Player 016,Team 008,Player 013,Team 001,2,3,Away
15,4,Player 013,Team 001,Player 077,Team 008,3,0,Home
15,4,Player 077,Team 008,Player 013,Team 001,0,3,Away
15,4,Player 069,Team 001,Player 016,Team 008,3,1,Home
15,4,Player 016,Team 008,Player 069,Team 001,1,3,Away
15,4,Player 069,Team 001,Player 077,Team 008,3,0,Home
15,4,Player 077,Team 008,Player 069,Team 001,0,3,Away
15,5,Player 046,Team 015,Player 003,Team 003,3,0,Home
15,5,Player 003,Team 003,Player 046,Team 015,0,3,Away
15,5,Player 046,Team 015,Player 067,Team 003,1,3,Home
15,5,Player 067,Team 003,Player 046,Team 015,3,1,Away
15,5,Player 046,Team 015,Player 125,Team 003,3,2,Home
15,5,Player 125,Team 003,Player 046,Team 015,2,3,Away
15,5,Player 046,Team 015,Player 008,Team 003,1,3,Home
15,5,Player 008,Team 003,Player 046,Team 015,3,1,Away
15,5,Player 047,Team 015,Player 003,Team 003,3,2,Home
15,5,Player 003,Team 003,Player 047,Team 015,2,3,Away
15,5,Player 047,Team 015,Player 067,Team 003,2,3,Home
15,5,Player 067,Team 003,Player 047,Team 015,3,2,Away
15,5,Player 047,Team 015,Player 125,Team 003,3,2,Home
15,5,Player 125,Team 003,Player 047,Team 015,2,3,Away
15,5,Player 047,Team 015,Player 008,Team 003,2,3,Home
15,5,Player 008,Team 003,Player 047,Team 015,3,2,Away
15,5,Player 056,Team 015,Player 003,Team 003,1,3,Home
15,5,Player 003,Team 003,Player 056,Team 015,3,1,Away
15,5,Player 056,Team 015,Player 067,Team 003,1,3,Home
15,5,Player 067,Team 003,Player 056,Team 015,3,1,Away
15,5,Player 056,Team 015,Player 125,Team 003,3,1,Home
15,5,Player 125,Team 003,Player 056,Team 015,1,3,Away
15,5,Player 056,Team 015,Player 008,Team 003,1,3,Home
15,5,Player 008,Team 003,Player 056,Team 015,3,1,Away
15,5,Player 112,Team 015,Player 003,Team 003,2,3,Home
15,5,Player 003,Team 003,Player 112,Team 015,3,2,Away
15,5,Player 112,Team 015,Player 067,Team 003,0,3,Home
15,5,Player 067,Team 003,Player 112,Team 015,3,0,Away
15,5,Player 112,Team 015,Player 125,Team 003,1,3,Home
15,5,Player 125,Team 003,Player 112,Team 015,3,1,Away
15,5,Player 112,Team 015,Player 008,Team 003,0,3,Home
15,5,Player 008,Team 003,Player 112,Team 015,3,0,Away
15,6,Player 029,Team 009,Player 082,Team 011,1,3,Home
15,6,Player 082,Team 011,Player 029,Team 009,3,1,Away
15,6,Player 029,Team 009,Player 023,Team 011,0,3,Home
15,6,Player 023,Team 011,Player 029,Team 009,3,0,Away
15,6,Player 029,Team 009,Player 022,Team 011,1,3,Home
15,6,Player 022,Team 011,Player 029,Team 009,3,1,Away
15,6,Player 029,Team 009,Player 021,Team 011,3,2,Home
15,6,Player 021,Team 011,Player 029,Team 009,2,3,Away
15,6,Player 120,Team 009,Player 082,Team 011,3,0,Home
15,6,Player 082,Team 011,Player 120,Team 009,0,3,Away
15,6,Player 120,Team 009,Player 023,Team 011,0,3,Home
15,6,Player 023,Team 011,Player 120,Team 009,3,0,Away
15,6,Player 120,Team 009,Player 022,Team 011,3,1,Home
15,6,Player 022,Team 011,Player 120,Team 009,1,3,Away
15,6,Player 120,Team 009,Player 021,Team 011,0,3,Home
15,6,Player 021,Team 011,Player 120,Team 009,3,0,Away
15,6,Player 045,Team 009,Player 082,Team 011,2,3,Home
15,6,Player 082,Team 011,Player 045,Team 009,3,2,Away
15,6,Player 045,Team 009,Player 023,Team 011,0,3,Home
15,6,Player 023,Team 011,Player 045,Team 009,3,0,Away
15,6,Player 045,Team 009,Player 022,Team 011,0,3,Home
15,6,Player 022,Team 011,Player 045,Team 009,3,0,Away
15,6,Player 045,Team 009,Player 021,Team 011,0,3,Home
15,6,Player 021,Team 011,Player 045,Team 009,3,0,Away
15,6,Player 081,Team 009,Player 082,Team 011,3,2,Home
15,6,Player 082,Team 011,Player 081,Team 009,2,3,Away
15,6,Player 081,Team 009,Player 023,Team 011,0,3,Home
15,6,Player 023,Team 011,Player 081,Team 009,3,0,Away
15,6,Player 081,Team 009,Player 022,Team 011,0,3,Home
15,6,Player 022,Team 011,Player 081,Team 009,3,0,Away
15,6,Player 081,Team 009,Player 021,Team 011,0,3,Home
15,6,Player 021,Team 011,Player 081,Team 009,3,0,Away
15,7,Player 090,Team 005,Player 017,Team 004,0,3,Home
15,7,Player 017,Team 004,Player 090,Team 005,3,0,Away
15,7,Player 090,Team 005,Player 018,Team 004,0,3,Home
15,7,Player 018,Team 004,Player 090,Team 005,3,0,Away
15,7,Player 090,Team 005,Player 075,Team 004,0,3,Home
15,7,Player 075,Team 004,Player 090,Team 005,3,0,Away
15,7,Player 090,Team 005,Player 004,Team 004,0,3,Home
15,7,Player 004,Team 004,Player 090,Team 005,3,0,Away
15,7,Player 040,Team 005,Player 017,Team 004,2,3,Home
15,7,Player 017,Team 004,Player 040,Team 005,3,2,Away
15,7,Player 040,Team 005,Player 018,Team 004,0,3,Home
15,7,Player 018,Team 004,Player 040,Team 005,3,0,Away
15,7,Player 040,Team 005,Player 075,Team 004,0,3,Home
15,7,Player 075,Team 004,Player 040,Team 005,3,0,Away
15,7,Player 040,Team 005,Player 004,Team 004,1,3,Home
15,7,Player 004,Team 004,Player 040,Team 005,3,1,Away
15,7,Player 012,Team 005,Player 017,Team 004,3,2,Home
15,7,Player 017,Team 004,Player 012,Team 005,2,3,Away
15,7,Player 012,Team 005,Player 018,Team 004,3,1,Home
15,7,Player 018,Team 004,Player 012,Team 005,1,3,Away
15,7,Player 012,Team 005,Player 075,Team 004,1,3,Home
15,7,Player 075,Team 004,Player 012,Team 005,3,1,Away
15,7,Player 012,Team 005,Player 004,Team 004,1,3,Home
15,7,Player 004,Team 004,Player 012,Team 005,3,1,Away
15,7,Player 006,Team 005,Player 017,Team 004,2,3,Home
15,7,Player 017,Team 004,Player 006,Team 005,3,2,Away
15,7,Player 006,Team 005,Player 018,Team 004,3,1,Home
15,7,Player 018,Team 004,Player 006,Team 005,1,3,Away
15,7,Player 006,Team 005,Player 075,Team 004,3,0,Home
15,7,Player 075,Team 004,Player 006,Team 005,0,3,Away
15,7,Player 006,Team 005,Player 004,Team 004,3,1,Home
15,7,Player 004,Team 004,Player 006,Team 005,1,3,Away
15,8,Player 066,Team 013,Player 014,Team 007,3,1,Home
15,8,Player 014,Team 007,Player 066,Team 013,1,3,Away
15,8,Player 066,Team 013,Player 034,Team 007,3,1,Home
15,8,Player 034,Team 007,Player 066,Team 013,1,3,Away
15,8,Player 066,Team 013,Player 116,Team 007,3,2,Home
15,8,Player 116,Team 007,Player 066,Team 013,2,3,Away
15,8,Player 066,Team 013,Player 026,Team 007,3,0,Home
15,8,Player 026,Team 007,Player 066,Team 013,0,3,Away
15,8,Player 052,Team 013,Player 034,Team 007,2,3,Home
15,8,Player 034,Team 007,Player 052,Team 013,3,2,Away
15,8,Player 052,Team 013,Player 118,Team 007,3,1,Home
15,8,Player 118,Team 007,Player 052,Team 013,1,3,Away
15,8,Player 119,Team 013,Player 014,Team 007,3,2,Home
15,8,Player 014,Team 007,Player 119,Team 013,2,3,Away
15,8,Player 119,Team 013,Player 034,Team 007,3,1,Home
15,8,Player 034,Team 007,Player 119,Team 013,1,3,Away
15,8,Player 119,Team 013,Player 118,Team 007,3,0,Home
15,8,Player 118,Team 007,Player 119,Team 013,0,3,Away
15,8,Player 119,Team 013,Player 116,Team 007,3,1,Home
15,8,Player 116,Team 007,Player 119,Team 013,1,3,Away
15,8,Player 029,Team 013,Player 014,Team 007,2,3,Home
15,8,Player 014,Team 007,Player 029,Team 013,3,2,Away
15,8,Player 029,Team 013,Player 034,Team 007,3,1,Home
15,8,Player 034,Team 007,Player 029,Team 013,1,3,Away
15,8,Player 029,Team 013,Player 116,Team 007,2,3,Home
15,8,Player 116,Team 007,Player 029,Team 013,3,2,Away
15,8,Player 029,Team 013,Player 026,Team 007,3,1,Home
15,8,Player 026,Team 007,Player 029,Team 013,1,3,Away
15,8,Player 051,Team 013,Player 014,Team 007,0,3,Home
15,8,Player 014,Team 007,Player 051,Team 013,3,0,Away
15,8,Player 051,Team 013,Player 116,Team 007,0,3,Home
15,8,Player 116,Team 007,Player 051,Team 013,3,0,Away
16,1,Player 010,Team 006,Player 064,Team 010,3,0,Home
16,1,Player 064,Team 010,Player 010,Team 006,0,3,Away
16,1,Player 010,Team 006,Player 020,Team 010,3,1,Home
16,1,Player 020,Team 010,Player 010,Team 006,1,3,Away
16,1,Player 010,Team 006,Player 024,Team 010,3,1,Home
16,1,Player 024,Team 010,Player 010,Team 006,1,3,Away
16,1,Player 010,Team 006,Player 063,Team 010,3,0,Home
16,1,Player 063,Team 010,Player 010,Team 006,0,3,Away
16,1,Player 102,Team 006,Player 064,Team 010,3,0,Home
16,1,Player 064,Team 010,Player 102,Team 006,0,3,Away
16,1,Player 102,Team 006,Player 020,Team 010,1,3,Home
16,1,Player 020,Team 010,Player 102,Team 006,3,1,Away
16,1,Player 102,Team 006,Player 024,Team 010,1,3,Home
16,1,Player 024,Team 010,Player 102,Team 006,3,1,Away
16,1,Player 102,Team 006,Player 063,Team 010,3,0,Home
16,1,Player 063,Team 010,Player 102,Team 006,0,3,Away
16,1,Player 073,Team 006,Player 064,Team 010,3,0,Home
16,1,Player 064,Team 010,Player 073,Team 006,0,3,Away
16,1,Player 073,Team 006,Player 020,Team 010,3,1,Home
16,1,Player 020,Team 010,Player 073,Team 006,1,3,Away
16,1,Player 073,Team 006,Player 024,Team 010,1,3,Home
16,1,Player 024,Team 010,Player 073,Team 006,3,1,Away
16,1,Player 073,Team 006,Player 063,Team 010,3,0,Home
16,1,Player 063,Team 010,Player 073,Team 006,0,3,Away
16,1,Player 030,Team 006,Player 064,Team 010,3,1,Home
16,1,Player 064,Team 010,Player 030,Team 006,1,3,Away
16,1,Player 030,Team 006,Player 020,Team 010,0,3,Home
16,1,Player 020,Team 010,Player 030,Team 006,3,0,Away
16,1,Player 030,Team 006,Player 024,Team 010,0,3,Home
16,1,Player 024,Team 010,Player 030,Team 006,3,0,Away
16,1,Player 030,Team 006,Player 063,Team 010,3,0,Home
16,1,Player 063,Team 010,Player 030,Team 006,0,3,Away
16,2,Player 041,Team 002,Player 082,Team 011,2,3,Home
16,2,Player 082,Team 011,Player 041,Team 002,3,2,Away
16,2,Player 041,Team 002,Player 023,Team 011,0,3,Home
16,2,Player 023,Team 011,Player 041,Team 002,3,0,Away
16,2,Player 041,Team 002,Player 021,Team 011,0,3,Home
16,2,Player 021,Team 011,Player 041,Team 002,3,0,Away
16,2,Player 041,Team 002,Player 072,Team 011,0,3,Home
16,2,Player 072,Team 011,Player 041,Team 002,3,0,Away
16,2,Player 078,Team 002,Player 082,Team 011,0,3,Home
16,2,Player 082,Team 011,Player 078,Team 002,3,0,Away
16,2,Player 078,Team 002,Player 023,Team 011,0,3,Home
16,2,Player 023,Team 011,Player 078,Team 002,3,0,Away
16,2,Player 078,Team 002,Player 021,Team 011,0,3,Home
16,2,Player 021,Team 011,Player 078,Team 002,3,0,Away
16,2,Player 078,Team 002,Player 072,Team 011,0,3,Home
16,2,Player 072,Team 011,Player 078,Team 002,3,0,Away
16,2,Player 054,Team 002,Player 082,Team 011,0,3,Home
16,2,Player 082,Team 011,Player 054,Team 002,3,0,Away
16,2,Player 054,Team 002,Player 023,Team 011,0,3,Home
16,2,Player 023,Team 011,Player 054,Team 002,3,0,Away
16,2,Player 054,Team 002,Player 021,Team 011,0,3,Home
16,2,Player 021,Team 011,Player 054,Team 002,3,0,Away
16,2,Player 054,Team 002,Player 072,Team 011,0,3,Home
16,2,Player 072,Team 011,Player 054,Team 002,3,0,Away
16,2,Player 002,Team 002,Player 082,Team 011,2,3,Home
16,2,Player 082,Team 011,Player 002,Team 002,3,2,Away
16,2,Player 002,Team 002,Player 023,Team 011,3,0,Home
16,2,Player 023,Team 011,Player 002,Team 002,0,3,Away
16,2,Player 002,Team 002,Player 021,Team 011,3,1,Home
16,2,Player 021,Team 011,Player 002,Team 002,1,3,Away
16,2,Player 002,Team 002,Player 072,Team 011,2,3,Home
16,2,Player 072,Team 011,Player 002,Team 002,3,2,Away
16,3,Player 028,Team 012,Player 035,Team 008,3,0,Home
16,3,Player 035,Team 008,Player 028,Team 012,0,3,Away
16,3,Player 028,Team 012,Player 060,Team 008,3,2,Home
16,3,Player 060,Team 008,Player 028,Team 012,2,3,Away
16,3,Player 028,Team 012,Player 036,Team 008,1,3,Home
16,3,Player 036,Team 008,Player 028,Team 012,3,1,Away
16,3,Player 028,Team 012,Player 037,Team 008,3,0,Home
16,3,Player 037,Team 008,Player 028,Team 012,0,3,Away
16,3,Player 083,Team 012,Player 035,Team 008,3,2,Home
16,3,Player 035,Team 008,Player 083,Team 012,2,3,Away
16,3,Player 083,Team 012,Player 060,Team 008,2,3,Home
16,3,Player 060,Team 008,Player 083,Team 012,3,2,Away
16,3,Player 083,Team 012,Player 036,Team 008,0,3,Home
16,3,Player 036,Team 008,Player 083,Team 012,3,0,Away
16,3,Player 083,Team 012,Player 037,Team 008,1,3,Home
16,3,Player 037,Team 008,Player 083,Team 012,3,1,Away
16,3,Player 025,Team 012,Player 035,Team 008,3,2,Home
16,3,Player 035,Team 008,Player 025,Team 012,2,3,Away
16,3,Player 025,Team 012,Player 060,Team 008,3,1,Home
16,3,Player 060,Team 008,Player 025,Team 012,1,3,Away
16,3,Player 025,Team 012,Player 036,Team 008,3,0,Home
16,3,Player 036,Team 008,Player 025,Team 012,0,3,Away
16,3,Player 025,Team 012,Player 037,Team 008,3,2,Home
16,3,Player 037,Team 008,Player 025,Team 012,2,3,Away
16,3,Player 039,Team 012,Player 035,Team 008,3,1,Home
16,3,Player 035,Team 008,Player 039,Team 012,1,3,Away
16,3,Player 039,Team 012,Player 060,Team 008,3,1,Home
16,3,Player 060,Team 008,Player 039,Team 012,1,3,Away
16,3,Player 039,Team 012,Player 036,Team 008,3,2,Home
16,3,Player 036,Team 008,Player 039,Team 012,2,3,Away
16,3,Player 039,Team 012,Player 037,Team 008,3,1,Home
16,3,Player 037,Team 008,Player 039,Team 012,1,3,Away
16,4,Player 046,Team 015,Player 013,Team 001,0,3,Home
16,4,Player 013,Team 001,Player 046,Team 015,3,0,Away
16,4,Player 046,Team 015,Player 007,Team 001,0,3,Home
16,4,Player 007,Team 001,Player 046,Team 015,3,0,Away
16,4,Player 046,Team 015,Player 101,Team 001,0,3,Home
16,4,Player 101,Team 001,Player 046,Team 015,3,0,Away
16,4,Player 046,Team 015,Player 100,Team 001,0,3,Home
16,4,Player 100,Team 001,Player 046,Team 015,3,0,Away
16,4,Player 048,Team 015,Player 013,Team 001,0,3,Home
16,4,Player 013,Team 001,Player 048,Team 015,3,0,Away
16,4,Player 048,Team 015,Player 007,Team 001,0,3,Home
16,4,Player 007,Team 001,Player 048,Team 015,3,0,Away
16,4,Player 048,Team 015,Player 101,Team 001,0,3,Home
16,4,Player 101,Team 001,Player 048,Team 015,3,0,Away
16,4,Player 048,Team 015,Player 100,Team 001,0,3,Home
16,4,Player 100,Team 001,Player 048,Team 015,3,0,Away
16,4,Player 047,Team 015,Player 013,Team 001,3,2,Home
16,4,Player 013,Team 001,Player 047,Team 015,2,3,Away
16,4,Player 047,Team 015,Player 007,Team 001,1,3,Home
16,4,Player 007,Team 001,Player 047,Team 015,3,1,Away
16,4,Player 047,Team 015,Player 101,Team 001,3,2,Home
16,4,Player 101,Team 001,Player 047,Team 015,2,3,Away
16,4,Player 047,Team 015,Player 100,Team 001,0,3,Home
16,4,Player 100,Team 001,Player 047,Team 015,3,0,Away
16,4,Player 056,Team 015,Player 013,Team 001,1,3,Home
16,4,Player 013,Team 001,Player 056,Team 015,3,1,Away
16,4,Player 056,Team 015,Player 007,Team 001,0,3,Home
16,4,Player 007,Team 001,Player 056,Team 015,3,0,Away
16,4,Player 056,Team 015,Player 101,Team 001,3,2,Home
16,4,Player 101,Team 001,Player 056,Team 015,2,3,Away
16,4,Player 056,Team 015,Player 100,Team 001,0,3,Home
16,4,Player 100,Team 001,Player 056,Team 015,3,0,Away
16,5,Player 045,Team 009,Player 088,Team 007,3,0,Home
16,5,Player 088,Team 007,Player 045,Team 009,0,3,Away
16,5,Player 045,Team 009,Player 118,Team 007,3,2,Home
16,5,Player 118,Team 007,Player 045,Team 009,2,3,Away
16,5,Player 045,Team 009,Player 116,Team 007,0,3,Home
16,5,Player 116,Team 007,Player 045,Team 009,3,0,Away
16,5,Player 045,Team 009,(játék nélkül),Team 007,3,0,Home
16,5,(játék nélkül),Team 007,Player 045,Team 009,0,3,Away
16,5,Player 029,Team 009,Player 088,Team 007,3,0,Home
16,5,Player 088,Team 007,Player 029,Team 009,0,3,Away
16,5,Player 029,Team 009,Player 118,Team 007,1,3,Home
16,5,Player 118,Team 007,Player 029,Team 009,3,1,Away
16,5,Player 029,Team 009,Player 116,Team 007,0,3,Home
16,5,Player 116,Team 007,Player 029,Team 009,3,0,Away
16,5,Player 029,Team 009,(játék nélkül),Team 007,3,0,Home
16,5,(játék nélkül),Team 007,Player 029,Team 009,0,3,Away
16,5,Player 081,Team 009,Player 088,Team 007,3,0,Home
16,5,Player 088,Team 007,Player 081,Team 009,0,3,Away
16,5,Player 081,Team 009,Player 118,Team 007,2,3,Home
16,5,Player 118,Team 007,Player 081,Team 009,3,2,Away
16,5,Player 081,Team 009,Player 116,Team 007,2,3,Home
16,5,Player 116,Team 007,Player 081,Team 009,3,2,Away
16,5,Player 081,Team 009,(játék nélkül),Team 007,3,0,Home
16,5,(játék nélkül),Team 007,Player 081,Team 009,0,3,Away
16,5,Player 058,Team 009,Player 088,Team 007,3,0,Home
16,5,Player 088,Team 007,Player 058,Team 009,0,3,Away
16,5,Player 058,Team 009,Player 118,Team 007,0,3,Home
16,5,Player 118,Team 007,Player 058,Team 009,3,0,Away
16,5,Player 058,Team 009,Player 116,Team 007,0,3,Home
16,5,Player 116,Team 007,Player 058,Team 009,3,0,Away
16,5,Player 058,Team 009,(játék nélkül),Team 007,3,0,Home
16,5,(játék nélkül),Team 007,Player 058,Team 009,0,3,Away
16,6,Player 091,Team 005,Player 044,Team 014,0,3,Home
16,6,Player 044,Team 014,Player 091,Team 005,3,0,Away
16,6,Player 091,Team 005,Player 043,Team 014,1,3,Home
16,6,Player 043,Team 014,Player 091,Team 005,3,1,Away
16,6,Player 038,Team 005,Player 044,Team 014,1,3,Home
16,6,Player 044,Team 014,Player 038,Team 005,3,1,Away
16,6,Player 038,Team 005,Player 043,Team 014,1,3,Home
16,6,Player 043,Team 014,Player 038,Team 005,3,1,Away
16,6,Player 038,Team 005,Player 031,Team 014,0,3,Home
16,6,Player 031,Team 014,Player 038,Team 005,3,0,Away
16,6,Player 038,Team 005,Player 071,Team 014,1,3,Home
16,6,Player 071,Team 014,Player 038,Team 005,3,1,Away
16,6,Player 040,Team 005,Player 044,Team 014,3,1,Home
16,6,Player 044,Team 014,Player 040,Team 005,1,3,Away
16,6,Player 040,Team 005,Player 043,Team 014,2,3,Home
16,6,Player 043,Team 014,Player 040,Team 005,3,2,Away
16,6,Player 040,Team 005,Player 031,Team 014,0,3,Home
16,6,Player 031,Team 014,Player 040,Team 005,3,0,Away
16,6,Player 040,Team 005,Player 071,Team 014,0,3,Home
16,6,Player 071,Team 014,Player 040,Team 005,3,0,Away
16,6,Player 012,Team 005,Player 044,Team 014,3,0,Home
16,6,Player 044,Team 014,Player 012,Team 005,0,3,Away
16,6,Player 012,Team 005,Player 043,Team 014,3,0,Home
16,6,Player 043,Team 014,Player 012,Team 005,0,3,Away
16,6,Player 012,Team 005,Player 031,Team 014,3,2,Home
16,6,Player 031,Team 014,Player 012,Team 005,2,3,Away
16,6,Player 012,Team 005,Player 071,Team 014,0,3,Home
16,6,Player 071,Team 014,Player 012,Team 005,3,0,Away
16,6,Player 061,Team 005,Player 031,Team 014,0,3,Home
16,6,Player 031,Team 014,Player 061,Team 005,3,0,Away
16,6,Player 061,Team 005,Player 071,Team 014,0,3,Home
16,6,Player 071,Team 014,Player 061,Team 005,3,0,Away
16,7,Player 008,Team 003,Player 085,Team 016,3,0,Home
16,7,Player 085,Team 016,Player 008,Team 003,0,3,Away
16,7,Player 008,Team 003,Player 087,Team 016,3,1,Home
16,7,Player 087,Team 016,Player 008,Team 003,1,3,Away
16,7,Player 008,Team 003,Player 059,Team 016,3,1,Home
16,7,Player 059,Team 016,Player 008,Team 003,1,3,Away
16,7,Player 008,Team 003,Player 086,Team 016,3,0,Home
16,7,Player 086,Team 016,Player 008,Team 003,0,3,Away
16,7,Player 005,Team 003,Player 085,Team 016,3,0,Home
16,7,Player 085,Team 016,Player 005,Team 003,0,3,Away
16,7,Player 005,Team 003,Player 087,Team 016,3,0,Home
16,7,Player 087,Team 016,Player 005,Team 003,0,3,Away
16,7,Player 005,Team 003,Player 057,Team 016,3,0,Home
16,7,Player 057,Team 016,Player 005,Team 003,0,3,Away
16,7,Player 005,Team 003,Player 059,Team 016,3,2,Home
16,7,Player 059,Team 016,Player 005,Team 003,2,3,Away
16,7,Player 125,Team 003,Player 085,Team 016,3,0,Home
16,7,Player 085,Team 016,Player 125,Team 003,0,3,Away
16,7,Player 125,Team 003,Player 087,Team 016,3,0,Home
16,7,Player 087,Team 016,Player 125,Team 003,0,3,Away
16,7,Player 125,Team 003,Player 057,Team 016,3,0,Home
16,7,Player 057,Team 016,Player 125,Team 003,0,3,Away
16,7,Player 125,Team 003,Player 059,Team 016,3,1,Home
16,7,Player 059,Team 016,Player 125,Team 003,1,3,Away
16,7,Player 003,Team 003,Player 085,Team 016,3,1,Home
16,7,Player 085,Team 016,Player 003,Team 003,1,3,Away
16,7,Player 003,Team 003,Player 087,Team 016,3,1,Home
16,7,Player 087,Team 016,Player 003,Team 003,1,3,Away
16,7,Player 003,Team 003,Player 059,Team 016,3,1,Home
16,7,Player 059,Team 016,Player 003,Team 003,1,3,Away
16,7,Player 003,Team 003,Player 086,Team 016,3,2,Home
16,7,Player 086,Team 016,Player 003,Team 003,2,3,Away
16,8,Player 052,Team 013,Player 017,Team 004,0,3,Home
16,8,Player 017,Team 004,Player 052,Team 013,3,0,Away
16,8,Player 052,Team 013,Player 018,Team 004,0,3,Home
16,8,Player 018,Team 004,Player 052,Team 013,3,0,Away
16,8,Player 052,Team 013,Player 004,Team 004,0,3,Home
16,8,Player 004,Team 004,Player 052,Team 013,3,0,Away
16,8,Player 052,Team 013,Player 075,Team 004,1,3,Home
16,8,Player 075,Team 004,Player 052,Team 013,3,1,Away
16,8,Player 051,Team 013,Player 017,Team 004,1,3,Home
16,8,Player 017,Team 004,Player 051,Team 013,3,1,Away
16,8,Player 051,Team 013,Player 018,Team 004,3,0,Home
16,8,Player 018,Team 004,Player 051,Team 013,0,3,Away
16,8,Player 051,Team 013,Player 004,Team 004,0,3,Home
16,8,Player 004,Team 004,Player 051,Team 013,3,0,Away
16,8,Player 051,Team 013,Player 075,Team 004,1,3,Home
16,8,Player 075,Team 004,Player 051,Team 013,3,1,Away
16,8,Player 029,Team 013,Player 017,Team 004,3,0,Home
16,8,Player 017,Team 004,Player 029,Team 013,0,3,Away
16,8,Player 029,Team 013,Player 018,Team 004,2,3,Home
16,8,Player 018,Team 004,Player 029,Team 013,3,2,Away
16,8,Player 029,Team 013,Player 004,Team 004,3,1,Home
16,8,Player 004,Team 004,Player 029,Team 013,1,3,Away
16,8,Player 029,Team 013,Player 075,Team 004,3,0,Home
16,8,Player 075,Team 004,Player 029,Team 013,0,3,Away
16,8,(játék nélkül),Team 013,Player 017,Team 004,0,3,Home
16,8,Player 017,Team 004,(játék nélkül),Team 013,3,0,Away
16,8,(játék nélkül),Team 013,Player 018,Team 004,0,3,Home
16,8,Player 018,Team 004,(játék nélkül),Team 013,3,0,Away
16,8,(játék nélkül),Team 013,Player 004,Team 004,0,3,Home
16,8,Player 004,Team 004,(játék nélkül),Team 013,3,0,Away
16,8,(játék nélkül),Team 013,Player 075,Team 004,0,3,Home
16,8,Player 075,Team 004,(játék nélkül),Team 013,3,0,Away
17,1,Player 020,Team 010,Player 061,Team 005,3,1,Home
17,1,Player 061,Team 005,Player 020,Team 010,1,3,Away
17,1,Player 020,Team 010,Player 104,Team 005,3,0,Home
17,1,Player 104,Team 005,Player 020,Team 010,0,3,Away
17,1,Player 020,Team 010,Player 012,Team 005,0,3,Home
17,1,Player 012,Team 005,Player 020,Team 010,3,0,Away
17,1,Player 020,Team 010,Player 006,Team 005,0,3,Home
17,1,Player 006,Team 005,Player 020,Team 010,3,0,Away
17,1,Player 064,Team 010,Player 061,Team 005,0,3,Home
17,1,Player 061,Team 005,Player 064,Team 010,3,0,Away
17,1,Player 064,Team 010,Player 104,Team 005,3,0,Home
17,1,Player 104,Team 005,Player 064,Team 010,0,3,Away
17,1,Player 064,Team 010,Player 012,Team 005,0,3,Home
17,1,Player 012,Team 005,Player 064,Team 010,3,0,Away
17,1,Player 064,Team 010,Player 006,Team 005,0,3,Home
17,1,Player 006,Team 005,Player 064,Team 010,3,0,Away
17,1,Player 063,Team 010,Player 061,Team 005,1,3,Home
17,1,Player 061,Team 005,Player 063,Team 010,3,1,Away
17,1,Player 063,Team 010,Player 104,Team 005,3,0,Home
17,1,Player 104,Team 005,Player 063,Team 010,0,3,Away
17,1,Player 063,Team 010,Player 012,Team 005,3,0,Home
17,1,Player 012,Team 005,Player 063,Team 010,0,3,Away
17,1,Player 063,Team 010,Player 006,Team 005,0,3,Home
17,1,Player 006,Team 005,Player 063,Team 010,3,0,Away
17,1,Player 024,Team 010,Player 061,Team 005,3,0,Home
17,1,Player 061,Team 005,Player 024,Team 010,0,3,Away
17,1,Player 024,Team 010,Player 104,Team 005,3,0,Home
17,1,Player 104,Team 005,Player 024,Team 010,0,3,Away
17,1,Player 024,Team 010,Player 012,Team 005,1,3,Home
17,1,Player 012,Team 005,Player 024,Team 010,3,1,Away
17,1,Player 024,Team 010,Player 006,Team 005,1,3,Home
17,1,Player 006,Team 005,Player 024,Team 010,3,1,Away
17,2,Player 088,Team 007,Player 041,Team 002,0,3,Home
17,2,Player 041,Team 002,Player 088,Team 007,3,0,Away
17,2,Player 088,Team 007,Player 053,Team 002,0,3,Home
17,2,Player 053,Team 002,Player 088,Team 007,3,0,Away
17,2,Player 088,Team 007,Player 054,Team 002,3,2,Home
17,2,Player 054,Team 002,Player 088,Team 007,2,3,Away
17,2,Player 088,Team 007,Player 002,Team 002,0,3,Home
17,2,Player 002,Team 002,Player 088,Team 007,3,0,Away
17,2,Player 034,Team 007,Player 041,Team 002,3,2,Home
17,2,Player 041,Team 002,Player 034,Team 007,2,3,Away
17,2,Player 034,Team 007,Player 053,Team 002,3,1,Home
17,2,Player 053,Team 002,Player 034,Team 007,1,3,Away
17,2,Player 034,Team 007,Player 078,Team 002,3,0,Home
17,2,Player 078,Team 002,Player 034,Team 007,0,3,Away
17,2,Player 034,Team 007,Player 054,Team 002,3,0,Home
17,2,Player 054,Team 002,Player 034,Team 007,0,3,Away
17,2,Player 026,Team 007,Player 041,Team 002,3,0,Home
17,2,Player 041,Team 002,Player 026,Team 007,0,3,Away
17,2,Player 026,Team 007,Player 053,Team 002,3,0,Home
17,2,Player 053,Team 002,Player 026,Team 007,0,3,Away
17,2,Player 026,Team 007,Player 078,Team 002,3,0,Home
17,2,Player 078,Team 002,Player 026,Team 007,0,3,Away
17,2,Player 026,Team 007,Player 054,Team 002,3,1,Home
17,2,Player 054,Team 002,Player 026,Team 007,1,3,Away
17,2,Player 116,Team 007,Player 041,Team 002,3,2,Home
17,2,Player 041,Team 002,Player 116,Team 007,2,3,Away
17,2,Player 116,Team 007,Player 053,Team 002,3,0,Home
17,2,Player 053,Team 002,Player 116,Team 007,0,3,Away
17,2,Player 116,Team 007,Player 054,Team 002,3,0,Home
17,2,Player 054,Team 002,Player 116,Team 007,0,3,Away
17,2,Player 116,Team 007,Player 002,Team 002,0,3,Home
17,2,Player 002,Team 002,Player 116,Team 007,3,0,Away
17,3,Player 021,Team 011,Player 005,Team 003,3,2,Home
17,3,Player 005,Team 003,Player 021,Team 011,2,3,Away
17,3,Player 021,Team 011,Player 067,Team 003,1,3,Home
17,3,Player 067,Team 003,Player 021,Team 011,3,1,Away
17,3,Player 021,Team 011,Player 008,Team 003,2,3,Home
17,3,Player 008,Team 003,Player 021,Team 011,3,2,Away
17,3,Player 021,Team 011,Player 125,Team 003,3,0,Home
17,3,Player 125,Team 003,Player 021,Team 011,0,3,Away
17,3,Player 022,Team 011,Player 005,Team 003,3,1,Home
17,3,Player 005,Team 003,Player 022,Team 011,1,3,Away
17,3,Player 022,Team 011,Player 067,Team 003,3,2,Home
17,3,Player 067,Team 003,Player 022,Team 011,2,3,Away
17,3,Player 022,Team 011,Player 008,Team 003,1,3,Home
17,3,Player 008,Team 003,Player 022,Team 011,3,1,Away
17,3,Player 022,Team 011,Player 125,Team 003,0,3,Home
17,3,Player 125,Team 003,Player 022,Team 011,3,0,Away
17,3,Player 082,Team 011,Player 005,Team 003,1,3,Home
17,3,Player 005,Team 003,Player 082,Team 011,3,1,Away
17,3,Player 082,Team 011,Player 067,Team 003,0,3,Home
17,3,Player 067,Team 003,Player 082,Team 011,3,0,Away
17,3,Player 082,Team 011,Player 008,Team 003,0,3,Home
17,3,Player 008,Team 003,Player 082,Team 011,3,0,Away
17,3,Player 082,Team 011,Player 125,Team 003,3,2,Home
17,3,Player 125,Team 003,Player 082,Team 011,2,3,Away
17,3,Player 072,Team 011,Player 005,Team 003,3,2,Home
17,3,Player 005,Team 003,Player 072,Team 011,2,3,Away
17,3,Player 072,Team 011,Player 067,Team 003,0,3,Home
17,3,Player 067,Team 003,Player 072,Team 011,3,0,Away
17,3,Player 072,Team 011,Player 008,Team 003,3,1,Home
17,3,Player 008,Team 003,Player 072,Team 011,1,3,Away
17,3,Player 072,Team 011,Player 125,Team 003,3,0,Home
17,3,Player 125,Team 003,Player 072,Team 011,0,3,Away
17,4,Player 075,Team 004,Player 045,Team 009,3,1,Home
17,4,Player 045,Team 009,Player 075,Team 004,1,3,Away
17,4,Player 075,Team 004,Player 079,Team 009,3,2,Home
17,4,Player 079,Team 009,Player 075,Team 004,2,3,Away
17,4,Player 075,Team 004,Player 058,Team 009,3,1,Home
17,4,Player 058,Team 009,Player 075,Team 004,1,3,Away
17,4,Player 075,Team 004,(játék nélkül),Team 009,3,0,Home
17,4,(játék nélkül),Team 009,Player 075,Team 004,0,3,Away
17,4,Player 017,Team 004,Player 045,Team 009,3,0,Home
17,4,Player 045,Team 009,Player 017,Team 004,0,3,Away
17,4,Player 017,Team 004,Player 079,Team 009,3,0,Home
17,4,Player 079,Team 009,Player 017,Team 004,0,3,Away
17,4,Player 017,Team 004,Player 058,Team 009,3,0,Home
17,4,Player 058,Team 009,Player 017,Team 004,0,3,Away
17,4,Player 017,Team 004,(játék nélkül),Team 009,3,0,Home
17,4,(játék nélkül),Team 009,Player 017,Team 004,0,3,Away
17,4,Player 004,Team 004,Player 045,Team 009,3,0,Home
17,4,Player 045,Team 009,Player 004,Team 004,0,3,Away
17,4,Player 004,Team 004,Player 079,Team 009,3,0,Home
17,4,Player 079,Team 009,Player 004,Team 004,0,3,Away
17,4,Player 004,Team 004,Player 058,Team 009,3,0,Home
17,4,Player 058,Team 009,Player 004,Team 004,0,3,Away
17,4,Player 004,Team 004,(játék nélkül),Team 009,3,0,Home
17,4,(játék nélkül),Team 009,Player 004,Team 004,0,3,Away
17,4,Player 009,Team 004,Player 045,Team 009,3,0,Home
17,4,Player 045,Team 009,Player 009,Team 004,0,3,Away
17,4,Player 009,Team 004,Player 079,Team 009,3,0,Home
17,4,Player 079,Team 009,Player 009,Team 004,0,3,Away
17,4,Player 009,Team 004,Player 058,Team 009,3,0,Home
17,4,Player 058,Team 009,Player 009,Team 004,0,3,Away
17,4,Player 009,Team 004,(játék nélkül),Team 009,3,0,Home
17,4,(játék nélkül),Team 009,Player 009,Team 004,0,3,Away
17,5,Player 001,Team 001,Player 028,Team 012,3,1,Home
17,5,Player 028,Team 012,Player 001,Team 001,1,3,Away
17,5,Player 001,Team 001,Player 039,Team 012,3,1,Home
17,5,Player 039,Team 012,Player 001,Team 001,1,3,Away
17,5,Player 001,Team 001,Player 025,Team 012,3,0,Home
17,5,Player 025,Team 012,Player 001,Team 001,0,3,Away
17,5,Player 001,Team 001,Player 083,Team 012,3,0,Home
17,5,Player 083,Team 012,Player 001,Team 001,0,3,Away
17,5,Player 013,Team 001,Player 028,Team 012,3,2,Home
17,5,Player 028,Team 012,Player 013,Team 001,2,3,Away
17,5,Player 013,Team 001,Player 039,Team 012,3,1,Home
17,5,Player 039,Team 012,Player 013,Team 001,1,3,Away
17,5,Player 013,Team 001,Player 025,Team 012,3,2,Home
17,5,Player 025,Team 012,Player 013,Team 001,2,3,Away
17,5,Player 013,Team 001,Player 083,Team 012,3,0,Home
17,5,Player 083,Team 012,Player 013,Team 001,0,3,Away
17,5,Player 007,Team 001,Player 028,Team 012,3,0,Home
17,5,Player 028,Team 012,Player 007,Team 001,0,3,Away
17,5,Player 007,Team 001,Player 039,Team 012,3,0,Home
17,5,Player 039,Team 012,Player 007,Team 001,0,3,Away
17,5,Player 007,Team 001,Player 025,Team 012,3,1,Home
17,5,Player 025,Team 012,Player 007,Team 001,1,3,Away
17,5,Player 007,Team 001,Player 083,Team 012,3,0,Home
17,5,Player 083,Team 012,Player 007,Team 001,0,3,Away
17,5,Player 069,Team 001,Player 028,Team 012,3,0,Home
17,5,Player 028,Team 012,Player 069,Team 001,0,3,Away
17,5,Player 069,Team 001,Player 039,Team 012,3,0,Home
17,5,Player 039,Team 012,Player 069,Team 001,0,3,Away
17,5,Player 069,Team 001,Player 025,Team 012,3,0,Home
17,5,Player 025,Team 012,Player 069,Team 001,0,3,Away
17,5,Player 069,Team 001,Player 083,Team 012,3,0,Home
17,5,Player 083,Team 012,Player 069,Team 001,0,3,Away
17,6,Player 035,Team 008,Player 010,Team 006,0,3,Home
17,6,Player 010,Team 006,Player 035,Team 008,3,0,Away
17,6,Player 035,Team 008,Player 073,Team 006,1,3,Home
17,6,Player 073,Team 006,Player 035,Team 008,3,1,Away
17,6,Player 077,Team 008,Player 010,Team 006,1,3,Home
17,6,Player 010,Team 006,Player 077,Team 008,3,1,Away
17,6,Player 077,Team 008,Player 073,Team 006,3,1,Home
17,6,Player 073,Team 006,Player 077,Team 008,1,3,Away
17,6,Player 077,Team 008,Player 032,Team 006,3,0,Home
17,6,Player 032,Team 006,Player 077,Team 008,0,3,Away
17,6,Player 077,Team 008,Player 094,Team 006,3,0,Home
17,6,Player 094,Team 006,Player 077,Team 008,0,3,Away
17,6,Player 037,Team 008,Player 010,Team 006,0,3,Home
17,6,Player 010,Team 006,Player 037,Team 008,3,0,Away
17,6,Player 037,Team 008,Player 073,Team 006,3,0,Home
17,6,Player 073,Team 006,Player 037,Team 008,0,3,Away
17,6,Player 037,Team 008,Player 032,Team 006,3,0,Home
17,6,Player 032,Team 006,Player 037,Team 008,0,3,Away
17,6,Player 037,Team 008,Player 030,Team 006,3,0,Home
17,6,Player 030,Team 006,Player 037,Team 008,0,3,Away
17,6,Player 036,Team 008,Player 010,Team 006,0,3,Home
17,6,Player 010,Team 006,Player 036,Team 008,3,0,Away
17,6,Player 036,Team 008,Player 073,Team 006,3,0,Home
17,6,Player 073,Team 006,Player 036,Team 008,0,3,Away
17,6,Player 036,Team 008,Player 032,Team 006,3,0,Home
17,6,Player 032,Team 006,Player 036,Team 008,0,3,Away
17,6,Player 036,Team 008,Player 030,Team 006,3,0,Home
17,6,Player 030,Team 006,Player 036,Team 008,0,3,Away
17,6,Player 060,Team 008,Player 032,Team 006,3,2,Home
17,6,Player 032,Team 006,Player 060,Team 008,2,3,Away
17,6,Player 060,Team 008,Player 094,Team 006,3,0,Home
17,6,Player 094,Team 006,Player 060,Team 008,0,3,Away
17,7,Player 043,Team 014,(játék nélkül),Team 013,3,0,Home
17,7,(játék nélkül),Team 013,Player 043,Team 014,0,3,Away
17,7,Player 043,Team 014,(játék nélkül),Team 013,3,0,Home
17,7,(játék nélkül),Team 013,Player 043,Team 014,0,3,Away
17,7,Player 043,Team 014,(játék nélkül),Team 013,3,0,Home
17,7,(játék nélkül),Team 013,Player 043,Team 014,0,3,Away
17,7,Player 043,Team 014,(játék nélkül),Team 013,3,0,Home
17,7,(játék nélkül),Team 013,Player 043,Team 014,0,3,Away
17,7,Player 095,Team 014,(játék nélkül),Team 013,3,0,Home
17,7,(játék nélkül),Team 013,Player 095,Team 014,0,3,Away
17,7,Player 095,Team 014,(játék nélkül),Team 013,3,0,Home
17,7,(játék nélkül),Team 013,Player 095,Team 014,0,3,Away
17,7,Player 095,Team 014,(játék nélkül),Team 013,3,0,Home
17,7,(játék nélkül),Team 013,Player 095,Team 014,0,3,Away
17,7,Player 095,Team 014,(játék nélkül),Team 013,3,0,Home
17,7,(játék nélkül),Team 013,Player 095,Team 014,0,3,Away
17,7,Player 042,Team 014,(játék nélkül),Team 013,3,0,Home
17,7,(játék nélkül),Team 013,Player 042,Team 014,0,3,Away
17,7,Player 042,Team 014,(játék nélkül),Team 013,3,0,Home
17,7,(játék nélkül),Team 013,Player 042,Team 014,0,3,Away
17,7,Player 042,Team 014,(játék nélkül),Team 013,3,0,Home
17,7,(játék nélkül),Team 013,Player 042,Team 014,0,3,Away
17,7,Player 042,Team 014,(játék nélkül),Team 013,3,0,Home
17,7,(játék nélkül),Team 013,Player 042,Team 014,0,3,Away
17,7,Player 070,Team 014,(játék nélkül),Team 013,3,0,Home
17,7,(játék nélkül),Team 013,Player 070,Team 014,0,3,Away
17,7,Player 070,Team 014,(játék nélkül),Team 013,3,0,Home
17,7,(játék nélkül),Team 013,Player 070,Team 014,0,3,Away
17,7,Player 070,Team 014,(játék nélkül),Team 013,3,0,Home
17,7,(játék nélkül),Team 013,Player 070,Team 014,0,3,Away
17,7,Player 070,Team 014,(játék nélkül),Team 013,3,0,Home
17,7,(játék nélkül),Team 013,Player 070,Team 014,0,3,Away
17,8,Player 086,Team 016,Player 046,Team 015,2,3,Home
17,8,Player 046,Team 015,Player 086,Team 016,3,2,Away
17,8,Player 086,Team 016,Player 048,Team 015,0,3,Home
17,8,Player 048,Team 015,Player 086,Team 016,3,0,Away
17,8,Player 086,Team 016,Player 047,Team 015,0,3,Home
17,8,Player 047,Team 015,Player 086,Team 016,3,0,Away
17,8,Player 086,Team 016,Player 056,Team 015,0,3,Home
17,8,Player 056,Team 015,Player 086,Team 016,3,0,Away
17,8,Player 087,Team 016,Player 046,Team 015,0,3,Home
17,8,Player 046,Team 015,Player 087,Team 016,3,0,Away
17,8,Player 087,Team 016,Player 048,Team 015,1,3,Home
17,8,Player 048,Team 015,Player 087,Team 016,3,1,Away
17,8,Player 087,Team 016,Player 047,Team 015,0,3,Home
17,8,Player 047,Team 015,Player 087,Team 016,3,0,Away
17,8,Player 087,Team 016,Player 056,Team 015,0,3,Home
17,8,Player 056,Team 015,Player 087,Team 016,3,0,Away
17,8,Player 057,Team 016,Player 047,Team 015,1,3,Home
17,8,Player 047,Team 015,Player 057,Team 016,3,1,Away
17,8,Player 057,Team 016,Player 056,Team 015,0,3,Home
17,8,Player 056,Team 015,Player 057,Team 016,3,0,Away
17,8,Player 085,Team 016,Player 046,Team 015,3,0,Home
17,8,Player 046,Team 015,Player 085,Team 016,0,3,Away
17,8,Player 085,Team 016,Player 047,Team 015,1,3,Home
17,8,Player 047,Team 015,Player 085,Team 016,3,1,Away
17,8,Player 085,Team 016,Player 056,Team 015,2,3,Home
17,8,Player 056,Team 015,Player 085,Team 016,3,2,Away
17,8,Player 085,Team 016,Player 111,Team 015,0,3,Home
17,8,Player 111,Team 015,Player 085,Team 016,3,0,Away
17,8,Player 059,Team 016,Player 046,Team 015,0,3,Home
17,8,Player 046,Team 015,Player 059,Team 016,3,0,Away
17,8,Player 059,Team 016,Player 111,Team 015,0,3,Home
17,8,Player 111,Team 015,Player 059,Team 016,3,0,Away
18,1,Player 029,Team 013,Player 064,Team 010,3,0,Home
18,1,Player 064,Team 010,Player 029,Team 013,0,3,Away
18,1,Player 029,Team 013,Player 020,Team 010,3,1,Home
18,1,Player 020,Team 010,Player 029,Team 013,1,3,Away
18,1,Player 029,Team 013,Player 024,Team 010,3,0,Home
18,1,Player 024,Team 010,Player 029,Team 013,0,3,Away
18,1,Player 029,Team 013,Player 103,Team 010,3,0,Home
18,1,Player 103,Team 010,Player 029,Team 013,0,3,Away
18,1,Player 106,Team 013,Player 064,Team 010,3,0,Home
18,1,Player 064,Team 010,Player 106,Team 013,0,3,Away
18,1,Player 106,Team 013,Player 020,Team 010,3,1,Home
18,1,Player 020,Team 010,Player 106,Team 013,1,3,Away
18,1,Player 106,Team 013,Player 024,Team 010,0,3,Home
18,1,Player 024,Team 010,Player 106,Team 013,3,0,Away
18,1,Player 106,Team 013,Player 103,Team 010,3,0,Home
18,1,Player 103,Team 010,Player 106,Team 013,0,3,Away
18,1,Player 051,Team 013,Player 064,Team 010,0,3,Home
18,1,Player 064,Team 010,Player 051,Team 013,3,0,Away
18,1,Player 051,Team 013,Player 020,Team 010,0,3,Home
18,1,Player 020,Team 010,Player 051,Team 013,3,0,Away
18,1,Player 051,Team 013,Player 024,Team 010,0,3,Home
18,1,Player 024,Team 010,Player 051,Team 013,3,0,Away
18,1,Player 051,Team 013,Player 103,Team 010,0,3,Home
18,1,Player 103,Team 010,Player 051,Team 013,3,0,Away
18,1,(játék nélkül),Team 013,Player 064,Team 010,0,3,Home
18,1,Player 064,Team 010,(játék nélkül),Team 013,3,0,Away
18,1,(játék nélkül),Team 013,Player 020,Team 010,0,3,Home
18,1,Player 020,Team 010,(játék nélkül),Team 013,3,0,Away
18,1,(játék nélkül),Team 013,Player 024,Team 010,0,3,Home
18,1,Player 024,Team 010,(játék nélkül),Team 013,3,0,Away
18,1,(játék nélkül),Team 013,Player 103,Team 010,0,3,Home
18,1,Player 103,Team 010,(játék nélkül),Team 013,3,0,Away
18,2,Player 054,Team 002,Player 075,Team 004,1,3,Home
18,2,Player 075,Team 004,Player 054,Team 002,3,1,Away
18,2,Player 054,Team 002,Player 017,Team 004,1,3,Home
18,2,Player 017,Team 004,Player 054,Team 002,3,1,Away
18,2,Player 054,Team 002,Player 018,Team 004,2,3,Home
18,2,Player 018,Team 004,Player 054,Team 002,3,2,Away
18,2,Player 054,Team 002,Player 004,Team 004,0,3,Home
18,2,Player 004,Team 004,Player 054,Team 002,3,0,Away
18,2,Player 041,Team 002,Player 075,Team 004,2,3,Home
18,2,Player 075,Team 004,Player 041,Team 002,3,2,Away
18,2,Player 041,Team 002,Player 017,Team 004,1,3,Home
18,2,Player 017,Team 004,Player 041,Team 002,3,1,Away
18,2,Player 041,Team 002,Player 018,Team 004,2,3,Home
18,2,Player 018,Team 004,Player 041,Team 002,3,2,Away
18,2,Player 041,Team 002,Player 004,Team 004,0,3,Home
18,2,Player 004,Team 004,Player 041,Team 002,3,0,Away
18,2,Player 053,Team 002,Player 075,Team 004,0,3,Home
18,2,Player 075,Team 004,Player 053,Team 002,3,0,Away
18,2,Player 053,Team 002,Player 017,Team 004,0,3,Home
18,2,Player 017,Team 004,Player 053,Team 002,3,0,Away
18,2,Player 053,Team 002,Player 018,Team 004,0,3,Home
18,2,Player 018,Team 004,Player 053,Team 002,3,0,Away
18,2,Player 053,Team 002,Player 004,Team 004,0,3,Home
18,2,Player 004,Team 004,Player 053,Team 002,3,0,Away
18,2,Player 078,Team 002,Player 075,Team 004,1,3,Home
18,2,Player 075,Team 004,Player 078,Team 002,3,1,Away
18,2,Player 078,Team 002,Player 017,Team 004,0,3,Home
18,2,Player 017,Team 004,Player 078,Team 002,3,0,Away
18,2,Player 078,Team 002,Player 018,Team 004,0,3,Home
18,2,Player 018,Team 004,Player 078,Team 002,3,0,Away
18,2,Player 078,Team 002,Player 004,Team 004,1,3,Home
18,2,Player 004,Team 004,Player 078,Team 002,3,1,Away
18,3,Player 025,Team 012,Player 046,Team 015,3,2,Home
18,3,Player 046,Team 015,Player 025,Team 012,2,3,Away
18,3,Player 025,Team 012,Player 048,Team 015,3,0,Home
18,3,Player 048,Team 015,Player 025,Team 012,0,3,Away
18,3,Player 025,Team 012,Player 056,Team 015,3,0,Home
18,3,Player 056,Team 015,Player 025,Team 012,0,3,Away
18,3,Player 025,Team 012,Player 047,Team 015,3,0,Home
18,3,Player 047,Team 015,Player 025,Team 012,0,3,Away
18,3,Player 083,Team 012,Player 046,Team 015,2,3,Home
18,3,Player 046,Team 015,Player 083,Team 012,3,2,Away
18,3,Player 083,Team 012,Player 048,Team 015,3,2,Home
18,3,Player 048,Team 015,Player 083,Team 012,2,3,Away
18,3,Player 083,Team 012,Player 056,Team 015,3,1,Home
18,3,Player 056,Team 015,Player 083,Team 012,1,3,Away
18,3,Player 083,Team 012,Player 047,Team 015,3,0,Home
18,3,Player 047,Team 015,Player 083,Team 012,0,3,Away
18,3,Player 109,Team 012,Player 046,Team 015,0,3,Home
18,3,Player 046,Team 015,Player 109,Team 012,3,0,Away
18,3,Player 109,Team 012,Player 048,Team 015,3,1,Home
18,3,Player 048,Team 015,Player 109,Team 012,1,3,Away
18,3,Player 109,Team 012,Player 056,Team 015,3,1,Home
18,3,Player 056,Team 015,Player 109,Team 012,1,3,Away
18,3,Player 109,Team 012,Player 047,Team 015,2,3,Home
18,3,Player 047,Team 015,Player 109,Team 012,3,2,Away
18,3,Player 039,Team 012,Player 046,Team 015,3,1,Home
18,3,Player 046,Team 015,Player 039,Team 012,1,3,Away
18,3,Player 039,Team 012,Player 048,Team 015,3,1,Home
18,3,Player 048,Team 015,Player 039,Team 012,1,3,Away
18,3,Player 039,Team 012,Player 056,Team 015,3,1,Home
18,3,Player 056,Team 015,Player 039,Team 012,1,3,Away
18,3,Player 039,Team 012,Player 047,Team 015,3,2,Home
18,3,Player 047,Team 015,Player 039,Team 012,2,3,Away
18,4,Player 010,Team 006,Player 076,Team 001,0,3,Home
18,4,Player 076,Team 001,Player 010,Team 006,3,0,Away
18,4,Player 010,Team 006,Player 013,Team 001,3,2,Home
18,4,Player 013,Team 001,Player 010,Team 006,2,3,Away
18,4,Player 010,Team 006,Player 007,Team 001,1,3,Home
18,4,Player 007,Team 001,Player 010,Team 006,3,1,Away
18,4,Player 010,Team 006,Player 100,Team 001,1,3,Home
18,4,Player 100,Team 001,Player 010,Team 006,3,1,Away
18,4,Player 032,Team 006,Player 076,Team 001,0,3,Home
18,4,Player 076,Team 001,Player 032,Team 006,3,0,Away
18,4,Player 032,Team 006,Player 013,Team 001,0,3,Home
18,4,Player 013,Team 001,Player 032,Team 006,3,0,Away
18,4,Player 032,Team 006,Player 007,Team 001,0,3,Home
18,4,Player 007,Team 001,Player 032,Team 006,3,0,Away
18,4,Player 032,Team 006,Player 100,Team 001,0,3,Home
18,4,Player 100,Team 001,Player 032,Team 006,3,0,Away
18,4,Player 073,Team 006,Player 076,Team 001,0,3,Home
18,4,Player 076,Team 001,Player 073,Team 006,3,0,Away
18,4,Player 073,Team 006,Player 013,Team 001,0,3,Home
18,4,Player 013,Team 001,Player 073,Team 006,3,0,Away
18,4,Player 073,Team 006,Player 007,Team 001,0,3,Home
18,4,Player 007,Team 001,Player 073,Team 006,3,0,Away
18,4,Player 073,Team 006,Player 100,Team 001,0,3,Home
18,4,Player 100,Team 001,Player 073,Team 006,3,0,Away
18,4,Player 102,Team 006,Player 076,Team 001,0,3,Home
18,4,Player 076,Team 001,Player 102,Team 006,3,0,Away
18,4,Player 102,Team 006,Player 013,Team 001,1,3,Home
18,4,Player 013,Team 001,Player 102,Team 006,3,1,Away
18,4,Player 102,Team 006,Player 007,Team 001,0,3,Home
18,4,Player 007,Team 001,Player 102,Team 006,3,0,Away
18,4,Player 102,Team 006,Player 100,Team 001,0,3,Home
18,4,Player 100,Team 001,Player 102,Team 006,3,0,Away
18,5,Player 045,Team 009,Player 071,Team 014,0,3,Home
18,5,Player 071,Team 014,Player 045,Team 009,3,0,Away
18,5,Player 045,Team 009,Player 043,Team 014,0,3,Home
18,5,Player 043,Team 014,Player 045,Team 009,3,0,Away
18,5,Player 045,Team 009,Player 042,Team 014,1,3,Home
18,5,Player 042,Team 014,Player 045,Team 009,3,1,Away
18,5,Player 045,Team 009,Player 031,Team 014,0,3,Home
18,5,Player 031,Team 014,Player 045,Team 009,3,0,Away
18,5,Player 079,Team 009,Player 071,Team 014,0,3,Home
18,5,Player 071,Team 014,Player 079,Team 009,3,0,Away
18,5,Player 079,Team 009,Player 043,Team 014,2,3,Home
18,5,Player 043,Team 014,Player 079,Team 009,3,2,Away
18,5,Player 079,Team 009,Player 042,Team 014,1,3,Home
18,5,Player 042,Team 014,Player 079,Team 009,3,1,Away
18,5,Player 079,Team 009,Player 031,Team 014,1,3,Home
18,5,Player 031,Team 014,Player 079,Team 009,3,1,Away
18,5,Player 120,Team 009,Player 071,Team 014,1,3,Home
18,5,Player 071,Team 014,Player 120,Team 009,3,1,Away
18,5,Player 120,Team 009,Player 043,Team 014,0,3,Home
18,5,Player 043,Team 014,Player 120,Team 009,3,0,Away
18,5,Player 120,Team 009,Player 042,Team 014,3,1,Home
18,5,Player 042,Team 014,Player 120,Team 009,1,3,Away
18,5,Player 120,Team 009,Player 031,Team 014,3,0,Home
18,5,Player 031,Team 014,Player 120,Team 009,0,3,Away
18,5,Player 081,Team 009,Player 071,Team 014,0,3,Home
18,5,Player 071,Team 014,Player 081,Team 009,3,0,Away
18,5,Player 081,Team 009,Player 043,Team 014,0,3,Home
18,5,Player 043,Team 014,Player 081,Team 009,3,0,Away
18,5,Player 081,Team 009,Player 042,Team 014,3,1,Home
18,5,Player 042,Team 014,Player 081,Team 009,1,3,Away
18,5,Player 081,Team 009,Player 031,Team 014,2,3,Home
18,5,Player 031,Team 014,Player 081,Team 009,3,2,Away
18,6,Player 008,Team 003,Player 014,Team 007,3,2,Home
18,6,Player 014,Team 007,Player 008,Team 003,2,3,Away
18,6,Player 008,Team 003,Player 093,Team 007,3,0,Home
18,6,Player 093,Team 007,Player 008,Team 003,0,3,Away
18,6,Player 008,Team 003,Player 026,Team 007,3,0,Home
18,6,Player 026,Team 007,Player 008,Team 003,0,3,Away
18,6,Player 008,Team 003,Player 116,Team 007,0,3,Home
18,6,Player 116,Team 007,Player 008,Team 003,3,0,Away
18,6,Player 067,Team 003,Player 014,Team 007,1,3,Home
18,6,Player 014,Team 007,Player 067,Team 003,3,1,Away
18,6,Player 067,Team 003,Player 093,Team 007,3,0,Home
18,6,Player 093,Team 007,Player 067,Team 003,0,3,Away
18,6,Player 067,Team 003,Player 026,Team 007,3,0,Home
18,6,Player 026,Team 007,Player 067,Team 003,0,3,Away
18,6,Player 067,Team 003,Player 116,Team 007,3,2,Home
18,6,Player 116,Team 007,Player 067,Team 003,2,3,Away
18,6,Player 005,Team 003,Player 014,Team 007,2,3,Home
18,6,Player 014,Team 007,Player 005,Team 003,3,2,Away
18,6,Player 005,Team 003,Player 093,Team 007,3,0,Home
18,6,Player 093,Team 007,Player 005,Team 003,0,3,Away
18,6,Player 005,Team 003,Player 026,Team 007,0,3,Home
18,6,Player 026,Team 007,Player 005,Team 003,3,0,Away
18,6,Player 005,Team 003,Player 116,Team 007,1,3,Home
18,6,Player 116,Team 007,Player 005,Team 003,3,1,Away
18,6,Player 003,Team 003,Player 014,Team 007,1,3,Home
18,6,Player 014,Team 007,Player 003,Team 003,3,1,Away
18,6,Player 003,Team 003,Player 093,Team 007,3,0,Home
18,6,Player 093,Team 007,Player 003,Team 003,0,3,Away
18,6,Player 003,Team 003,Player 026,Team 007,2,3,Home
18,6,Player 026,Team 007,Player 003,Team 003,3,2,Away
18,6,Player 003,Team 003,Player 116,Team 007,3,1,Home
18,6,Player 116,Team 007,Player 003,Team 003,1,3,Away
18,7,Player 040,Team 005,Player 035,Team 008,3,1,Home
18,7,Player 035,Team 008,Player 040,Team 005,1,3,Away
18,7,Player 040,Team 005,Player 077,Team 008,0,3,Home
18,7,Player 077,Team 008,Player 040,Team 005,3,0,Away
18,7,Player 040,Team 005,Player 037,Team 008,1,3,Home
18,7,Player 037,Team 008,Player 040,Team 005,3,1,Away
18,7,Player 040,Team 005,Player 036,Team 008,0,3,Home
18,7,Player 036,Team 008,Player 040,Team 005,3,0,Away
18,7,Player 038,Team 005,Player 077,Team 008,1,3,Home
18,7,Player 077,Team 008,Player 038,Team 005,3,1,Away
18,7,Player 038,Team 005,Player 037,Team 008,1,3,Home
18,7,Player 037,Team 008,Player 038,Team 005,3,1,Away
18,7,Player 038,Team 005,Player 036,Team 008,0,3,Home
18,7,Player 036,Team 008,Player 038,Team 005,3,0,Away
18,7,Player 038,Team 005,Player 092,Team 008,3,0,Home
18,7,Player 092,Team 008,Player 038,Team 005,0,3,Away
18,7,Player 012,Team 005,Player 077,Team 008,0,3,Home
18,7,Player 077,Team 008,Player 012,Team 005,3,0,Away
18,7,Player 012,Team 005,Player 037,Team 008,1,3,Home
18,7,Player 037,Team 008,Player 012,Team 005,3,1,Away
18,7,Player 012,Team 005,Player 036,Team 008,0,3,Home
18,7,Player 036,Team 008,Player 012,Team 005,3,0,Away
18,7,Player 012,Team 005,Player 092,Team 008,3,0,Home
18,7,Player 092,Team 008,Player 012,Team 005,0,3,Away
18,7,Player 006,Team 005,Player 035,Team 008,3,0,Home
18,7,Player 035,Team 008,Player 006,Team 005,0,3,Away
18,7,Player 006,Team 005,Player 077,Team 008,3,0,Home
18,7,Player 077,Team 008,Player 006,Team 005,0,3,Away
18,7,Player 006,Team 005,Player 037,Team 008,3,0,Home
18,7,Player 037,Team 008,Player 006,Team 005,0,3,Away
18,7,Player 006,Team 005,Player 036,Team 008,3,2,Home
18,7,Player 036,Team 008,Player 006,Team 005,2,3,Away
18,8,Player 057,Team 016,Player 023,Team 011,1,3,Home
18,8,Player 023,Team 011,Player 057,Team 016,3,1,Away
18,8,Player 057,Team 016,Player 021,Team 011,0,3,Home
18,8,Player 021,Team 011,Player 057,Team 016,3,0,Away
18,8,Player 057,Team 016,Player 033,Team 011,1,3,Home
18,8,Player 033,Team 011,Player 057,Team 016,3,1,Away
18,8,Player 057,Team 016,Player 072,Team 011,0,3,Home
18,8,Player 072,Team 011,Player 057,Team 016,3,0,Away
18,8,Player 059,Team 016,Player 023,Team 011,1,3,Home
18,8,Player 023,Team 011,Player 059,Team 016,3,1,Away
18,8,Player 059,Team 016,Player 021,Team 011,0,3,Home
18,8,Player 021,Team 011,Player 059,Team 016,3,0,Away
18,8,Player 059,Team 016,Player 033,Team 011,3,0,Home
18,8,Player 033,Team 011,Player 059,Team 016,0,3,Away
18,8,Player 059,Team 016,Player 072,Team 011,2,3,Home
18,8,Player 072,Team 011,Player 059,Team 016,3,2,Away
18,8,Player 087,Team 016,Player 023,Team 011,0,3,Home
18,8,Player 023,Team 011,Player 087,Team 016,3,0,Away
18,8,Player 087,Team 016,Player 021,Team 011,0,3,Home
18,8,Player 021,Team 011,Player 087,Team 016,3,0,Away
18,8,Player 087,Team 016,Player 033,Team 011,3,0,Home
18,8,Player 033,Team 011,Player 087,Team 016,0,3,Away
18,8,Player 087,Team 016,Player 072,Team 011,0,3,Home
18,8,Player 072,Team 011,Player 087,Team 016,3,0,Away
18,8,Player 085,Team 016,Player 023,Team 011,1,3,Home
18,8,Player 023,Team 011,Player 085,Team 016,3,1,Away
18,8,Player 085,Team 016,Player 021,Team 011,0,3,Home
18,8,Player 021,Team 011,Player 085,Team 016,3,0,Away
18,8,Player 085,Team 016,Player 033,Team 011,3,1,Home
18,8,Player 033,Team 011,Player 085,Team 016,1,3,Away
18,8,Player 085,Team 016,Player 072,Team 011,0,3,Home
18,8,Player 072,Team 011,Player 085,Team 016,3,0,Away
19,1,Player 103,Team 010,Player 120,Team 009,0,3,Home
19,1,Player 120,Team 009,Player 103,Team 010,3,0,Away
19,1,Player 103,Team 010,Player 045,Team 009,3,2,Home
19,1,Player 045,Team 009,Player 103,Team 010,2,3,Away
19,1,Player 063,Team 010,Player 120,Team 009,0,3,Home
19,1,Player 120,Team 009,Player 063,Team 010,3,0,Away
19,1,Player 063,Team 010,Player 045,Team 009,1,3,Home
19,1,Player 045,Team 009,Player 063,Team 010,3,1,Away
19,1,Player 063,Team 010,Player 079,Team 009,0,3,Home
19,1,Player 079,Team 009,Player 063,Team 010,3,0,Away
19,1,Player 063,Team 010,(játék nélkül),Team 009,3,0,Home
19,1,(játék nélkül),Team 009,Player 063,Team 010,0,3,Away
19,1,Player 020,Team 010,Player 120,Team 009,0,3,Home
19,1,Player 120,Team 009,Player 020,Team 010,3,0,Away
19,1,Player 020,Team 010,Player 045,Team 009,1,3,Home
19,1,Player 045,Team 009,Player 020,Team 010,3,1,Away
19,1,Player 020,Team 010,Player 079,Team 009,3,0,Home
19,1,Player 079,Team 009,Player 020,Team 010,0,3,Away
19,1,Player 020,Team 010,(játék nélkül),Team 009,3,0,Home
19,1,(játék nélkül),Team 009,Player 020,Team 010,0,3,Away
19,1,Player 024,Team 010,Player 120,Team 009,3,0,Home
19,1,Player 120,Team 009,Player 024,Team 010,0,3,Away
19,1,Player 024,Team 010,Player 045,Team 009,3,1,Home
19,1,Player 045,Team 009,Player 024,Team 010,1,3,Away
19,1,Player 024,Team 010,Player 079,Team 009,3,0,Home
19,1,Player 079,Team 009,Player 024,Team 010,0,3,Away
19,1,Player 024,Team 010,(játék nélkül),Team 009,3,0,Home
19,1,(játék nélkül),Team 009,Player 024,Team 010,0,3,Away
19,1,Player 064,Team 010,Player 079,Team 009,0,3,Home
19,1,Player 079,Team 009,Player 064,Team 010,3,0,Away
19,1,Player 064,Team 010,(játék nélkül),Team 009,3,0,Home
19,1,(játék nélkül),Team 009,Player 064,Team 010,0,3,Away
19,2,Player 084,Team 014,Player 041,Team 002,3,0,Home
19,2,Player 041,Team 002,Player 084,Team 014,0,3,Away
19,2,Player 084,Team 014,Player 002,Team 002,0,3,Home
19,2,Player 002,Team 002,Player 084,Team 014,3,0,Away
19,2,Player 084,Team 014,Player 078,Team 002,3,1,Home
19,2,Player 078,Team 002,Player 084,Team 014,1,3,Away
19,2,Player 031,Team 014,Player 041,Team 002,3,2,Home
19,2,Player 041,Team 002,Player 031,Team 014,2,3,Away
19,2,Player 031,Team 014,Player 002,Team 002,3,1,Home
19,2,Player 002,Team 002,Player 031,Team 014,1,3,Away
19,2,Player 031,Team 014,Player 078,Team 002,3,0,Home
19,2,Player 078,Team 002,Player 031,Team 014,0,3,Away
19,2,Player 044,Team 014,Player 041,Team 002,1,3,Home
19,2,Player 041,Team 002,Player 044,Team 014,3,1,Away
19,2,Player 044,Team 014,Player 002,Team 002,0,3,Home
19,2,Player 002,Team 002,Player 044,Team 014,3,0,Away
19,2,Player 044,Team 014,Player 078,Team 002,3,2,Home
19,2,Player 078,Team 002,Player 044,Team 014,2,3,Away
19,3,Player 017,Team 004,Player 005,Team 003,3,0,Home
19,3,Player 005,Team 003,Player 017,Team 004,0,3,Away
19,3,Player 017,Team 004,Player 067,Team 003,3,1,Home
19,3,Player 067,Team 003,Player 017,Team 004,1,3,Away
19,3,Player 017,Team 004,Player 008,Team 003,3,0,Home
19,3,Player 008,Team 003,Player 017,Team 004,0,3,Away
19,3,Player 017,Team 004,Player 125,Team 003,3,2,Home
19,3,Player 125,Team 003,Player 017,Team 004,2,3,Away
19,3,Player 018,Team 004,Player 005,Team 003,3,2,Home
19,3,Player 005,Team 003,Player 018,Team 004,2,3,Away
19,3,Player 018,Team 004,Player 067,Team 003,0,3,Home
19,3,Player 067,Team 003,Player 018,Team 004,3,0,Away
19,3,Player 018,Team 004,Player 008,Team 003,2,3,Home
19,3,Player 008,Team 003,Player 018,Team 004,3,2,Away
19,3,Player 018,Team 004,Player 125,Team 003,2,3,Home
19,3,Player 125,Team 003,Player 018,Team 004,3,2,Away
19,3,Player 009,Team 004,Player 005,Team 003,3,1,Home
19,3,Player 005,Team 003,Player 009,Team 004,1,3,Away
19,3,Player 009,Team 004,Player 067,Team 003,0,3,Home
19,3,Player 067,Team 003,Player 009,Team 004,3,0,Away
19,3,Player 009,Team 004,Player 008,Team 003,2,3,Home
19,3,Player 008,Team 003,Player 009,Team 004,3,2,Away
19,3,Player 009,Team 004,Player 125,Team 003,1,3,Home
19,3,Player 125,Team 003,Player 009,Team 004,3,1,Away
19,3,Player 004,Team 004,Player 005,Team 003,3,0,Home
19,3,Player 005,Team 003,Player 004,Team 004,0,3,Away
19,3,Player 004,Team 004,Player 067,Team 003,3,2,Home
19,3,Player 067,Team 003,Player 004,Team 004,2,3,Away
19,3,Player 004,Team 004,Player 008,Team 003,3,0,Home
19,3,Player 008,Team 003,Player 004,Team 004,0,3,Away
19,3,Player 004,Team 004,Player 125,Team 003,3,0,Home
19,3,Player 125,Team 003,Player 004,Team 004,0,3,Away
19,4,Player 028,Team 012,Player 010,Team 006,2,3,Home
19,4,Player 010,Team 006,Player 028,Team 012,3,2,Away
19,4,Player 028,Team 012,Player 032,Team 006,3,0,Home
19,4,Player 032,Team 006,Player 028,Team 012,0,3,Away
19,4,Player 028,Team 012,Player 102,Team 006,3,0,Home
19,4,Player 102,Team 006,Player 028,Team 012,0,3,Away
19,4,Player 028,Team 012,Player 073,Team 006,3,2,Home
19,4,Player 073,Team 006,Player 028,Team 012,2,3,Away
19,4,Player 083,Team 012,Player 010,Team 006,0,3,Home
19,4,Player 010,Team 006,Player 083,Team 012,3,0,Away
19,4,Player 083,Team 012,Player 032,Team 006,3,0,Home
19,4,Player 032,Team 006,Player 083,Team 012,0,3,Away
19,4,Player 083,Team 012,Player 102,Team 006,1,3,Home
19,4,Player 102,Team 006,Player 083,Team 012,3,1,Away
19,4,Player 083,Team 012,Player 073,Team 006,1,3,Home
19,4,Player 073,Team 006,Player 083,Team 012,3,1,Away
19,4,Player 109,Team 012,Player 010,Team 006,0,3,Home
19,4,Player 010,Team 006,Player 109,Team 012,3,0,Away
19,4,Player 109,Team 012,Player 032,Team 006,3,2,Home
19,4,Player 032,Team 006,Player 109,Team 012,2,3,Away
19,4,Player 109,Team 012,Player 102,Team 006,3,0,Home
19,4,Player 102,Team 006,Player 109,Team 012,0,3,Away
19,4,Player 109,Team 012,Player 073,Team 006,2,3,Home
19,4,Player 073,Team 006,Player 109,Team 012,3,2,Away
19,4,Player 025,Team 012,Player 010,Team 006,3,2,Home
19,4,Player 010,Team 006,Player 025,Team 012,2,3,Away
19,4,Player 025,Team 012,Player 032,Team 006,3,0,Home
19,4,Player 032,Team 006,Player 025,Team 012,0,3,Away
19,4,Player 025,Team 012,Player 102,Team 006,3,0,Home
19,4,Player 102,Team 006,Player 025,Team 012,0,3,Away
19,4,Player 025,Team 012,Player 073,Team 006,3,0,Home
19,4,Player 073,Team 006,Player 025,Team 012,0,3,Away
19,5,Player 046,Team 015,Player 082,Team 011,2,3,Home
19,5,Player 082,Team 011,Player 046,Team 015,3,2,Away
19,5,Player 046,Team 015,Player 021,Team 011,2,3,Home
19,5,Player 021,Team 011,Player 046,Team 015,3,2,Away
19,5,Player 046,Team 015,Player 022,Team 011,1,3,Home
19,5,Player 022,Team 011,Player 046,Team 015,3,1,Away
19,5,Player 046,Team 015,Player 023,Team 011,3,0,Home
19,5,Player 023,Team 011,Player 046,Team 015,0,3,Away
19,5,Player 048,Team 015,Player 082,Team 011,0,3,Home
19,5,Player 082,Team 011,Player 048,Team 015,3,0,Away
19,5,Player 048,Team 015,Player 021,Team 011,0,3,Home
19,5,Player 021,Team 011,Player 048,Team 015,3,0,Away
19,5,Player 048,Team 015,Player 022,Team 011,1,3,Home
19,5,Player 022,Team 011,Player 048,Team 015,3,1,Away
19,5,Player 048,Team 015,Player 023,Team 011,1,3,Home
19,5,Player 023,Team 011,Player 048,Team 015,3,1,Away
19,5,Player 047,Team 015,Player 082,Team 011,3,1,Home
19,5,Player 082,Team 011,Player 047,Team 015,1,3,Away
19,5,Player 047,Team 015,Player 021,Team 011,3,1,Home
19,5,Player 021,Team 011,Player 047,Team 015,1,3,Away
19,5,Player 047,Team 015,Player 022,Team 011,1,3,Home
19,5,Player 022,Team 011,Player 047,Team 015,3,1,Away
19,5,Player 047,Team 015,Player 023,Team 011,3,0,Home
19,5,Player 023,Team 011,Player 047,Team 015,0,3,Away
19,5,Player 056,Team 015,Player 082,Team 011,2,3,Home
19,5,Player 082,Team 011,Player 056,Team 015,3,2,Away
19,5,Player 056,Team 015,Player 021,Team 011,0,3,Home
19,5,Player 021,Team 011,Player 056,Team 015,3,0,Away
19,5,Player 056,Team 015,Player 022,Team 011,3,0,Home
19,5,Player 022,Team 011,Player 056,Team 015,0,3,Away
19,5,Player 056,Team 015,Player 023,Team 011,1,3,Home
19,5,Player 023,Team 011,Player 056,Team 015,3,1,Away
19,6,Player 077,Team 008,Player 052,Team 013,3,1,Home
19,6,Player 052,Team 013,Player 077,Team 008,1,3,Away
19,6,Player 077,Team 008,Player 051,Team 013,3,1,Home
19,6,Player 051,Team 013,Player 077,Team 008,1,3,Away
19,6,Player 077,Team 008,Player 029,Team 013,2,3,Home
19,6,Player 029,Team 013,Player 077,Team 008,3,2,Away
19,6,Player 077,Team 008,(játék nélkül),Team 013,3,0,Home
19,6,(játék nélkül),Team 013,Player 077,Team 008,0,3,Away
19,6,Player 108,Team 008,Player 051,Team 013,1,3,Home
19,6,Player 051,Team 013,Player 108,Team 008,3,1,Away
19,6,Player 037,Team 008,Player 052,Team 013,1,3,Home
19,6,Player 052,Team 013,Player 037,Team 008,3,1,Away
19,6,Player 037,Team 008,Player 051,Team 013,3,0,Home
19,6,Player 051,Team 013,Player 037,Team 008,0,3,Away
19,6,Player 037,Team 008,Player 029,Team 013,2,3,Home
19,6,Player 029,Team 013,Player 037,Team 008,3,2,Away
19,6,Player 037,Team 008,(játék nélkül),Team 013,3,0,Home
19,6,(játék nélkül),Team 013,Player 037,Team 008,0,3,Away
19,6,Player 036,Team 008,Player 052,Team 013,3,1,Home
19,6,Player 052,Team 013,Player 036,Team 008,1,3,Away
19,6,Player 036,Team 008,Player 051,Team 013,3,0,Home
19,6,Player 051,Team 013,Player 036,Team 008,0,3,Away
19,6,Player 036,Team 008,Player 029,Team 013,0,3,Home
19,6,Player 029,Team 013,Player 036,Team 008,3,0,Away
19,6,Player 036,Team 008,(játék nélkül),Team 013,3,0,Home
19,6,(játék nélkül),Team 013,Player 036,Team 008,0,3,Away
19,6,Player 035,Team 008,Player 052,Team 013,0,3,Home
19,6,Player 052,Team 013,Player 035,Team 008,3,0,Away
19,6,Player 035,Team 008,Player 029,Team 013,0,3,Home
19,6,Player 029,Team 013,Player 035,Team 008,3,0,Away
19,6,Player 035,Team 008,(játék nélkül),Team 013,3,0,Home
19,6,(játék nélkül),Team 013,Player 035,Team 008,0,3,Away
19,7,Player 100,Team 001,Player 061,Team 005,3,2,Home
19,7,Player 061,Team 005,Player 100,Team 001,2,3,Away
19,7,Player 100,Team 001,Player 012,Team 005,3,0,Home
19,7,Player 012,Team 005,Player 100,Team 001,0,3,Away
19,7,Player 100,Team 001,Player 006,Team 005,2,3,Home
19,7,Player 006,Team 005,Player 100,Team 001,3,2,Away
19,7,Player 100,Team 001,Player 091,Team 005,3,0,Home
19,7,Player 091,Team 005,Player 100,Team 001,0,3,Away
19,7,Player 013,Team 001,Player 061,Team 005,3,0,Home
19,7,Player 061,Team 005,Player 013,Team 001,0,3,Away
19,7,Player 013,Team 001,Player 012,Team 005,1,3,Home
19,7,Player 012,Team 005,Player 013,Team 001,3,1,Away
19,7,Player 013,Team 001,Player 006,Team 005,0,3,Home
19,7,Player 006,Team 005,Player 013,Team 001,3,0,Away
19,7,Player 013,Team 001,Player 091,Team 005,3,0,Home
19,7,Player 091,Team 005,Player 013,Team 001,0,3,Away
19,7,Player 076,Team 001,Player 061,Team 005,3,2,Home
19,7,Player 061,Team 005,Player 076,Team 001,2,3,Away
19,7,Player 076,Team 001,Player 012,Team 005,3,2,Home
19,7,Player 012,Team 005,Player 076,Team 001,2,3,Away
19,7,Player 076,Team 001,Player 006,Team 005,0,3,Home
19,7,Player 006,Team 005,Player 076,Team 001,3,0,Away
19,7,Player 076,Team 001,Player 104,Team 005,3,0,Home
19,7,Player 104,Team 005,Player 076,Team 001,0,3,Away
19,7,Player 007,Team 001,Player 061,Team 005,3,0,Home
19,7,Player 061,Team 005,Player 007,Team 001,0,3,Away
19,7,Player 007,Team 001,Player 012,Team 005,3,0,Home
19,7,Player 012,Team 005,Player 007,Team 001,0,3,Away
19,7,Player 007,Team 001,Player 006,Team 005,1,3,Home
19,7,Player 006,Team 005,Player 007,Team 001,3,1,Away
19,7,Player 007,Team 001,Player 104,Team 005,3,0,Home
19,7,Player 104,Team 005,Player 007,Team 001,0,3,Away
19,8,Player 034,Team 007,Player 057,Team 016,3,2,Home
19,8,Player 057,Team 016,Player 034,Team 007,2,3,Away
19,8,Player 034,Team 007,Player 087,Team 016,3,1,Home
19,8,Player 087,Team 016,Player 034,Team 007,1,3,Away
19,8,Player 034,Team 007,Player 085,Team 016,0,3,Home
19,8,Player 085,Team 016,Player 034,Team 007,3,0,Away
19,8,Player 034,Team 007,Player 059,Team 016,3,1,Home
19,8,Player 059,Team 016,Player 034,Team 007,1,3,Away
19,8,Player 049,Team 007,Player 057,Team 016,0,3,Home
19,8,Player 057,Team 016,Player 049,Team 007,3,0,Away
19,8,Player 049,Team 007,Player 087,Team 016,0,3,Home
19,8,Player 087,Team 016,Player 049,Team 007,3,0,Away
19,8,Player 049,Team 007,Player 085,Team 016,2,3,Home
19,8,Player 085,Team 016,Player 049,Team 007,3,2,Away
19,8,Player 049,Team 007,Player 059,Team 016,0,3,Home
19,8,Player 059,Team 016,Player 049,Team 007,3,0,Away
19,8,Player 093,Team 007,Player 057,Team 016,3,2,Home
19,8,Player 057,Team 016,Player 093,Team 007,2,3,Away
19,8,Player 093,Team 007,Player 087,Team 016,2,3,Home
19,8,Player 087,Team 016,Player 093,Team 007,3,2,Away
19,8,Player 093,Team 007,Player 085,Team 016,0,3,Home
19,8,Player 085,Team 016,Player 093,Team 007,3,0,Away
19,8,Player 093,Team 007,Player 086,Team 016,3,0,Home
19,8,Player 086,Team 016,Player 093,Team 007,0,3,Away
19,8,Player 118,Team 007,Player 057,Team 016,3,2,Home
19,8,Player 057,Team 016,Player 118,Team 007,2,3,Away
19,8,Player 118,Team 007,Player 087,Team 016,3,0,Home
19,8,Player 087,Team 016,Player 118,Team 007,0,3,Away
19,8,Player 118,Team 007,Player 085,Team 016,3,0,Home
19,8,Player 085,Team 016,Player 118,Team 007,0,3,Away
19,8,Player 118,Team 007,Player 086,Team 016,3,0,Home
19,8,Player 086,Team 016,Player 118,Team 007,0,3,Away
20,1,Player 041,Team 002,Player 064,Team 010,3,0,Home
20,1,Player 064,Team 010,Player 041,Team 002,0,3,Away
20,1,Player 041,Team 002,Player 020,Team 010,3,2,Home
20,1,Player 020,Team 010,Player 041,Team 002,2,3,Away
20,1,Player 041,Team 002,Player 063,Team 010,3,0,Home
20,1,Player 063,Team 010,Player 041,Team 002,0,3,Away
20,1,Player 041,Team 002,Player 024,Team 010,0,3,Home
20,1,Player 024,Team 010,Player 041,Team 002,3,0,Away
20,1,Player 053,Team 002,Player 064,Team 010,3,2,Home
20,1,Player 064,Team 010,Player 053,Team 002,2,3,Away
20,1,Player 053,Team 002,Player 020,Team 010,0,3,Home
20,1,Player 020,Team 010,Player 053,Team 002,3,0,Away
20,1,Player 053,Team 002,Player 063,Team 010,3,0,Home
20,1,Player 063,Team 010,Player 053,Team 002,0,3,Away
20,1,Player 053,Team 002,Player 024,Team 010,0,3,Home
20,1,Player 024,Team 010,Player 053,Team 002,3,0,Away
20,1,Player 002,Team 002,Player 064,Team 010,3,0,Home
20,1,Player 064,Team 010,Player 002,Team 002,0,3,Away
20,1,Player 002,Team 002,Player 020,Team 010,3,1,Home
20,1,Player 020,Team 010,Player 002,Team 002,1,3,Away
20,1,Player 002,Team 002,Player 063,Team 010,3,0,Home
20,1,Player 063,Team 010,Player 002,Team 002,0,3,Away
20,1,Player 002,Team 002,Player 024,Team 010,3,1,Home
20,1,Player 024,Team 010,Player 002,Team 002,1,3,Away
20,1,Player 078,Team 002,Player 064,Team 010,1,3,Home
20,1,Player 064,Team 010,Player 078,Team 002,3,1,Away
20,1,Player 078,Team 002,Player 020,Team 010,0,3,Home
20,1,Player 020,Team 010,Player 078,Team 002,3,0,Away
20,1,Player 078,Team 002,Player 063,Team 010,0,3,Home
20,1,Player 063,Team 010,Player 078,Team 002,3,0,Away
20,1,Player 078,Team 002,Player 024,Team 010,0,3,Home
20,1,Player 024,Team 010,Player 078,Team 002,3,0,Away
20,2,Player 072,Team 011,Player 034,Team 007,3,2,Home
20,2,Player 034,Team 007,Player 072,Team 011,2,3,Away
20,2,Player 072,Team 011,Player 118,Team 007,3,0,Home
20,2,Player 118,Team 007,Player 072,Team 011,0,3,Away
20,2,Player 072,Team 011,Player 026,Team 007,1,3,Home
20,2,Player 026,Team 007,Player 072,Team 011,3,1,Away
20,2,Player 072,Team 011,Player 116,Team 007,1,3,Home
20,2,Player 116,Team 007,Player 072,Team 011,3,1,Away
20,2,Player 082,Team 011,Player 034,Team 007,1,3,Home
20,2,Player 034,Team 007,Player 082,Team 011,3,1,Away
20,2,Player 082,Team 011,Player 118,Team 007,2,3,Home
20,2,Player 118,Team 007,Player 082,Team 011,3,2,Away
20,2,Player 082,Team 011,Player 026,Team 007,0,3,Home
20,2,Player 026,Team 007,Player 082,Team 011,3,0,Away
20,2,Player 082,Team 011,Player 116,Team 007,0,3,Home
20,2,Player 116,Team 007,Player 082,Team 011,3,0,Away
20,2,Player 023,Team 011,Player 034,Team 007,0,3,Home
20,2,Player 034,Team 007,Player 023,Team 011,3,0,Away
20,2,Player 023,Team 011,Player 118,Team 007,0,3,Home
20,2,Player 118,Team 007,Player 023,Team 011,3,0,Away
20,2,Player 023,Team 011,Player 026,Team 007,0,3,Home
20,2,Player 026,Team 007,Player 023,Team 011,3,0,Away
20,2,Player 023,Team 011,Player 116,Team 007,1,3,Home
20,2,Player 116,Team 007,Player 023,Team 011,3,1,Away
20,2,Player 033,Team 011,Player 034,Team 007,1,3,Home
20,2,Player 034,Team 007,Player 033,Team 011,3,1,Away
20,2,Player 033,Team 011,Player 118,Team 007,3,1,Home
20,2,Player 118,Team 007,Player 033,Team 011,1,3,Away
20,2,Player 033,Team 011,Player 026,Team 007,0,3,Home
20,2,Player 026,Team 007,Player 033,Team 011,3,0,Away
20,2,Player 033,Team 011,Player 116,Team 007,0,3,Home
20,2,Player 116,Team 007,Player 033,Team 011,3,0,Away
20,3,Player 017,Team 004,Player 005,Team 003,3,0,Home
20,3,Player 005,Team 003,Player 017,Team 004,0,3,Away
20,3,Player 017,Team 004,Player 067,Team 003,3,1,Home
20,3,Player 067,Team 003,Player 017,Team 004,1,3,Away
20,3,Player 017,Team 004,Player 008,Team 003,3,0,Home
20,3,Player 008,Team 003,Player 017,Team 004,0,3,Away
20,3,Player 017,Team 004,Player 125,Team 003,3,2,Home
20,3,Player 125,Team 003,Player 017,Team 004,2,3,Away
20,3,Player 018,Team 004,Player 005,Team 003,3,2,Home
20,3,Player 005,Team 003,Player 018,Team 004,2,3,Away
20,3,Player 018,Team 004,Player 067,Team 003,0,3,Home
20,3,Player 067,Team 003,Player 018,Team 004,3,0,Away
20,3,Player 018,Team 004,Player 008,Team 003,2,3,Home
20,3,Player 008,Team 003,Player 018,Team 004,3,2,Away
20,3,Player 018,Team 004,Player 125,Team 003,2,3,Home
20,3,Player 125,Team 003,Player 018,Team 004,3,2,Away
20,3,Player 009,Team 004,Player 005,Team 003,3,1,Home
20,3,Player 005,Team 003,Player 009,Team 004,1,3,Away
20,3,Player 009,Team 004,Player 067,Team 003,0,3,Home
20,3,Player 067,Team 003,Player 009,Team 004,3,0,Away
20,3,Player 009,Team 004,Player 008,Team 003,2,3,Home
20,3,Player 008,Team 003,Player 009,Team 004,3,2,Away
20,3,Player 009,Team 004,Player 125,Team 003,1,3,Home
20,3,Player 125,Team 003,Player 009,Team 004,3,1,Away
20,3,Player 004,Team 004,Player 005,Team 003,3,0,Home
20,3,Player 005,Team 003,Player 004,Team 004,0,3,Away
20,3,Player 004,Team 004,Player 067,Team 003,3,2,Home
20,3,Player 067,Team 003,Player 004,Team 004,2,3,Away
20,3,Player 004,Team 004,Player 008,Team 003,3,0,Home
20,3,Player 008,Team 003,Player 004,Team 004,0,3,Away
20,3,Player 004,Team 004,Player 125,Team 003,3,0,Home
20,3,Player 125,Team 003,Player 004,Team 004,0,3,Away
20,4,Player 010,Team 006,Player 046,Team 015,3,2,Home
20,4,Player 046,Team 015,Player 010,Team 006,2,3,Away
20,4,Player 010,Team 006,Player 056,Team 015,3,2,Home
20,4,Player 056,Team 015,Player 010,Team 006,2,3,Away
20,4,Player 010,Team 006,Player 047,Team 015,3,0,Home
20,4,Player 047,Team 015,Player 010,Team 006,0,3,Away
20,4,Player 010,Team 006,Player 048,Team 015,3,0,Home
20,4,Player 048,Team 015,Player 010,Team 006,0,3,Away
20,4,Player 032,Team 006,Player 046,Team 015,3,2,Home
20,4,Player 046,Team 015,Player 032,Team 006,2,3,Away
20,4,Player 032,Team 006,Player 056,Team 015,3,2,Home
20,4,Player 056,Team 015,Player 032,Team 006,2,3,Away
20,4,Player 032,Team 006,Player 047,Team 015,0,3,Home
20,4,Player 047,Team 015,Player 032,Team 006,3,0,Away
20,4,Player 032,Team 006,Player 048,Team 015,3,0,Home
20,4,Player 048,Team 015,Player 032,Team 006,0,3,Away
20,4,Player 073,Team 006,Player 046,Team 015,2,3,Home
20,4,Player 046,Team 015,Player 073,Team 006,3,2,Away
20,4,Player 073,Team 006,Player 056,Team 015,3,1,Home
20,4,Player 056,Team 015,Player 073,Team 006,1,3,Away
20,4,Player 073,Team 006,Player 047,Team 015,2,3,Home
20,4,Player 047,Team 015,Player 073,Team 006,3,2,Away
20,4,Player 073,Team 006,Player 048,Team 015,3,0,Home
20,4,Player 048,Team 015,Player 073,Team 006,0,3,Away
20,4,Player 102,Team 006,Player 046,Team 015,1,3,Home
20,4,Player 046,Team 015,Player 102,Team 006,3,1,Away
20,4,Player 102,Team 006,Player 056,Team 015,1,3,Home
20,4,Player 056,Team 015,Player 102,Team 006,3,1,Away
20,4,Player 102,Team 006,Player 047,Team 015,3,2,Home
20,4,Player 047,Team 015,Player 102,Team 006,2,3,Away
20,4,Player 102,Team 006,Player 048,Team 015,1,3,Home
20,4,Player 048,Team 015,Player 102,Team 006,3,1,Away
20,5,Player 029,Team 009,Player 035,Team 008,3,0,Home
20,5,Player 035,Team 008,Player 029,Team 009,0,3,Away
20,5,Player 029,Team 009,Player 077,Team 008,1,3,Home
20,5,Player 077,Team 008,Player 029,Team 009,3,1,Away
20,5,Player 029,Team 009,Player 060,Team 008,0,3,Home
20,5,Player 060,Team 008,Player 029,Team 009,3,0,Away
20,5,Player 029,Team 009,Player 092,Team 008,2,3,Home
20,5,Player 092,Team 008,Player 029,Team 009,3,2,Away
20,5,Player 080,Team 009,Player 035,Team 008,0,3,Home
20,5,Player 035,Team 008,Player 080,Team 009,3,0,Away
20,5,Player 080,Team 009,Player 077,Team 008,2,3,Home
20,5,Player 077,Team 008,Player 080,Team 009,3,2,Away
20,5,Player 080,Team 009,Player 060,Team 008,1,3,Home
20,5,Player 060,Team 008,Player 080,Team 009,3,1,Away
20,5,Player 080,Team 009,Player 092,Team 008,1,3,Home
20,5,Player 092,Team 008,Player 080,Team 009,3,1,Away
20,5,Player 068,Team 009,Player 035,Team 008,3,0,Home
20,5,Player 035,Team 008,Player 068,Team 009,0,3,Away
20,5,Player 068,Team 009,Player 077,Team 008,3,0,Home
20,5,Player 077,Team 008,Player 068,Team 009,0,3,Away
20,5,Player 068,Team 009,Player 060,Team 008,3,2,Home
20,5,Player 060,Team 008,Player 068,Team 009,2,3,Away
20,5,Player 068,Team 009,Player 092,Team 008,3,0,Home
20,5,Player 092,Team 008,Player 068,Team 009,0,3,Away
20,5,Player 081,Team 009,Player 035,Team 008,3,2,Home
20,5,Player 035,Team 008,Player 081,Team 009,2,3,Away
20,5,Player 081,Team 009,Player 077,Team 008,0,3,Home
20,5,Player 077,Team 008,Player 081,Team 009,3,0,Away
20,5,Player 081,Team 009,Player 060,Team 008,0,3,Home
20,5,Player 060,Team 008,Player 081,Team 009,3,0,Away
20,5,Player 081,Team 009,Player 092,Team 008,1,3,Home
20,5,Player 092,Team 008,Player 081,Team 009,3,1,Away
20,6,Player 008,Team 003,Player 043,Team 014,3,1,Home
20,6,Player 043,Team 014,Player 008,Team 003,1,3,Away
20,6,Player 008,Team 003,Player 084,Team 014,3,1,Home
20,6,Player 084,Team 014,Player 008,Team 003,1,3,Away
20,6,Player 008,Team 003,Player 042,Team 014,3,1,Home
20,6,Player 042,Team 014,Player 008,Team 003,1,3,Away
20,6,Player 008,Team 003,Player 044,Team 014,3,2,Home
20,6,Player 044,Team 014,Player 008,Team 003,2,3,Away
20,6,Player 067,Team 003,Player 043,Team 014,3,2,Home
20,6,Player 043,Team 014,Player 067,Team 003,2,3,Away
20,6,Player 067,Team 003,Player 084,Team 014,3,0,Home
20,6,Player 084,Team 014,Player 067,Team 003,0,3,Away
20,6,Player 067,Team 003,Player 042,Team 014,3,0,Home
20,6,Player 042,Team 014,Player 067,Team 003,0,3,Away
20,6,Player 067,Team 003,Player 044,Team 014,3,1,Home
20,6,Player 044,Team 014,Player 067,Team 003,1,3,Away
20,6,Player 005,Team 003,Player 043,Team 014,0,3,Home
20,6,Player 043,Team 014,Player 005,Team 003,3,0,Away
20,6,Player 005,Team 003,Player 084,Team 014,2,3,Home
20,6,Player 084,Team 014,Player 005,Team 003,3,2,Away
20,6,Player 005,Team 003,Player 042,Team 014,1,3,Home
20,6,Player 042,Team 014,Player 005,Team 003,3,1,Away
20,6,Player 005,Team 003,Player 044,Team 014,2,3,Home
20,6,Player 044,Team 014,Player 005,Team 003,3,2,Away
20,6,Player 125,Team 003,Player 043,Team 014,3,0,Home
20,6,Player 043,Team 014,Player 125,Team 003,0,3,Away
20,6,Player 125,Team 003,Player 084,Team 014,1,3,Home
20,6,Player 084,Team 014,Player 125,Team 003,3,1,Away
20,6,Player 125,Team 003,Player 042,Team 014,3,2,Home
20,6,Player 042,Team 014,Player 125,Team 003,2,3,Away
20,6,Player 125,Team 003,Player 044,Team 014,3,0,Home
20,6,Player 044,Team 014,Player 125,Team 003,0,3,Away
20,7,Player 040,Team 005,Player 039,Team 012,1,3,Home
20,7,Player 039,Team 012,Player 040,Team 005,3,1,Away
20,7,Player 040,Team 005,Player 025,Team 012,0,3,Home
20,7,Player 025,Team 012,Player 040,Team 005,3,0,Away
20,7,Player 040,Team 005,Player 083,Team 012,2,3,Home
20,7,Player 083,Team 012,Player 040,Team 005,3,2,Away
20,7,Player 040,Team 005,Player 028,Team 012,0,3,Home
20,7,Player 028,Team 012,Player 040,Team 005,3,0,Away
20,7,Player 012,Team 005,Player 039,Team 012,3,1,Home
20,7,Player 039,Team 012,Player 012,Team 005,1,3,Away
20,7,Player 012,Team 005,Player 025,Team 012,3,1,Home
20,7,Player 025,Team 012,Player 012,Team 005,1,3,Away
20,7,Player 012,Team 005,Player 083,Team 012,3,1,Home
20,7,Player 083,Team 012,Player 012,Team 005,1,3,Away
20,7,Player 012,Team 005,Player 028,Team 012,2,3,Home
20,7,Player 028,Team 012,Player 012,Team 005,3,2,Away
20,7,(játék nélkül),Team 005,Player 039,Team 012,0,3,Home
20,7,Player 039,Team 012,(játék nélkül),Team 005,3,0,Away
20,7,(játék nélkül),Team 005,Player 025,Team 012,0,3,Home
20,7,Player 025,Team 012,(játék nélkül),Team 005,3,0,Away
20,7,(játék nélkül),Team 005,Player 083,Team 012,0,3,Home
20,7,Player 083,Team 012,(játék nélkül),Team 005,3,0,Away
20,7,(játék nélkül),Team 005,Player 028,Team 012,0,3,Home
20,7,Player 028,Team 012,(játék nélkül),Team 005,3,0,Away
20,7,Player 006,Team 005,Player 039,Team 012,3,0,Home
20,7,Player 039,Team 012,Player 006,Team 005,0,3,Away
20,7,Player 006,Team 005,Player 025,Team 012,3,0,Home
20,7,Player 025,Team 012,Player 006,Team 005,0,3,Away
20,7,Player 006,Team 005,Player 083,Team 012,3,1,Home
20,7,Player 083,Team 012,Player 006,Team 005,1,3,Away
20,7,Player 006,Team 005,Player 028,Team 012,3,1,Home
20,7,Player 028,Team 012,Player 006,Team 005,1,3,Away
20,8,Player 105,Team 016,Player 017,Team 004,0,3,Home
20,8,Player 017,Team 004,Player 105,Team 016,3,0,Away
20,8,Player 105,Team 016,Player 075,Team 004,1,3,Home
20,8,Player 075,Team 004,Player 105,Team 016,3,1,Away
20,8,Player 105,Team 016,Player 018,Team 004,1,3,Home
20,8,Player 018,Team 004,Player 105,Team 016,3,1,Away
20,8,Player 105,Team 016,Player 004,Team 004,1,3,Home
20,8,Player 004,Team 004,Player 105,Team 016,3,1,Away
20,8,Player 087,Team 016,Player 017,Team 004,0,3,Home
20,8,Player 017,Team 004,Player 087,Team 016,3,0,Away
20,8,Player 087,Team 016,Player 075,Team 004,2,3,Home
20,8,Player 075,Team 004,Player 087,Team 016,3,2,Away
20,8,Player 087,Team 016,Player 018,Team 004,2,3,Home
20,8,Player 018,Team 004,Player 087,Team 016,3,2,Away
20,8,Player 087,Team 016,Player 004,Team 004,0,3,Home
20,8,Player 004,Team 004,Player 087,Team 016,3,0,Away
20,8,Player 059,Team 016,Player 017,Team 004,1,3,Home
20,8,Player 017,Team 004,Player 059,Team 016,3,1,Away
20,8,Player 059,Team 016,Player 075,Team 004,3,0,Home
20,8,Player 075,Team 004,Player 059,Team 016,0,3,Away
20,8,Player 059,Team 016,Player 018,Team 004,1,3,Home
20,8,Player 018,Team 004,Player 059,Team 016,3,1,Away
20,8,Player 059,Team 016,Player 004,Team 004,0,3,Home
20,8,Player 004,Team 004,Player 059,Team 016,3,0,Away
20,8,Player 085,Team 016,Player 017,Team 004,0,3,Home
20,8,Player 017,Team 004,Player 085,Team 016,3,0,Away
20,8,Player 085,Team 016,Player 075,Team 004,2,3,Home
20,8,Player 075,Team 004,Player 085,Team 016,3,2,Away
20,8,Player 085,Team 016,Player 018,Team 004,0,3,Home
20,8,Player 018,Team 004,Player 085,Team 016,3,0,Away
20,8,Player 085,Team 016,Player 004,Team 004,0,3,Home
20,8,Player 004,Team 004,Player 085,Team 016,3,0,Away
20,9,Player 052,Team 013,Player 100,Team 001,0,3,Home
20,9,Player 100,Team 001,Player 052,Team 013,3,0,Away
20,9,Player 052,Team 013,Player 007,Team 001,0,3,Home
20,9,Player 007,Team 001,Player 052,Team 013,3,0,Away
20,9,Player 052,Team 013,Player 001,Team 001,1,3,Home
20,9,Player 001,Team 001,Player 052,Team 013,3,1,Away
20,9,Player 052,Team 013,Player 076,Team 001,0,3,Home
20,9,Player 076,Team 001,Player 052,Team 013,3,0,Away
20,9,Player 051,Team 013,Player 100,Team 001,0,3,Home
20,9,Player 100,Team 001,Player 051,Team 013,3,0,Away
20,9,Player 051,Team 013,Player 007,Team 001,0,3,Home
20,9,Player 007,Team 001,Player 051,Team 013,3,0,Away
20,9,Player 051,Team 013,Player 001,Team 001,0,3,Home
20,9,Player 001,Team 001,Player 051,Team 013,3,0,Away
20,9,Player 051,Team 013,Player 076,Team 001,0,3,Home
20,9,Player 076,Team 001,Player 051,Team 013,3,0,Away
20,9,Player 029,Team 013,Player 100,Team 001,0,3,Home
20,9,Player 100,Team 001,Player 029,Team 013,3,0,Away
20,9,Player 029,Team 013,Player 007,Team 001,2,3,Home
20,9,Player 007,Team 001,Player 029,Team 013,3,2,Away
20,9,Player 029,Team 013,Player 001,Team 001,0,3,Home
20,9,Player 001,Team 001,Player 029,Team 013,3,0,Away
20,9,Player 029,Team 013,Player 076,Team 001,0,3,Home
20,9,Player 076,Team 001,Player 029,Team 013,3,0,Away
20,9,Player 113,Team 013,Player 100,Team 001,0,3,Home
20,9,Player 100,Team 001,Player 113,Team 013,3,0,Away
20,9,Player 113,Team 013,Player 007,Team 001,0,3,Home
20,9,Player 007,Team 001,Player 113,Team 013,3,0,Away
20,9,Player 113,Team 013,Player 001,Team 001,0,3,Home
20,9,Player 001,Team 001,Player 113,Team 013,3,0,Away
20,9,Player 113,Team 013,Player 076,Team 001,0,3,Home
20,9,Player 076,Team 001,Player 113,Team 013,3,0,Away
21,1,Player 020,Team 010,Player 008,Team 003,0,3,Home
21,1,Player 008,Team 003,Player 020,Team 010,3,0,Away
21,1,Player 020,Team 010,Player 067,Team 003,0,3,Home
21,1,Player 067,Team 003,Player 020,Team 010,3,0,Away
21,1,Player 020,Team 010,Player 005,Team 003,2,3,Home
21,1,Player 005,Team 003,Player 020,Team 010,3,2,Away
21,1,Player 020,Team 010,Player 003,Team 003,1,3,Home
21,1,Player 003,Team 003,Player 020,Team 010,3,1,Away
21,1,Player 064,Team 010,Player 008,Team 003,0,3,Home
21,1,Player 008,Team 003,Player 064,Team 010,3,0,Away
21,1,Player 064,Team 010,Player 067,Team 003,0,3,Home
21,1,Player 067,Team 003,Player 064,Team 010,3,0,Away
21,1,Player 064,Team 010,Player 005,Team 003,0,3,Home
21,1,Player 005,Team 003,Player 064,Team 010,3,0,Away
21,1,Player 064,Team 010,Player 003,Team 003,0,3,Home
21,1,Player 003,Team 003,Player 064,Team 010,3,0,Away
21,1,Player 103,Team 010,Player 008,Team 003,1,3,Home
21,1,Player 008,Team 003,Player 103,Team 010,3,1,Away
21,1,Player 103,Team 010,Player 067,Team 003,0,3,Home
21,1,Player 067,Team 003,Player 103,Team 010,3,0,Away
21,1,Player 103,Team 010,Player 005,Team 003,1,3,Home
21,1,Player 005,Team 003,Player 103,Team 010,3,1,Away
21,1,Player 103,Team 010,Player 003,Team 003,0,3,Home
21,1,Player 003,Team 003,Player 103,Team 010,3,0,Away
21,1,Player 024,Team 010,Player 008,Team 003,0,3,Home
21,1,Player 008,Team 003,Player 024,Team 010,3,0,Away
21,1,Player 024,Team 010,Player 067,Team 003,1,3,Home
21,1,Player 067,Team 003,Player 024,Team 010,3,1,Away
21,1,Player 024,Team 010,Player 005,Team 003,3,2,Home
21,1,Player 005,Team 003,Player 024,Team 010,2,3,Away
21,1,Player 024,Team 010,Player 003,Team 003,2,3,Home
21,1,Player 003,Team 003,Player 024,Team 010,3,2,Away
21,2,Player 035,Team 008,Player 053,Team 002,3,2,Home
21,2,Player 053,Team 002,Player 035,Team 008,2,3,Away
21,2,Player 035,Team 008,Player 054,Team 002,3,0,Home
21,2,Player 054,Team 002,Player 035,Team 008,0,3,Away
21,2,Player 035,Team 008,Player 041,Team 002,3,1,Home
21,2,Player 041,Team 002,Player 035,Team 008,1,3,Away
21,2,Player 035,Team 008,Player 002,Team 002,0,3,Home
21,2,Player 002,Team 002,Player 035,Team 008,3,0,Away
21,2,Player 108,Team 008,Player 054,Team 002,3,2,Home
21,2,Player 054,Team 002,Player 108,Team 008,2,3,Away
21,2,Player 016,Team 008,Player 053,Team 002,3,0,Home
21,2,Player 053,Team 002,Player 016,Team 008,0,3,Away
21,2,Player 016,Team 008,Player 054,Team 002,3,0,Home
21,2,Player 054,Team 002,Player 016,Team 008,0,3,Away
21,2,Player 016,Team 008,Player 041,Team 002,1,3,Home
21,2,Player 041,Team 002,Player 016,Team 008,3,1,Away
21,2,Player 016,Team 008,Player 002,Team 002,1,3,Home
21,2,Player 002,Team 002,Player 016,Team 008,3,1,Away
21,2,Player 077,Team 008,Player 053,Team 002,3,0,Home
21,2,Player 053,Team 002,Player 077,Team 008,0,3,Away
21,2,Player 077,Team 008,Player 054,Team 002,3,0,Home
21,2,Player 054,Team 002,Player 077,Team 008,0,3,Away
21,2,Player 077,Team 008,Player 041,Team 002,3,0,Home
21,2,Player 041,Team 002,Player 077,Team 008,0,3,Away
21,2,Player 077,Team 008,Player 002,Team 002,3,1,Home
21,2,Player 002,Team 002,Player 077,Team 008,1,3,Away
21,2,Player 092,Team 008,Player 053,Team 002,2,3,Home
21,2,Player 053,Team 002,Player 092,Team 008,3,2,Away
21,2,Player 092,Team 008,Player 041,Team 002,0,3,Home
21,2,Player 041,Team 002,Player 092,Team 008,3,0,Away
21,2,Player 092,Team 008,Player 002,Team 002,0,3,Home
21,2,Player 002,Team 002,Player 092,Team 008,3,0,Away
21,3,Player 004,Team 004,Player 082,Team 011,3,0,Home
21,3,Player 082,Team 011,Player 004,Team 004,0,3,Away
21,3,Player 004,Team 004,Player 072,Team 011,3,0,Home
21,3,Player 072,Team 011,Player 004,Team 004,0,3,Away
21,3,Player 004,Team 004,Player 023,Team 011,3,0,Home
21,3,Player 023,Team 011,Player 004,Team 004,0,3,Away
21,3,Player 004,Team 004,Player 022,Team 011,1,3,Home
21,3,Player 022,Team 011,Player 004,Team 004,3,1,Away
21,3,Player 017,Team 004,Player 082,Team 011,3,1,Home
21,3,Player 082,Team 011,Player 017,Team 004,1,3,Away
21,3,Player 017,Team 004,Player 072,Team 011,3,2,Home
21,3,Player 072,Team 011,Player 017,Team 004,2,3,Away
21,3,Player 017,Team 004,Player 023,Team 011,3,0,Home
21,3,Player 023,Team 011,Player 017,Team 004,0,3,Away
21,3,Player 017,Team 004,Player 022,Team 011,3,0,Home
21,3,Player 022,Team 011,Player 017,Team 004,0,3,Away
21,3,Player 009,Team 004,Player 082,Team 011,1,3,Home
21,3,Player 082,Team 011,Player 009,Team 004,3,1,Away
21,3,Player 009,Team 004,Player 072,Team 011,0,3,Home
21,3,Player 072,Team 011,Player 009,Team 004,3,0,Away
21,3,Player 009,Team 004,Player 023,Team 011,3,0,Home
21,3,Player 023,Team 011,Player 009,Team 004,0,3,Away
21,3,Player 009,Team 004,Player 022,Team 011,3,0,Home
21,3,Player 022,Team 011,Player 009,Team 004,0,3,Away
21,3,Player 018,Team 004,Player 022,Team 011,0,3,Home
21,3,Player 022,Team 011,Player 018,Team 004,3,0,Away
21,3,Player 075,Team 004,Player 082,Team 011,2,3,Home
21,3,Player 082,Team 011,Player 075,Team 004,3,2,Away
21,3,Player 075,Team 004,Player 072,Team 011,2,3,Home
21,3,Player 072,Team 011,Player 075,Team 004,3,2,Away
21,3,Player 075,Team 004,Player 023,Team 011,3,1,Home
21,3,Player 023,Team 011,Player 075,Team 004,1,3,Away
21,4,Player 025,Team 012,Player 052,Team 013,3,2,Home
21,4,Player 052,Team 013,Player 025,Team 012,2,3,Away
21,4,Player 025,Team 012,Player 051,Team 013,3,0,Home
21,4,Player 051,Team 013,Player 025,Team 012,0,3,Away
21,4,Player 025,Team 012,Player 029,Team 013,3,2,Home
21,4,Player 029,Team 013,Player 025,Team 012,2,3,Away
21,4,Player 025,Team 012,(játék nélkül),Team 013,3,0,Home
21,4,(játék nélkül),Team 013,Player 025,Team 012,0,3,Away
21,4,Player 039,Team 012,Player 052,Team 013,3,1,Home
21,4,Player 052,Team 013,Player 039,Team 012,1,3,Away
21,4,Player 039,Team 012,Player 051,Team 013,3,0,Home
21,4,Player 051,Team 013,Player 039,Team 012,0,3,Away
21,4,Player 039,Team 012,Player 029,Team 013,3,1,Home
21,4,Player 029,Team 013,Player 039,Team 012,1,3,Away
21,4,Player 039,Team 012,(játék nélkül),Team 013,3,0,Home
21,4,(játék nélkül),Team 013,Player 039,Team 012,0,3,Away
21,4,Player 109,Team 012,Player 052,Team 013,3,2,Home
21,4,Player 052,Team 013,Player 109,Team 012,2,3,Away
21,4,Player 109,Team 012,Player 051,Team 013,3,0,Home
21,4,Player 051,Team 013,Player 109,Team 012,0,3,Away
21,4,Player 109,Team 012,Player 029,Team 013,1,3,Home
21,4,Player 029,Team 013,Player 109,Team 012,3,1,Away
21,4,Player 109,Team 012,(játék nélkül),Team 013,3,0,Home
21,4,(játék nélkül),Team 013,Player 109,Team 012,0,3,Away
21,4,Player 117,Team 012,Player 052,Team 013,2,3,Home
21,4,Player 052,Team 013,Player 117,Team 012,3,2,Away
21,4,Player 117,Team 012,Player 051,Team 013,3,0,Home
21,4,Player 051,Team 013,Player 117,Team 012,0,3,Away
21,4,Player 117,Team 012,Player 029,Team 013,0,3,Home
21,4,Player 029,Team 013,Player 117,Team 012,3,0,Away
21,4,Player 117,Team 012,(játék nélkül),Team 013,3,0,Home
21,4,(játék nélkül),Team 013,Player 117,Team 012,0,3,Away
21,5,Player 001,Team 001,Player 029,Team 009,3,1,Home
21,5,Player 029,Team 009,Player 001,Team 001,1,3,Away
21,5,Player 001,Team 001,Player 058,Team 009,3,0,Home
21,5,Player 058,Team 009,Player 001,Team 001,0,3,Away
21,5,Player 001,Team 001,Player 068,Team 009,3,0,Home
21,5,Player 068,Team 009,Player 001,Team 001,0,3,Away
21,5,Player 001,Team 001,Player 079,Team 009,3,0,Home
21,5,Player 079,Team 009,Player 001,Team 001,0,3,Away
21,5,Player 101,Team 001,Player 029,Team 009,3,0,Home
21,5,Player 029,Team 009,Player 101,Team 001,0,3,Away
21,5,Player 101,Team 001,Player 058,Team 009,3,1,Home
21,5,Player 058,Team 009,Player 101,Team 001,1,3,Away
21,5,Player 101,Team 001,Player 068,Team 009,0,3,Home
21,5,Player 068,Team 009,Player 101,Team 001,3,0,Away
21,5,Player 101,Team 001,Player 079,Team 009,3,0,Home
21,5,Player 079,Team 009,Player 101,Team 001,0,3,Away
21,5,Player 076,Team 001,Player 029,Team 009,3,0,Home
21,5,Player 029,Team 009,Player 076,Team 001,0,3,Away
21,5,Player 076,Team 001,Player 058,Team 009,3,0,Home
21,5,Player 058,Team 009,Player 076,Team 001,0,3,Away
21,5,Player 076,Team 001,Player 068,Team 009,3,1,Home
21,5,Player 068,Team 009,Player 076,Team 001,1,3,Away
21,5,Player 076,Team 001,Player 079,Team 009,3,0,Home
21,5,Player 079,Team 009,Player 076,Team 001,0,3,Away
21,5,Player 007,Team 001,Player 029,Team 009,3,0,Home
21,5,Player 029,Team 009,Player 007,Team 001,0,3,Away
21,5,Player 007,Team 001,Player 058,Team 009,3,0,Home
21,5,Player 058,Team 009,Player 007,Team 001,0,3,Away
21,5,Player 007,Team 001,Player 068,Team 009,3,0,Home
21,5,Player 068,Team 009,Player 007,Team 001,0,3,Away
21,5,Player 007,Team 001,Player 079,Team 009,3,0,Home
21,5,Player 079,Team 009,Player 007,Team 001,0,3,Away
21,6,Player 046,Team 015,Player 014,Team 007,1,3,Home
21,6,Player 014,Team 007,Player 046,Team 015,3,1,Away
21,6,Player 046,Team 015,Player 034,Team 007,2,3,Home
21,6,Player 034,Team 007,Player 046,Team 015,3,2,Away
21,6,Player 046,Team 015,Player 026,Team 007,0,3,Home
21,6,Player 026,Team 007,Player 046,Team 015,3,0,Away
21,6,Player 046,Team 015,Player 116,Team 007,0,3,Home
21,6,Player 116,Team 007,Player 046,Team 015,3,0,Away
21,6,Player 056,Team 015,Player 014,Team 007,2,3,Home
21,6,Player 014,Team 007,Player 056,Team 015,3,2,Away
21,6,Player 056,Team 015,Player 034,Team 007,3,2,Home
21,6,Player 034,Team 007,Player 056,Team 015,2,3,Away
21,6,Player 056,Team 015,Player 026,Team 007,0,3,Home
21,6,Player 026,Team 007,Player 056,Team 015,3,0,Away
21,6,Player 056,Team 015,Player 116,Team 007,0,3,Home
21,6,Player 116,Team 007,Player 056,Team 015,3,0,Away
21,6,Player 047,Team 015,Player 014,Team 007,0,3,Home
21,6,Player 014,Team 007,Player 047,Team 015,3,0,Away
21,6,Player 047,Team 015,Player 034,Team 007,3,0,Home
21,6,Player 034,Team 007,Player 047,Team 015,0,3,Away
21,6,Player 047,Team 015,Player 026,Team 007,0,3,Home
21,6,Player 026,Team 007,Player 047,Team 015,3,0,Away
21,6,Player 047,Team 015,Player 116,Team 007,0,3,Home
21,6,Player 116,Team 007,Player 047,Team 015,3,0,Away
21,6,Player 048,Team 015,Player 014,Team 007,2,3,Home
21,6,Player 014,Team 007,Player 048,Team 015,3,2,Away
21,6,Player 048,Team 015,Player 034,Team 007,0,3,Home
21,6,Player 034,Team 007,Player 048,Team 015,3,0,Away
21,6,Player 048,Team 015,Player 026,Team 007,0,3,Home
21,6,Player 026,Team 007,Player 048,Team 015,3,0,Away
21,6,Player 048,Team 015,Player 116,Team 007,0,3,Home
21,6,Player 116,Team 007,Player 048,Team 015,3,0,Away
21,7,Player 010,Team 006,Player 038,Team 005,3,0,Home
21,7,Player 038,Team 005,Player 010,Team 006,0,3,Away
21,7,Player 010,Team 006,Player 061,Team 005,3,0,Home
21,7,Player 061,Team 005,Player 010,Team 006,0,3,Away
21,7,Player 010,Team 006,Player 012,Team 005,3,2,Home
21,7,Player 012,Team 005,Player 010,Team 006,2,3,Away
21,7,Player 010,Team 006,Player 040,Team 005,3,0,Home
21,7,Player 040,Team 005,Player 010,Team 006,0,3,Away
21,7,Player 073,Team 006,Player 038,Team 005,3,1,Home
21,7,Player 038,Team 005,Player 073,Team 006,1,3,Away
21,7,Player 073,Team 006,Player 061,Team 005,0,3,Home
21,7,Player 061,Team 005,Player 073,Team 006,3,0,Away
21,7,Player 073,Team 006,Player 012,Team 005,2,3,Home
21,7,Player 012,Team 005,Player 073,Team 006,3,2,Away
21,7,Player 073,Team 006,Player 040,Team 005,2,3,Home
21,7,Player 040,Team 005,Player 073,Team 006,3,2,Away
21,7,Player 032,Team 006,Player 038,Team 005,3,0,Home
21,7,Player 038,Team 005,Player 032,Team 006,0,3,Away
21,7,Player 032,Team 006,Player 061,Team 005,3,1,Home
21,7,Player 061,Team 005,Player 032,Team 006,1,3,Away
21,7,Player 032,Team 006,Player 012,Team 005,0,3,Home
21,7,Player 012,Team 005,Player 032,Team 006,3,0,Away
21,7,Player 032,Team 006,Player 040,Team 005,1,3,Home
21,7,Player 040,Team 005,Player 032,Team 006,3,1,Away
21,7,Player 102,Team 006,Player 038,Team 005,3,2,Home
21,7,Player 038,Team 005,Player 102,Team 006,2,3,Away
21,7,Player 102,Team 006,Player 061,Team 005,3,0,Home
21,7,Player 061,Team 005,Player 102,Team 006,0,3,Away
21,7,Player 102,Team 006,Player 012,Team 005,1,3,Home
21,7,Player 012,Team 005,Player 102,Team 006,3,1,Away
21,7,Player 102,Team 006,Player 040,Team 005,3,2,Home
21,7,Player 040,Team 005,Player 102,Team 006,2,3,Away
21,8,Player 043,Team 014,(játék nélkül),Team 013,3,0,Home
21,8,(játék nélkül),Team 013,Player 043,Team 014,0,3,Away
21,8,Player 043,Team 014,(játék nélkül),Team 013,3,0,Home
21,8,(játék nélkül),Team 013,Player 043,Team 014,0,3,Away
21,8,Player 043,Team 014,(játék nélkül),Team 013,3,0,Home
21,8,(játék nélkül),Team 013,Player 043,Team 014,0,3,Away
21,8,Player 043,Team 014,(játék nélkül),Team 013,3,0,Home
21,8,(játék nélkül),Team 013,Player 043,Team 014,0,3,Away
21,8,Player 095,Team 014,(játék nélkül),Team 013,3,0,Home
21,8,(játék nélkül),Team 013,Player 095,Team 014,0,3,Away
21,8,Player 095,Team 014,(játék nélkül),Team 013,3,0,Home
21,8,(játék nélkül),Team 013,Player 095,Team 014,0,3,Away
21,8,Player 095,Team 014,(játék nélkül),Team 013,3,0,Home
21,8,(játék nélkül),Team 013,Player 095,Team 014,0,3,Away
21,8,Player 095,Team 014,(játék nélkül),Team 013,3,0,Home
21,8,(játék nélkül),Team 013,Player 095,Team 014,0,3,Away
21,8,Player 042,Team 014,(játék nélkül),Team 013,3,0,Home
21,8,(játék nélkül),Team 013,Player 042,Team 014,0,3,Away
21,8,Player 042,Team 014,(játék nélkül),Team 013,3,0,Home
21,8,(játék nélkül),Team 013,Player 042,Team 014,0,3,Away
21,8,Player 042,Team 014,(játék nélkül),Team 013,3,0,Home
21,8,(játék nélkül),Team 013,Player 042,Team 014,0,3,Away
21,8,Player 042,Team 014,(játék nélkül),Team 013,3,0,Home
21,8,(játék nélkül),Team 013,Player 042,Team 014,0,3,Away
21,8,Player 070,Team 014,(játék nélkül),Team 013,3,0,Home
21,8,(játék nélkül),Team 013,Player 070,Team 014,0,3,Away
21,8,Player 070,Team 014,(játék nélkül),Team 013,3,0,Home
21,8,(játék nélkül),Team 013,Player 070,Team 014,0,3,Away
21,8,Player 070,Team 014,(játék nélkül),Team 013,3,0,Home
21,8,(játék nélkül),Team 013,Player 070,Team 014,0,3,Away
21,8,Player 070,Team 014,(játék nélkül),Team 013,3,0,Home
21,8,(játék nélkül),Team 013,Player 070,Team 014,0,3,Away
21,9,Player 031,Team 014,Player 087,Team 016,3,0,Home
21,9,Player 087,Team 016,Player 031,Team 014,0,3,Away
21,9,Player 031,Team 014,Player 085,Team 016,3,1,Home
21,9,Player 085,Team 016,Player 031,Team 014,1,3,Away
21,9,Player 031,Team 014,Player 057,Team 016,3,1,Home
21,9,Player 057,Team 016,Player 031,Team 014,1,3,Away
21,9,Player 031,Team 014,Player 086,Team 016,1,3,Home
21,9,Player 086,Team 016,Player 031,Team 014,3,1,Away
21,9,Player 044,Team 014,Player 087,Team 016,3,1,Home
21,9,Player 087,Team 016,Player 044,Team 014,1,3,Away
21,9,Player 044,Team 014,Player 085,Team 016,0,3,Home
21,9,Player 085,Team 016,Player 044,Team 014,3,0,Away
21,9,Player 044,Team 014,Player 057,Team 016,3,0,Home
21,9,Player 057,Team 016,Player 044,Team 014,0,3,Away
21,9,Player 044,Team 014,Player 086,Team 016,3,1,Home
21,9,Player 086,Team 016,Player 044,Team 014,1,3,Away
21,9,Player 042,Team 014,Player 087,Team 016,3,2,Home
21,9,Player 087,Team 016,Player 042,Team 014,2,3,Away
21,9,Player 042,Team 014,Player 085,Team 016,3,0,Home
21,9,Player 085,Team 016,Player 042,Team 014,0,3,Away
21,9,Player 042,Team 014,Player 057,Team 016,3,0,Home
21,9,Player 057,Team 016,Player 042,Team 014,0,3,Away
21,9,Player 042,Team 014,Player 059,Team 016,3,0,Home
21,9,Player 059,Team 016,Player 042,Team 014,0,3,Away
21,9,(játék nélkül),Team 014,Player 087,Team 016,0,3,Home
21,9,Player 087,Team 016,(játék nélkül),Team 014,3,0,Away
21,9,(játék nélkül),Team 014,Player 085,Team 016,0,3,Home
21,9,Player 085,Team 016,(játék nélkül),Team 014,3,0,Away
21,9,(játék nélkül),Team 014,Player 057,Team 016,0,3,Home
21,9,Player 057,Team 016,(játék nélkül),Team 014,3,0,Away
21,9,(játék nélkül),Team 014,Player 059,Team 016,0,3,Home
21,9,Player 059,Team 016,(játék nélkül),Team 014,3,0,Away
22,1,Player 054,Team 002,Player 001,Team 001,1,3,Home
22,1,Player 001,Team 001,Player 054,Team 002,3,1,Away
22,1,Player 054,Team 002,Player 076,Team 001,0,3,Home
22,1,Player 076,Team 001,Player 054,Team 002,3,0,Away
22,1,Player 054,Team 002,Player 107,Team 001,0,3,Home
22,1,Player 107,Team 001,Player 054,Team 002,3,0,Away
22,1,Player 054,Team 002,Player 101,Team 001,0,3,Home
22,1,Player 101,Team 001,Player 054,Team 002,3,0,Away
22,1,Player 041,Team 002,Player 001,Team 001,1,3,Home
22,1,Player 001,Team 001,Player 041,Team 002,3,1,Away
22,1,Player 041,Team 002,Player 076,Team 001,0,3,Home
22,1,Player 076,Team 001,Player 041,Team 002,3,0,Away
22,1,Player 041,Team 002,Player 107,Team 001,2,3,Home
22,1,Player 107,Team 001,Player 041,Team 002,3,2,Away
22,1,Player 041,Team 002,Player 101,Team 001,2,3,Home
22,1,Player 101,Team 001,Player 041,Team 002,3,2,Away
22,1,Player 053,Team 002,Player 001,Team 001,0,3,Home
22,1,Player 001,Team 001,Player 053,Team 002,3,0,Away
22,1,Player 053,Team 002,Player 076,Team 001,0,3,Home
22,1,Player 076,Team 001,Player 053,Team 002,3,0,Away
22,1,Player 053,Team 002,Player 107,Team 001,1,3,Home
22,1,Player 107,Team 001,Player 053,Team 002,3,1,Away
22,1,Player 053,Team 002,Player 101,Team 001,0,3,Home
22,1,Player 101,Team 001,Player 053,Team 002,3,0,Away
22,1,Player 002,Team 002,Player 001,Team 001,3,2,Home
22,1,Player 001,Team 001,Player 002,Team 002,2,3,Away
22,1,Player 002,Team 002,Player 076,Team 001,3,2,Home
22,1,Player 076,Team 001,Player 002,Team 002,2,3,Away
22,1,Player 002,Team 002,Player 107,Team 001,3,0,Home
22,1,Player 107,Team 001,Player 002,Team 002,0,3,Away
22,1,Player 002,Team 002,Player 101,Team 001,3,2,Home
22,1,Player 101,Team 001,Player 002,Team 002,2,3,Away
22,2,Player 022,Team 011,Player 042,Team 014,3,0,Home
22,2,Player 042,Team 014,Player 022,Team 011,0,3,Away
22,2,Player 022,Team 011,Player 084,Team 014,2,3,Home
22,2,Player 084,Team 014,Player 022,Team 011,3,2,Away
22,2,Player 022,Team 011,Player 043,Team 014,3,1,Home
22,2,Player 043,Team 014,Player 022,Team 011,1,3,Away
22,2,Player 022,Team 011,Player 071,Team 014,1,3,Home
22,2,Player 071,Team 014,Player 022,Team 011,3,1,Away
22,2,Player 072,Team 011,Player 042,Team 014,3,0,Home
22,2,Player 042,Team 014,Player 072,Team 011,0,3,Away
22,2,Player 072,Team 011,Player 084,Team 014,3,0,Home
22,2,Player 084,Team 014,Player 072,Team 011,0,3,Away
22,2,Player 072,Team 011,Player 043,Team 014,3,0,Home
22,2,Player 043,Team 014,Player 072,Team 011,0,3,Away
22,2,Player 072,Team 011,Player 071,Team 014,3,1,Home
22,2,Player 071,Team 014,Player 072,Team 011,1,3,Away
22,2,Player 082,Team 011,Player 042,Team 014,3,1,Home
22,2,Player 042,Team 014,Player 082,Team 011,1,3,Away
22,2,Player 082,Team 011,Player 084,Team 014,3,0,Home
22,2,Player 084,Team 014,Player 082,Team 011,0,3,Away
22,2,Player 082,Team 011,Player 043,Team 014,3,1,Home
22,2,Player 043,Team 014,Player 082,Team 011,1,3,Away
22,2,Player 082,Team 011,Player 071,Team 014,1,3,Home
22,2,Player 071,Team 014,Player 082,Team 011,3,1,Away
22,2,Player 023,Team 011,Player 042,Team 014,3,0,Home
22,2,Player 042,Team 014,Player 023,Team 011,0,3,Away
22,2,Player 023,Team 011,Player 084,Team 014,3,1,Home
22,2,Player 084,Team 014,Player 023,Team 011,1,3,Away
22,2,Player 023,Team 011,Player 043,Team 014,3,0,Home
22,2,Player 043,Team 014,Player 023,Team 011,0,3,Away
22,2,Player 023,Team 011,Player 071,Team 014,0,3,Home
22,2,Player 071,Team 014,Player 023,Team 011,3,0,Away
22,3,Player 118,Team 007,Player 017,Team 004,0,3,Home
22,3,Player 017,Team 004,Player 118,Team 007,3,0,Away
22,3,Player 118,Team 007,Player 075,Team 004,1,3,Home
22,3,Player 075,Team 004,Player 118,Team 007,3,1,Away
22,3,Player 118,Team 007,Player 009,Team 004,3,1,Home
22,3,Player 009,Team 004,Player 118,Team 007,1,3,Away
22,3,Player 118,Team 007,Player 004,Team 004,3,2,Home
22,3,Player 004,Team 004,Player 118,Team 007,2,3,Away
22,3,Player 034,Team 007,Player 017,Team 004,1,3,Home
22,3,Player 017,Team 004,Player 034,Team 007,3,1,Away
22,3,Player 034,Team 007,Player 075,Team 004,0,3,Home
22,3,Player 075,Team 004,Player 034,Team 007,3,0,Away
22,3,Player 034,Team 007,Player 009,Team 004,3,1,Home
22,3,Player 009,Team 004,Player 034,Team 007,1,3,Away
22,3,Player 034,Team 007,Player 004,Team 004,0,3,Home
22,3,Player 004,Team 004,Player 034,Team 007,3,0,Away
22,3,Player 026,Team 007,Player 017,Team 004,2,3,Home
22,3,Player 017,Team 004,Player 026,Team 007,3,2,Away
22,3,Player 026,Team 007,Player 075,Team 004,3,2,Home
22,3,Player 075,Team 004,Player 026,Team 007,2,3,Away
22,3,Player 026,Team 007,Player 009,Team 004,3,1,Home
22,3,Player 009,Team 004,Player 026,Team 007,1,3,Away
22,3,Player 026,Team 007,Player 004,Team 004,1,3,Home
22,3,Player 004,Team 004,Player 026,Team 007,3,1,Away
22,3,Player 116,Team 007,Player 017,Team 004,3,0,Home
22,3,Player 017,Team 004,Player 116,Team 007,0,3,Away
22,3,Player 116,Team 007,Player 075,Team 004,3,0,Home
22,3,Player 075,Team 004,Player 116,Team 007,0,3,Away
22,3,Player 116,Team 007,Player 009,Team 004,3,0,Home
22,3,Player 009,Team 004,Player 116,Team 007,0,3,Away
22,3,Player 116,Team 007,Player 004,Team 004,3,1,Home
22,3,Player 004,Team 004,Player 116,Team 007,1,3,Away
22,4,Player 029,Team 009,Player 028,Team 012,0,3,Home
22,4,Player 028,Team 012,Player 029,Team 009,3,0,Away
22,4,Player 029,Team 009,Player 039,Team 012,1,3,Home
22,4,Player 039,Team 012,Player 029,Team 009,3,1,Away
22,4,Player 029,Team 009,Player 083,Team 012,2,3,Home
22,4,Player 083,Team 012,Player 029,Team 009,3,2,Away
22,4,Player 029,Team 009,Player 109,Team 012,1,3,Home
22,4,Player 109,Team 012,Player 029,Team 009,3,1,Away
22,4,Player 079,Team 009,Player 028,Team 012,0,3,Home
22,4,Player 028,Team 012,Player 079,Team 009,3,0,Away
22,4,Player 079,Team 009,Player 039,Team 012,1,3,Home
22,4,Player 039,Team 012,Player 079,Team 009,3,1,Away
22,4,Player 079,Team 009,Player 083,Team 012,0,3,Home
22,4,Player 083,Team 012,Player 079,Team 009,3,0,Away
22,4,Player 079,Team 009,Player 109,Team 012,3,1,Home
22,4,Player 109,Team 012,Player 079,Team 009,1,3,Away
22,4,Player 120,Team 009,Player 028,Team 012,0,3,Home
22,4,Player 028,Team 012,Player 120,Team 009,3,0,Away
22,4,Player 120,Team 009,Player 039,Team 012,2,3,Home
22,4,Player 039,Team 012,Player 120,Team 009,3,2,Away
22,4,Player 120,Team 009,Player 083,Team 012,3,1,Home
22,4,Player 083,Team 012,Player 120,Team 009,1,3,Away
22,4,Player 120,Team 009,Player 121,Team 012,3,0,Home
22,4,Player 121,Team 012,Player 120,Team 009,0,3,Away
22,4,Player 081,Team 009,Player 028,Team 012,0,3,Home
22,4,Player 028,Team 012,Player 081,Team 009,3,0,Away
22,4,Player 081,Team 009,Player 039,Team 012,0,3,Home
22,4,Player 039,Team 012,Player 081,Team 009,3,0,Away
22,4,Player 081,Team 009,Player 083,Team 012,3,2,Home
22,4,Player 083,Team 012,Player 081,Team 009,2,3,Away
22,4,Player 081,Team 009,Player 121,Team 012,3,0,Home
22,4,Player 121,Team 012,Player 081,Team 009,0,3,Away
22,5,Player 008,Team 003,Player 077,Team 008,0,3,Home
22,5,Player 077,Team 008,Player 008,Team 003,3,0,Away
22,5,Player 008,Team 003,Player 036,Team 008,3,1,Home
22,5,Player 036,Team 008,Player 008,Team 003,1,3,Away
22,5,Player 008,Team 003,Player 035,Team 008,1,3,Home
22,5,Player 035,Team 008,Player 008,Team 003,3,1,Away
22,5,Player 008,Team 003,Player 016,Team 008,0,3,Home
22,5,Player 016,Team 008,Player 008,Team 003,3,0,Away
22,5,Player 067,Team 003,Player 077,Team 008,0,3,Home
22,5,Player 077,Team 008,Player 067,Team 003,3,0,Away
22,5,Player 067,Team 003,Player 036,Team 008,3,0,Home
22,5,Player 036,Team 008,Player 067,Team 003,0,3,Away
22,5,Player 067,Team 003,Player 035,Team 008,3,1,Home
22,5,Player 035,Team 008,Player 067,Team 003,1,3,Away
22,5,Player 067,Team 003,Player 016,Team 008,3,1,Home
22,5,Player 016,Team 008,Player 067,Team 003,1,3,Away
22,5,Player 125,Team 003,Player 077,Team 008,0,3,Home
22,5,Player 077,Team 008,Player 125,Team 003,3,0,Away
22,5,Player 125,Team 003,Player 036,Team 008,3,2,Home
22,5,Player 036,Team 008,Player 125,Team 003,2,3,Away
22,5,Player 125,Team 003,Player 035,Team 008,2,3,Home
22,5,Player 035,Team 008,Player 125,Team 003,3,2,Away
22,5,Player 125,Team 003,Player 016,Team 008,0,3,Home
22,5,Player 016,Team 008,Player 125,Team 003,3,0,Away
22,5,Player 003,Team 003,Player 077,Team 008,0,3,Home
22,5,Player 077,Team 008,Player 003,Team 003,3,0,Away
22,5,Player 003,Team 003,Player 036,Team 008,3,1,Home
22,5,Player 036,Team 008,Player 003,Team 003,1,3,Away
22,5,Player 003,Team 003,Player 016,Team 008,0,3,Home
22,5,Player 016,Team 008,Player 003,Team 003,3,0,Away
22,5,Player 003,Team 003,Player 108,Team 008,3,2,Home
22,5,Player 108,Team 008,Player 003,Team 003,2,3,Away
22,6,Player 008,Team 003,Player 043,Team 014,3,1,Home
22,6,Player 043,Team 014,Player 008,Team 003,1,3,Away
22,6,Player 008,Team 003,Player 084,Team 014,3,1,Home
22,6,Player 084,Team 014,Player 008,Team 003,1,3,Away
22,6,Player 008,Team 003,Player 042,Team 014,3,1,Home
22,6,Player 042,Team 014,Player 008,Team 003,1,3,Away
22,6,Player 008,Team 003,Player 044,Team 014,3,2,Home
22,6,Player 044,Team 014,Player 008,Team 003,2,3,Away
22,6,Player 067,Team 003,Player 043,Team 014,3,2,Home
22,6,Player 043,Team 014,Player 067,Team 003,2,3,Away
22,6,Player 067,Team 003,Player 084,Team 014,3,0,Home
22,6,Player 084,Team 014,Player 067,Team 003,0,3,Away
22,6,Player 067,Team 003,Player 042,Team 014,3,0,Home
22,6,Player 042,Team 014,Player 067,Team 003,0,3,Away
22,6,Player 067,Team 003,Player 044,Team 014,3,1,Home
22,6,Player 044,Team 014,Player 067,Team 003,1,3,Away
22,6,Player 005,Team 003,Player 043,Team 014,0,3,Home
22,6,Player 043,Team 014,Player 005,Team 003,3,0,Away
22,6,Player 005,Team 003,Player 084,Team 014,2,3,Home
22,6,Player 084,Team 014,Player 005,Team 003,3,2,Away
22,6,Player 005,Team 003,Player 042,Team 014,1,3,Home
22,6,Player 042,Team 014,Player 005,Team 003,3,1,Away
22,6,Player 005,Team 003,Player 044,Team 014,2,3,Home
22,6,Player 044,Team 014,Player 005,Team 003,3,2,Away
22,6,Player 125,Team 003,Player 043,Team 014,3,0,Home
22,6,Player 043,Team 014,Player 125,Team 003,0,3,Away
22,6,Player 125,Team 003,Player 084,Team 014,1,3,Home
22,6,Player 084,Team 014,Player 125,Team 003,3,1,Away
22,6,Player 125,Team 003,Player 042,Team 014,3,2,Home
22,6,Player 042,Team 014,Player 125,Team 003,2,3,Away
22,6,Player 125,Team 003,Player 044,Team 014,3,0,Home
22,6,Player 044,Team 014,Player 125,Team 003,0,3,Away
22,7,Player 040,Team 005,Player 046,Team 015,2,3,Home
22,7,Player 046,Team 015,Player 040,Team 005,3,2,Away
22,7,Player 040,Team 005,Player 048,Team 015,3,1,Home
22,7,Player 048,Team 015,Player 040,Team 005,1,3,Away
22,7,Player 040,Team 005,Player 047,Team 015,3,0,Home
22,7,Player 047,Team 015,Player 040,Team 005,0,3,Away
22,7,Player 040,Team 005,Player 056,Team 015,3,0,Home
22,7,Player 056,Team 015,Player 040,Team 005,0,3,Away
22,7,Player 061,Team 005,Player 046,Team 015,0,3,Home
22,7,Player 046,Team 015,Player 061,Team 005,3,0,Away
22,7,Player 061,Team 005,Player 048,Team 015,2,3,Home
22,7,Player 048,Team 015,Player 061,Team 005,3,2,Away
22,7,Player 061,Team 005,Player 047,Team 015,0,3,Home
22,7,Player 047,Team 015,Player 061,Team 005,3,0,Away
22,7,Player 061,Team 005,Player 056,Team 015,0,3,Home
22,7,Player 056,Team 015,Player 061,Team 005,3,0,Away
22,7,Player 012,Team 005,Player 046,Team 015,3,1,Home
22,7,Player 046,Team 015,Player 012,Team 005,1,3,Away
22,7,Player 012,Team 005,Player 048,Team 015,3,0,Home
22,7,Player 048,Team 015,Player 012,Team 005,0,3,Away
22,7,Player 012,Team 005,Player 047,Team 015,3,0,Home
22,7,Player 047,Team 015,Player 012,Team 005,0,3,Away
22,7,Player 012,Team 005,Player 056,Team 015,3,2,Home
22,7,Player 056,Team 015,Player 012,Team 005,2,3,Away
22,7,Player 006,Team 005,Player 046,Team 015,3,0,Home
22,7,Player 046,Team 015,Player 006,Team 005,0,3,Away
22,7,Player 006,Team 005,Player 048,Team 015,3,0,Home
22,7,Player 048,Team 015,Player 006,Team 005,0,3,Away
22,7,Player 006,Team 005,Player 047,Team 015,3,0,Home
22,7,Player 047,Team 015,Player 006,Team 005,0,3,Away
22,7,Player 006,Team 005,Player 056,Team 015,3,0,Home
22,7,Player 056,Team 015,Player 006,Team 005,0,3,Away
22,8,Player 085,Team 016,Player 020,Team 010,1,3,Home
22,8,Player 020,Team 010,Player 085,Team 016,3,1,Away
22,8,Player 085,Team 016,Player 064,Team 010,3,1,Home
22,8,Player 064,Team 010,Player 085,Team 016,1,3,Away
22,8,Player 085,Team 016,Player 103,Team 010,3,1,Home
22,8,Player 103,Team 010,Player 085,Team 016,1,3,Away
22,8,Player 085,Team 016,Player 024,Team 010,1,3,Home
22,8,Player 024,Team 010,Player 085,Team 016,3,1,Away
22,8,Player 086,Team 016,Player 020,Team 010,2,3,Home
22,8,Player 020,Team 010,Player 086,Team 016,3,2,Away
22,8,Player 086,Team 016,Player 064,Team 010,3,0,Home
22,8,Player 064,Team 010,Player 086,Team 016,0,3,Away
22,8,Player 086,Team 016,Player 103,Team 010,1,3,Home
22,8,Player 103,Team 010,Player 086,Team 016,3,1,Away
22,8,Player 086,Team 016,Player 024,Team 010,0,3,Home
22,8,Player 024,Team 010,Player 086,Team 016,3,0,Away
22,8,Player 057,Team 016,Player 020,Team 010,0,3,Home
22,8,Player 020,Team 010,Player 057,Team 016,3,0,Away
22,8,Player 057,Team 016,Player 064,Team 010,1,3,Home
22,8,Player 064,Team 010,Player 057,Team 016,3,1,Away
22,8,Player 057,Team 016,Player 103,Team 010,0,3,Home
22,8,Player 103,Team 010,Player 057,Team 016,3,0,Away
22,8,Player 057,Team 016,Player 024,Team 010,1,3,Home
22,8,Player 024,Team 010,Player 057,Team 016,3,1,Away
22,8,Player 059,Team 016,Player 020,Team 010,0,3,Home
22,8,Player 020,Team 010,Player 059,Team 016,3,0,Away
22,8,Player 059,Team 016,Player 064,Team 010,3,1,Home
22,8,Player 064,Team 010,Player 059,Team 016,1,3,Away
22,8,Player 059,Team 016,Player 103,Team 010,3,1,Home
22,8,Player 103,Team 010,Player 059,Team 016,1,3,Away
22,8,Player 059,Team 016,Player 024,Team 010,0,3,Home
22,8,Player 024,Team 010,Player 059,Team 016,3,0,Away
22,9,Player 029,Team 013,Player 010,Team 006,3,0,Home
22,9,Player 010,Team 006,Player 029,Team 013,0,3,Away
22,9,Player 029,Team 013,Player 032,Team 006,3,2,Home
22,9,Player 032,Team 006,Player 029,Team 013,2,3,Away
22,9,Player 029,Team 013,Player 030,Team 006,3,0,Home
22,9,Player 030,Team 006,Player 029,Team 013,0,3,Away
22,9,Player 029,Team 013,Player 094,Team 006,3,0,Home
22,9,Player 094,Team 006,Player 029,Team 013,0,3,Away
22,9,Player 052,Team 013,Player 010,Team 006,1,3,Home
22,9,Player 010,Team 006,Player 052,Team 013,3,1,Away
22,9,Player 052,Team 013,Player 032,Team 006,3,2,Home
22,9,Player 032,Team 006,Player 052,Team 013,2,3,Away
22,9,Player 052,Team 013,Player 030,Team 006,3,1,Home
22,9,Player 030,Team 006,Player 052,Team 013,1,3,Away
22,9,Player 052,Team 013,Player 094,Team 006,3,1,Home
22,9,Player 094,Team 006,Player 052,Team 013,1,3,Away
22,9,Player 051,Team 013,Player 010,Team 006,0,3,Home
22,9,Player 010,Team 006,Player 051,Team 013,3,0,Away
22,9,Player 051,Team 013,Player 032,Team 006,3,1,Home
22,9,Player 032,Team 006,Player 051,Team 013,1,3,Away
22,9,Player 051,Team 013,Player 030,Team 006,3,2,Home
22,9,Player 030,Team 006,Player 051,Team 013,2,3,Away
22,9,Player 051,Team 013,Player 094,Team 006,1,3,Home
22,9,Player 094,Team 006,Player 051,Team 013,3,1,Away
22,9,Player 066,Team 013,Player 010,Team 006,1,3,Home
22,9,Player 010,Team 006,Player 066,Team 013,3,1,Away
22,9,Player 066,Team 013,Player 032,Team 006,3,2,Home
22,9,Player 032,Team 006,Player 066,Team 013,2,3,Away
22,9,Player 066,Team 013,Player 030,Team 006,3,1,Home
22,9,Player 030,Team 006,Player 066,Team 013,1,3,Away
22,9,Player 066,Team 013,Player 094,Team 006,3,0,Home
22,9,Player 094,Team 006,Player 066,Team 013,0,3,Away
23,1,Player 064,Team 010,Player 022,Team 011,1,3,Home
23,1,Player 022,Team 011,Player 064,Team 010,3,1,Away
23,1,Player 064,Team 010,Player 021,Team 011,0,3,Home
23,1,Player 021,Team 011,Player 064,Team 010,3,0,Away
23,1,Player 064,Team 010,Player 023,Team 011,0,3,Home
23,1,Player 023,Team 011,Player 064,Team 010,3,0,Away
23,1,Player 064,Team 010,Player 033,Team 011,0,3,Home
23,1,Player 033,Team 011,Player 064,Team 010,3,0,Away
23,1,Player 020,Team 010,Player 022,Team 011,3,1,Home
23,1,Player 022,Team 011,Player 020,Team 010,1,3,Away
23,1,Player 020,Team 010,Player 021,Team 011,1,3,Home
23,1,Player 021,Team 011,Player 020,Team 010,3,1,Away
23,1,Player 020,Team 010,Player 023,Team 011,2,3,Home
23,1,Player 023,Team 011,Player 020,Team 010,3,2,Away
23,1,Player 020,Team 010,Player 033,Team 011,1,3,Home
23,1,Player 033,Team 011,Player 020,Team 010,3,1,Away
23,1,Player 063,Team 010,Player 022,Team 011,0,3,Home
23,1,Player 022,Team 011,Player 063,Team 010,3,0,Away
23,1,Player 063,Team 010,Player 021,Team 011,0,3,Home
23,1,Player 021,Team 011,Player 063,Team 010,3,0,Away
23,1,Player 063,Team 010,Player 023,Team 011,1,3,Home
23,1,Player 023,Team 011,Player 063,Team 010,3,1,Away
23,1,Player 063,Team 010,Player 033,Team 011,1,3,Home
23,1,Player 033,Team 011,Player 063,Team 010,3,1,Away
23,1,Player 103,Team 010,Player 022,Team 011,0,3,Home
23,1,Player 022,Team 011,Player 103,Team 010,3,0,Away
23,1,Player 103,Team 010,Player 021,Team 011,0,3,Home
23,1,Player 021,Team 011,Player 103,Team 010,3,0,Away
23,1,Player 103,Team 010,Player 023,Team 011,0,3,Home
23,1,Player 023,Team 011,Player 103,Team 010,3,0,Away
23,1,Player 103,Team 010,Player 033,Team 011,0,3,Home
23,1,Player 033,Team 011,Player 103,Team 010,3,0,Away
23,2,Player 028,Team 012,Player 099,Team 002,3,0,Home
23,2,Player 099,Team 002,Player 028,Team 012,0,3,Away
23,2,Player 028,Team 012,Player 054,Team 002,3,0,Home
23,2,Player 054,Team 002,Player 028,Team 012,0,3,Away
23,2,Player 028,Team 012,Player 041,Team 002,3,1,Home
23,2,Player 041,Team 002,Player 028,Team 012,1,3,Away
23,2,Player 028,Team 012,Player 002,Team 002,0,3,Home
23,2,Player 002,Team 002,Player 028,Team 012,3,0,Away
23,2,Player 083,Team 012,Player 099,Team 002,3,0,Home
23,2,Player 099,Team 002,Player 083,Team 012,0,3,Away
23,2,Player 083,Team 012,Player 054,Team 002,3,0,Home
23,2,Player 054,Team 002,Player 083,Team 012,0,3,Away
23,2,Player 083,Team 012,Player 041,Team 002,2,3,Home
23,2,Player 041,Team 002,Player 083,Team 012,3,2,Away
23,2,Player 083,Team 012,Player 002,Team 002,0,3,Home
23,2,Player 002,Team 002,Player 083,Team 012,3,0,Away
23,2,Player 039,Team 012,Player 099,Team 002,3,0,Home
23,2,Player 099,Team 002,Player 039,Team 012,0,3,Away
23,2,Player 039,Team 012,Player 054,Team 002,3,0,Home
23,2,Player 054,Team 002,Player 039,Team 012,0,3,Away
23,2,Player 039,Team 012,Player 041,Team 002,3,1,Home
23,2,Player 041,Team 002,Player 039,Team 012,1,3,Away
23,2,Player 039,Team 012,Player 002,Team 002,3,0,Home
23,2,Player 002,Team 002,Player 039,Team 012,0,3,Away
23,2,Player 025,Team 012,Player 099,Team 002,3,0,Home
23,2,Player 099,Team 002,Player 025,Team 012,0,3,Away
23,2,Player 025,Team 012,Player 054,Team 002,3,1,Home
23,2,Player 054,Team 002,Player 025,Team 012,1,3,Away
23,2,Player 025,Team 012,Player 041,Team 002,3,1,Home
23,2,Player 041,Team 002,Player 025,Team 012,1,3,Away
23,2,Player 025,Team 012,Player 002,Team 002,0,3,Home
23,2,Player 002,Team 002,Player 025,Team 012,3,0,Away
23,3,Player 010,Team 006,Player 029,Team 009,3,1,Home
23,3,Player 029,Team 009,Player 010,Team 006,1,3,Away
23,3,Player 010,Team 006,Player 120,Team 009,3,1,Home
23,3,Player 120,Team 009,Player 010,Team 006,1,3,Away
23,3,Player 010,Team 006,Player 058,Team 009,3,0,Home
23,3,Player 058,Team 009,Player 010,Team 006,0,3,Away
23,3,Player 010,Team 006,Player 081,Team 009,3,1,Home
23,3,Player 081,Team 009,Player 010,Team 006,1,3,Away
23,3,Player 032,Team 006,Player 029,Team 009,3,0,Home
23,3,Player 029,Team 009,Player 032,Team 006,0,3,Away
23,3,Player 032,Team 006,Player 120,Team 009,3,1,Home
23,3,Player 120,Team 009,Player 032,Team 006,1,3,Away
23,3,Player 032,Team 006,Player 058,Team 009,0,3,Home
23,3,Player 058,Team 009,Player 032,Team 006,3,0,Away
23,3,Player 032,Team 006,Player 081,Team 009,3,2,Home
23,3,Player 081,Team 009,Player 032,Team 006,2,3,Away
23,3,Player 073,Team 006,Player 029,Team 009,3,1,Home
23,3,Player 029,Team 009,Player 073,Team 006,1,3,Away
23,3,Player 073,Team 006,Player 120,Team 009,0,3,Home
23,3,Player 120,Team 009,Player 073,Team 006,3,0,Away
23,3,Player 073,Team 006,Player 058,Team 009,3,0,Home
23,3,Player 058,Team 009,Player 073,Team 006,0,3,Away
23,3,Player 073,Team 006,Player 081,Team 009,3,1,Home
23,3,Player 081,Team 009,Player 073,Team 006,1,3,Away
23,3,Player 102,Team 006,Player 029,Team 009,3,1,Home
23,3,Player 029,Team 009,Player 102,Team 006,1,3,Away
23,3,Player 102,Team 006,Player 120,Team 009,2,3,Home
23,3,Player 120,Team 009,Player 102,Team 006,3,2,Away
23,3,Player 102,Team 006,Player 058,Team 009,3,0,Home
23,3,Player 058,Team 009,Player 102,Team 006,0,3,Away
23,3,Player 102,Team 006,Player 081,Team 009,3,1,Home
23,3,Player 081,Team 009,Player 102,Team 006,1,3,Away
23,4,Player 013,Team 001,Player 008,Team 003,3,1,Home
23,4,Player 008,Team 003,Player 013,Team 001,1,3,Away
23,4,Player 013,Team 001,Player 067,Team 003,3,2,Home
23,4,Player 067,Team 003,Player 013,Team 001,2,3,Away
23,4,Player 013,Team 001,Player 003,Team 003,2,3,Home
23,4,Player 003,Team 003,Player 013,Team 001,3,2,Away
23,4,Player 013,Team 001,Player 005,Team 003,3,1,Home
23,4,Player 005,Team 003,Player 013,Team 001,1,3,Away
23,4,Player 001,Team 001,Player 008,Team 003,2,3,Home
23,4,Player 008,Team 003,Player 001,Team 001,3,2,Away
23,4,Player 001,Team 001,Player 067,Team 003,3,1,Home
23,4,Player 067,Team 003,Player 001,Team 001,1,3,Away
23,4,Player 001,Team 001,Player 003,Team 003,3,0,Home
23,4,Player 003,Team 003,Player 001,Team 001,0,3,Away
23,4,Player 001,Team 001,Player 005,Team 003,3,1,Home
23,4,Player 005,Team 003,Player 001,Team 001,1,3,Away
23,4,Player 007,Team 001,Player 008,Team 003,3,0,Home
23,4,Player 008,Team 003,Player 007,Team 001,0,3,Away
23,4,Player 007,Team 001,Player 067,Team 003,2,3,Home
23,4,Player 067,Team 003,Player 007,Team 001,3,2,Away
23,4,Player 007,Team 001,Player 003,Team 003,3,0,Home
23,4,Player 003,Team 003,Player 007,Team 001,0,3,Away
23,4,Player 007,Team 001,Player 005,Team 003,3,0,Home
23,4,Player 005,Team 003,Player 007,Team 001,0,3,Away
23,4,Player 069,Team 001,Player 008,Team 003,3,0,Home
23,4,Player 008,Team 003,Player 069,Team 001,0,3,Away
23,4,Player 069,Team 001,Player 067,Team 003,3,1,Home
23,4,Player 067,Team 003,Player 069,Team 001,1,3,Away
23,4,Player 069,Team 001,Player 003,Team 003,3,0,Home
23,4,Player 003,Team 003,Player 069,Team 001,0,3,Away
23,4,Player 069,Team 001,Player 005,Team 003,3,2,Home
23,4,Player 005,Team 003,Player 069,Team 001,2,3,Away
23,5,Player 048,Team 015,Player 004,Team 004,0,3,Home
23,5,Player 004,Team 004,Player 048,Team 015,3,0,Away
23,5,Player 048,Team 015,Player 017,Team 004,1,3,Home
23,5,Player 017,Team 004,Player 048,Team 015,3,1,Away
23,5,Player 048,Team 015,Player 018,Team 004,1,3,Home
23,5,Player 018,Team 004,Player 048,Team 015,3,1,Away
23,5,Player 048,Team 015,Player 009,Team 004,0,3,Home
23,5,Player 009,Team 004,Player 048,Team 015,3,0,Away
23,5,Player 047,Team 015,Player 004,Team 004,0,3,Home
23,5,Player 004,Team 004,Player 047,Team 015,3,0,Away
23,5,Player 047,Team 015,Player 017,Team 004,0,3,Home
23,5,Player 017,Team 004,Player 047,Team 015,3,0,Away
23,5,Player 047,Team 015,Player 018,Team 004,0,3,Home
23,5,Player 018,Team 004,Player 047,Team 015,3,0,Away
23,5,Player 047,Team 015,Player 009,Team 004,2,3,Home
23,5,Player 009,Team 004,Player 047,Team 015,3,2,Away
23,5,Player 112,Team 015,Player 004,Team 004,0,3,Home
23,5,Player 004,Team 004,Player 112,Team 015,3,0,Away
23,5,Player 112,Team 015,Player 017,Team 004,0,3,Home
23,5,Player 017,Team 004,Player 112,Team 015,3,0,Away
23,5,Player 112,Team 015,Player 018,Team 004,0,3,Home
23,5,Player 018,Team 004,Player 112,Team 015,3,0,Away
23,5,Player 112,Team 015,Player 009,Team 004,0,3,Home
23,5,Player 009,Team 004,Player 112,Team 015,3,0,Away
23,5,Player 046,Team 015,Player 004,Team 004,0,3,Home
23,5,Player 004,Team 004,Player 046,Team 015,3,0,Away
23,5,Player 046,Team 015,Player 017,Team 004,0,3,Home
23,5,Player 017,Team 004,Player 046,Team 015,3,0,Away
23,5,Player 046,Team 015,Player 018,Team 004,3,1,Home
23,5,Player 018,Team 004,Player 046,Team 015,1,3,Away
23,5,Player 046,Team 015,Player 009,Team 004,0,3,Home
23,5,Player 009,Team 004,Player 046,Team 015,3,0,Away
23,6,Player 071,Team 014,Player 118,Team 007,2,3,Home
23,6,Player 118,Team 007,Player 071,Team 014,3,2,Away
23,6,Player 071,Team 014,Player 034,Team 007,3,2,Home
23,6,Player 034,Team 007,Player 071,Team 014,2,3,Away
23,6,Player 071,Team 014,Player 026,Team 007,3,1,Home
23,6,Player 026,Team 007,Player 071,Team 014,1,3,Away
23,6,Player 071,Team 014,Player 116,Team 007,3,0,Home
23,6,Player 116,Team 007,Player 071,Team 014,0,3,Away
23,6,Player 042,Team 014,Player 118,Team 007,2,3,Home
23,6,Player 118,Team 007,Player 042,Team 014,3,2,Away
23,6,Player 042,Team 014,Player 034,Team 007,0,3,Home
23,6,Player 034,Team 007,Player 042,Team 014,3,0,Away
23,6,Player 042,Team 014,Player 026,Team 007,0,3,Home
23,6,Player 026,Team 007,Player 042,Team 014,3,0,Away
23,6,Player 042,Team 014,Player 116,Team 007,0,3,Home
23,6,Player 116,Team 007,Player 042,Team 014,3,0,Away
23,6,Player 031,Team 014,Player 118,Team 007,3,0,Home
23,6,Player 118,Team 007,Player 031,Team 014,0,3,Away
23,6,Player 031,Team 014,Player 034,Team 007,3,2,Home
23,6,Player 034,Team 007,Player 031,Team 014,2,3,Away
23,6,Player 031,Team 014,Player 026,Team 007,1,3,Home
23,6,Player 026,Team 007,Player 031,Team 014,3,1,Away
23,6,Player 031,Team 014,Player 116,Team 007,1,3,Home
23,6,Player 116,Team 007,Player 031,Team 014,3,1,Away
23,6,Player 095,Team 014,Player 118,Team 007,1,3,Home
23,6,Player 118,Team 007,Player 095,Team 014,3,1,Away
23,6,Player 095,Team 014,Player 034,Team 007,3,1,Home
23,6,Player 034,Team 007,Player 095,Team 014,1,3,Away
23,6,Player 095,Team 014,Player 026,Team 007,1,3,Home
23,6,Player 026,Team 007,Player 095,Team 014,3,1,Away
23,6,Player 095,Team 014,Player 116,Team 007,2,3,Home
23,6,Player 116,Team 007,Player 095,Team 014,3,2,Away
23,7,Player 091,Team 005,Player 051,Team 013,1,3,Home
23,7,Player 051,Team 013,Player 091,Team 005,3,1,Away
23,7,Player 091,Team 005,Player 106,Team 013,2,3,Home
23,7,Player 106,Team 013,Player 091,Team 005,3,2,Away
23,7,Player 091,Team 005,Player 029,Team 013,0,3,Home
23,7,Player 029,Team 013,Player 091,Team 005,3,0,Away
23,7,Player 091,Team 005,(játék nélkül),Team 013,3,0,Home
23,7,(játék nélkül),Team 013,Player 091,Team 005,0,3,Away
23,7,Player 038,Team 005,Player 051,Team 013,3,1,Home
23,7,Player 051,Team 013,Player 038,Team 005,1,3,Away
23,7,Player 038,Team 005,Player 106,Team 013,3,2,Home
23,7,Player 106,Team 013,Player 038,Team 005,2,3,Away
23,7,Player 038,Team 005,Player 029,Team 013,0,3,Home
23,7,Player 029,Team 013,Player 038,Team 005,3,0,Away
23,7,Player 038,Team 005,(játék nélkül),Team 013,3,0,Home
23,7,(játék nélkül),Team 013,Player 038,Team 005,0,3,Away
23,7,Player 040,Team 005,Player 051,Team 013,3,1,Home
23,7,Player 051,Team 013,Player 040,Team 005,1,3,Away
23,7,Player 040,Team 005,Player 106,Team 013,0,3,Home
23,7,Player 106,Team 013,Player 040,Team 005,3,0,Away
23,7,Player 040,Team 005,Player 029,Team 013,0,3,Home
23,7,Player 029,Team 013,Player 040,Team 005,3,0,Away
23,7,Player 040,Team 005,(játék nélkül),Team 013,3,0,Home
23,7,(játék nélkül),Team 013,Player 040,Team 005,0,3,Away
23,7,Player 012,Team 005,Player 051,Team 013,3,1,Home
23,7,Player 051,Team 013,Player 012,Team 005,1,3,Away
23,7,Player 012,Team 005,Player 106,Team 013,1,3,Home
23,7,Player 106,Team 013,Player 012,Team 005,3,1,Away
23,7,Player 012,Team 005,Player 029,Team 013,3,2,Home
23,7,Player 029,Team 013,Player 012,Team 005,2,3,Away
23,7,Player 012,Team 005,(játék nélkül),Team 013,3,0,Home
23,7,(játék nélkül),Team 013,Player 012,Team 005,0,3,Away
23,8,Player 035,Team 008,Player 086,Team 016,2,3,Home
23,8,Player 086,Team 016,Player 035,Team 008,3,2,Away
23,8,Player 035,Team 008,Player 085,Team 016,3,1,Home
23,8,Player 085,Team 016,Player 035,Team 008,1,3,Away
23,8,Player 035,Team 008,Player 057,Team 016,3,1,Home
23,8,Player 057,Team 016,Player 035,Team 008,1,3,Away
23,8,Player 035,Team 008,Player 059,Team 016,3,0,Home
23,8,Player 059,Team 016,Player 035,Team 008,0,3,Away
23,8,Player 037,Team 008,Player 086,Team 016,3,0,Home
23,8,Player 086,Team 016,Player 037,Team 008,0,3,Away
23,8,Player 037,Team 008,Player 085,Team 016,3,0,Home
23,8,Player 085,Team 016,Player 037,Team 008,0,3,Away
23,8,Player 037,Team 008,Player 057,Team 016,3,1,Home
23,8,Player 057,Team 016,Player 037,Team 008,1,3,Away
23,8,Player 037,Team 008,Player 059,Team 016,3,0,Home
23,8,Player 059,Team 016,Player 037,Team 008,0,3,Away
23,8,Player 108,Team 008,Player 057,Team 016,2,3,Home
23,8,Player 057,Team 016,Player 108,Team 008,3,2,Away
23,8,Player 016,Team 008,Player 086,Team 016,3,0,Home
23,8,Player 086,Team 016,Player 016,Team 008,0,3,Away
23,8,Player 016,Team 008,Player 085,Team 016,3,0,Home
23,8,Player 085,Team 016,Player 016,Team 008,0,3,Away
23,8,Player 016,Team 008,Player 057,Team 016,3,0,Home
23,8,Player 057,Team 016,Player 016,Team 008,0,3,Away
23,8,Player 016,Team 008,Player 059,Team 016,3,1,Home
23,8,Player 059,Team 016,Player 016,Team 008,1,3,Away
23,8,Player 092,Team 008,Player 086,Team 016,3,0,Home
23,8,Player 086,Team 016,Player 092,Team 008,0,3,Away
23,8,Player 092,Team 008,Player 085,Team 016,1,3,Home
23,8,Player 085,Team 016,Player 092,Team 008,3,1,Away
23,8,Player 092,Team 008,Player 059,Team 016,1,3,Home
23,8,Player 059,Team 016,Player 092,Team 008,3,1,Away
24,1,Player 118,Team 007,Player 063,Team 010,3,0,Home
24,1,Player 063,Team 010,Player 118,Team 007,0,3,Away
24,1,Player 118,Team 007,Player 064,Team 010,3,0,Home
24,1,Player 064,Team 010,Player 118,Team 007,0,3,Away
24,1,Player 118,Team 007,Player 024,Team 010,3,2,Home
24,1,Player 024,Team 010,Player 118,Team 007,2,3,Away
24,1,Player 118,Team 007,Player 103,Team 010,3,0,Home
24,1,Player 103,Team 010,Player 118,Team 007,0,3,Away
24,1,Player 026,Team 007,Player 064,Team 010,3,0,Home
24,1,Player 064,Team 010,Player 026,Team 007,0,3,Away
24,1,Player 026,Team 007,Player 024,Team 010,0,3,Home
24,1,Player 024,Team 010,Player 026,Team 007,3,0,Away
24,1,Player 026,Team 007,Player 103,Team 010,3,0,Home
24,1,Player 103,Team 010,Player 026,Team 007,0,3,Away
24,1,Player 026,Team 007,Player 020,Team 010,3,1,Home
24,1,Player 020,Team 010,Player 026,Team 007,1,3,Away
24,1,Player 093,Team 007,Player 064,Team 010,3,1,Home
24,1,Player 064,Team 010,Player 093,Team 007,1,3,Away
24,1,Player 093,Team 007,Player 024,Team 010,0,3,Home
24,1,Player 024,Team 010,Player 093,Team 007,3,0,Away
24,1,Player 093,Team 007,Player 103,Team 010,3,0,Home
24,1,Player 103,Team 010,Player 093,Team 007,0,3,Away
24,1,Player 093,Team 007,Player 020,Team 010,0,3,Home
24,1,Player 020,Team 010,Player 093,Team 007,3,0,Away
24,1,Player 116,Team 007,Player 063,Team 010,3,0,Home
24,1,Player 063,Team 010,Player 116,Team 007,0,3,Away
24,1,Player 116,Team 007,Player 064,Team 010,3,0,Home
24,1,Player 064,Team 010,Player 116,Team 007,0,3,Away
24,1,Player 116,Team 007,Player 024,Team 010,3,1,Home
24,1,Player 024,Team 010,Player 116,Team 007,1,3,Away
24,1,Player 116,Team 007,Player 103,Team 010,3,0,Home
24,1,Player 103,Team 010,Player 116,Team 007,0,3,Away
24,2,Player 078,Team 002,Player 010,Team 006,1,3,Home
24,2,Player 010,Team 006,Player 078,Team 002,3,1,Away
24,2,Player 078,Team 002,Player 032,Team 006,0,3,Home
24,2,Player 032,Team 006,Player 078,Team 002,3,0,Away
24,2,Player 078,Team 002,Player 123,Team 006,1,3,Home
24,2,Player 123,Team 006,Player 078,Team 002,3,1,Away
24,2,Player 078,Team 002,Player 030,Team 006,3,0,Home
24,2,Player 030,Team 006,Player 078,Team 002,0,3,Away
24,2,Player 041,Team 002,Player 010,Team 006,1,3,Home
24,2,Player 010,Team 006,Player 041,Team 002,3,1,Away
24,2,Player 041,Team 002,Player 032,Team 006,2,3,Home
24,2,Player 032,Team 006,Player 041,Team 002,3,2,Away
24,2,Player 041,Team 002,Player 123,Team 006,3,1,Home
24,2,Player 123,Team 006,Player 041,Team 002,1,3,Away
24,2,Player 041,Team 002,Player 030,Team 006,3,1,Home
24,2,Player 030,Team 006,Player 041,Team 002,1,3,Away
24,2,Player 054,Team 002,Player 010,Team 006,0,3,Home
24,2,Player 010,Team 006,Player 054,Team 002,3,0,Away
24,2,Player 054,Team 002,Player 032,Team 006,1,3,Home
24,2,Player 032,Team 006,Player 054,Team 002,3,1,Away
24,2,Player 054,Team 002,Player 123,Team 006,0,3,Home
24,2,Player 123,Team 006,Player 054,Team 002,3,0,Away
24,2,Player 054,Team 002,Player 030,Team 006,3,1,Home
24,2,Player 030,Team 006,Player 054,Team 002,1,3,Away
24,2,Player 002,Team 002,Player 010,Team 006,2,3,Home
24,2,Player 010,Team 006,Player 002,Team 002,3,2,Away
24,2,Player 002,Team 002,Player 032,Team 006,3,0,Home
24,2,Player 032,Team 006,Player 002,Team 002,0,3,Away
24,2,Player 002,Team 002,Player 123,Team 006,3,0,Home
24,2,Player 123,Team 006,Player 002,Team 002,0,3,Away
24,2,Player 002,Team 002,Player 030,Team 006,3,0,Home
24,2,Player 030,Team 006,Player 002,Team 002,0,3,Away
24,3,Player 022,Team 011,Player 037,Team 008,0,3,Home
24,3,Player 037,Team 008,Player 022,Team 011,3,0,Away
24,3,Player 022,Team 011,Player 077,Team 008,0,3,Home
24,3,Player 077,Team 008,Player 022,Team 011,3,0,Away
24,3,Player 022,Team 011,Player 036,Team 008,3,1,Home
24,3,Player 036,Team 008,Player 022,Team 011,1,3,Away
24,3,Player 022,Team 011,Player 016,Team 008,3,2,Home
24,3,Player 016,Team 008,Player 022,Team 011,2,3,Away
24,3,Player 072,Team 011,Player 037,Team 008,3,2,Home
24,3,Player 037,Team 008,Player 072,Team 011,2,3,Away
24,3,Player 072,Team 011,Player 077,Team 008,3,2,Home
24,3,Player 077,Team 008,Player 072,Team 011,2,3,Away
24,3,Player 072,Team 011,Player 036,Team 008,3,0,Home
24,3,Player 036,Team 008,Player 072,Team 011,0,3,Away
24,3,Player 072,Team 011,Player 016,Team 008,1,3,Home
24,3,Player 016,Team 008,Player 072,Team 011,3,1,Away
24,3,Player 082,Team 011,Player 037,Team 008,1,3,Home
24,3,Player 037,Team 008,Player 082,Team 011,3,1,Away
24,3,Player 082,Team 011,Player 077,Team 008,1,3,Home
24,3,Player 077,Team 008,Player 082,Team 011,3,1,Away
24,3,Player 082,Team 011,Player 036,Team 008,3,0,Home
24,3,Player 036,Team 008,Player 082,Team 011,0,3,Away
24,3,Player 082,Team 011,Player 016,Team 008,1,3,Home
24,3,Player 016,Team 008,Player 082,Team 011,3,1,Away
24,3,Player 021,Team 011,Player 037,Team 008,3,1,Home
24,3,Player 037,Team 008,Player 021,Team 011,1,3,Away
24,3,Player 021,Team 011,Player 077,Team 008,1,3,Home
24,3,Player 077,Team 008,Player 021,Team 011,3,1,Away
24,3,Player 021,Team 011,Player 036,Team 008,3,0,Home
24,3,Player 036,Team 008,Player 021,Team 011,0,3,Away
24,3,Player 021,Team 011,Player 016,Team 008,0,3,Home
24,3,Player 016,Team 008,Player 021,Team 011,3,0,Away
24,4,Player 004,Team 004,Player 071,Team 014,3,0,Home
24,4,Player 071,Team 014,Player 004,Team 004,0,3,Away
24,4,Player 004,Team 004,Player 031,Team 014,3,0,Home
24,4,Player 031,Team 014,Player 004,Team 004,0,3,Away
24,4,Player 004,Team 004,Player 084,Team 014,3,2,Home
24,4,Player 084,Team 014,Player 004,Team 004,2,3,Away
24,4,Player 004,Team 004,Player 044,Team 014,3,0,Home
24,4,Player 044,Team 014,Player 004,Team 004,0,3,Away
24,4,Player 017,Team 004,Player 071,Team 014,3,0,Home
24,4,Player 071,Team 014,Player 017,Team 004,0,3,Away
24,4,Player 017,Team 004,Player 031,Team 014,3,1,Home
24,4,Player 031,Team 014,Player 017,Team 004,1,3,Away
24,4,Player 017,Team 004,Player 084,Team 014,3,0,Home
24,4,Player 084,Team 014,Player 017,Team 004,0,3,Away
24,4,Player 017,Team 004,Player 044,Team 014,3,0,Home
24,4,Player 044,Team 014,Player 017,Team 004,0,3,Away
24,4,Player 018,Team 004,Player 071,Team 014,0,3,Home
24,4,Player 071,Team 014,Player 018,Team 004,3,0,Away
24,4,Player 018,Team 004,Player 031,Team 014,3,2,Home
24,4,Player 031,Team 014,Player 018,Team 004,2,3,Away
24,4,Player 018,Team 004,Player 084,Team 014,0,3,Home
24,4,Player 084,Team 014,Player 018,Team 004,3,0,Away
24,4,Player 018,Team 004,Player 044,Team 014,3,1,Home
24,4,Player 044,Team 014,Player 018,Team 004,1,3,Away
24,4,Player 075,Team 004,Player 071,Team 014,0,3,Home
24,4,Player 071,Team 014,Player 075,Team 004,3,0,Away
24,4,Player 075,Team 004,Player 031,Team 014,0,3,Home
24,4,Player 031,Team 014,Player 075,Team 004,3,0,Away
24,4,Player 075,Team 004,Player 084,Team 014,3,0,Home
24,4,Player 084,Team 014,Player 075,Team 004,0,3,Away
24,4,Player 075,Team 004,Player 044,Team 014,3,0,Home
24,4,Player 044,Team 014,Player 075,Team 004,0,3,Away
24,5,Player 008,Team 003,Player 028,Team 012,1,3,Home
24,5,Player 028,Team 012,Player 008,Team 003,3,1,Away
24,5,Player 008,Team 003,Player 025,Team 012,3,1,Home
24,5,Player 025,Team 012,Player 008,Team 003,1,3,Away
24,5,Player 008,Team 003,Player 039,Team 012,0,3,Home
24,5,Player 039,Team 012,Player 008,Team 003,3,0,Away
24,5,Player 008,Team 003,Player 083,Team 012,3,0,Home
24,5,Player 083,Team 012,Player 008,Team 003,0,3,Away
24,5,Player 067,Team 003,Player 028,Team 012,3,2,Home
24,5,Player 028,Team 012,Player 067,Team 003,2,3,Away
24,5,Player 067,Team 003,Player 025,Team 012,3,0,Home
24,5,Player 025,Team 012,Player 067,Team 003,0,3,Away
24,5,Player 067,Team 003,Player 039,Team 012,3,0,Home
24,5,Player 039,Team 012,Player 067,Team 003,0,3,Away
24,5,Player 067,Team 003,Player 083,Team 012,3,0,Home
24,5,Player 083,Team 012,Player 067,Team 003,0,3,Away
24,5,Player 003,Team 003,Player 028,Team 012,2,3,Home
24,5,Player 028,Team 012,Player 003,Team 003,3,2,Away
24,5,Player 003,Team 003,Player 025,Team 012,3,2,Home
24,5,Player 025,Team 012,Player 003,Team 003,2,3,Away
24,5,Player 003,Team 003,Player 039,Team 012,3,2,Home
24,5,Player 039,Team 012,Player 003,Team 003,2,3,Away
24,5,Player 003,Team 003,Player 083,Team 012,3,0,Home
24,5,Player 083,Team 012,Player 003,Team 003,0,3,Away
24,5,Player 125,Team 003,Player 028,Team 012,0,3,Home
24,5,Player 028,Team 012,Player 125,Team 003,3,0,Away
24,5,Player 125,Team 003,Player 025,Team 012,1,3,Home
24,5,Player 025,Team 012,Player 125,Team 003,3,1,Away
24,5,Player 125,Team 003,Player 039,Team 012,2,3,Home
24,5,Player 039,Team 012,Player 125,Team 003,3,2,Away
24,5,Player 125,Team 003,Player 083,Team 012,0,3,Home
24,5,Player 083,Team 012,Player 125,Team 003,3,0,Away
24,6,Player 058,Team 009,Player 040,Team 005,0,3,Home
24,6,Player 040,Team 005,Player 058,Team 009,3,0,Away
24,6,Player 058,Team 009,Player 061,Team 005,0,3,Home
24,6,Player 061,Team 005,Player 058,Team 009,3,0,Away
24,6,Player 058,Team 009,Player 012,Team 005,0,3,Home
24,6,Player 012,Team 005,Player 058,Team 009,3,0,Away
24,6,Player 058,Team 009,Player 038,Team 005,0,3,Home
24,6,Player 038,Team 005,Player 058,Team 009,3,0,Away
24,6,Player 080,Team 009,Player 040,Team 005,1,3,Home
24,6,Player 040,Team 005,Player 080,Team 009,3,1,Away
24,6,Player 080,Team 009,Player 061,Team 005,3,0,Home
24,6,Player 061,Team 005,Player 080,Team 009,0,3,Away
24,6,Player 080,Team 009,Player 012,Team 005,0,3,Home
24,6,Player 012,Team 005,Player 080,Team 009,3,0,Away
24,6,Player 080,Team 009,Player 038,Team 005,0,3,Home
24,6,Player 038,Team 005,Player 080,Team 009,3,0,Away
24,6,Player 079,Team 009,Player 040,Team 005,3,0,Home
24,6,Player 040,Team 005,Player 079,Team 009,0,3,Away
24,6,Player 079,Team 009,Player 061,Team 005,3,1,Home
24,6,Player 061,Team 005,Player 079,Team 009,1,3,Away
24,6,Player 079,Team 009,Player 012,Team 005,0,3,Home
24,6,Player 012,Team 005,Player 079,Team 009,3,0,Away
24,6,Player 079,Team 009,Player 038,Team 005,2,3,Home
24,6,Player 038,Team 005,Player 079,Team 009,3,2,Away
24,6,(játék nélkül),Team 009,Player 040,Team 005,0,3,Home
24,6,Player 040,Team 005,(játék nélkül),Team 009,3,0,Away
24,6,(játék nélkül),Team 009,Player 061,Team 005,0,3,Home
24,6,Player 061,Team 005,(játék nélkül),Team 009,3,0,Away
24,6,(játék nélkül),Team 009,Player 012,Team 005,0,3,Home
24,6,Player 012,Team 005,(játék nélkül),Team 009,3,0,Away
24,6,(játék nélkül),Team 009,Player 038,Team 005,0,3,Home
24,6,Player 038,Team 005,(játék nélkül),Team 009,3,0,Away
24,7,Player 086,Team 016,Player 076,Team 001,0,3,Home
24,7,Player 076,Team 001,Player 086,Team 016,3,0,Away
24,7,Player 086,Team 016,Player 100,Team 001,0,3,Home
24,7,Player 100,Team 001,Player 086,Team 016,3,0,Away
24,7,Player 086,Team 016,Player 101,Team 001,0,3,Home
24,7,Player 101,Team 001,Player 086,Team 016,3,0,Away
24,7,Player 086,Team 016,Player 122,Team 001,0,3,Home
24,7,Player 122,Team 001,Player 086,Team 016,3,0,Away
24,7,Player 087,Team 016,Player 076,Team 001,0,3,Home
24,7,Player 076,Team 001,Player 087,Team 016,3,0,Away
24,7,Player 087,Team 016,Player 100,Team 001,0,3,Home
24,7,Player 100,Team 001,Player 087,Team 016,3,0,Away
24,7,Player 087,Team 016,Player 101,Team 001,3,1,Home
24,7,Player 101,Team 001,Player 087,Team 016,1,3,Away
24,7,Player 087,Team 016,Player 122,Team 001,0,3,Home
24,7,Player 122,Team 001,Player 087,Team 016,3,0,Away
24,7,Player 085,Team 016,Player 076,Team 001,0,3,Home
24,7,Player 076,Team 001,Player 085,Team 016,3,0,Away
24,7,Player 085,Team 016,Player 100,Team 001,0,3,Home
24,7,Player 100,Team 001,Player 085,Team 016,3,0,Away
24,7,Player 085,Team 016,Player 101,Team 001,2,3,Home
24,7,Player 101,Team 001,Player 085,Team 016,3,2,Away
24,7,Player 085,Team 016,Player 122,Team 001,0,3,Home
24,7,Player 122,Team 001,Player 085,Team 016,3,0,Away
24,7,Player 057,Team 016,Player 076,Team 001,0,3,Home
24,7,Player 076,Team 001,Player 057,Team 016,3,0,Away
24,7,Player 057,Team 016,Player 100,Team 001,0,3,Home
24,7,Player 100,Team 001,Player 057,Team 016,3,0,Away
24,7,Player 057,Team 016,Player 101,Team 001,2,3,Home
24,7,Player 101,Team 001,Player 057,Team 016,3,2,Away
24,7,Player 057,Team 016,Player 122,Team 001,1,3,Home
24,7,Player 122,Team 001,Player 057,Team 016,3,1,Away
24,8,Player 029,Team 013,Player 046,Team 015,3,2,Home
24,8,Player 046,Team 015,Player 029,Team 013,2,3,Away
24,8,Player 029,Team 013,Player 048,Team 015,3,1,Home
24,8,Player 048,Team 015,Player 029,Team 013,1,3,Away
24,8,Player 029,Team 013,Player 056,Team 015,3,1,Home
24,8,Player 056,Team 015,Player 029,Team 013,1,3,Away
24,8,Player 029,Team 013,Player 047,Team 015,0,3,Home
24,8,Player 047,Team 015,Player 029,Team 013,3,0,Away
24,8,Player 051,Team 013,Player 046,Team 015,1,3,Home
24,8,Player 046,Team 015,Player 051,Team 013,3,1,Away
24,8,Player 051,Team 013,Player 048,Team 015,0,3,Home
24,8,Player 048,Team 015,Player 051,Team 013,3,0,Away
24,8,Player 051,Team 013,Player 056,Team 015,0,3,Home
24,8,Player 056,Team 015,Player 051,Team 013,3,0,Away
24,8,Player 051,Team 013,Player 047,Team 015,0,3,Home
24,8,Player 047,Team 015,Player 051,Team 013,3,0,Away
24,8,Player 113,Team 013,Player 046,Team 015,0,3,Home
24,8,Player 046,Team 015,Player 113,Team 013,3,0,Away
24,8,Player 113,Team 013,Player 048,Team 015,0,3,Home
24,8,Player 048,Team 015,Player 113,Team 013,3,0,Away
24,8,Player 113,Team 013,Player 056,Team 015,0,3,Home
24,8,Player 056,Team 015,Player 113,Team 013,3,0,Away
24,8,Player 113,Team 013,Player 047,Team 015,0,3,Home
24,8,Player 047,Team 015,Player 113,Team 013,3,0,Away
24,8,(játék nélkül),Team 013,Player 046,Team 015,0,3,Home
24,8,Player 046,Team 015,(játék nélkül),Team 013,3,0,Away
24,8,(játék nélkül),Team 013,Player 048,Team 015,0,3,Home
24,8,Player 048,Team 015,(játék nélkül),Team 013,3,0,Away
24,8,(játék nélkül),Team 013,Player 056,Team 015,0,3,Home
24,8,Player 056,Team 015,(játék nélkül),Team 013,3,0,Away
24,8,(játék nélkül),Team 013,Player 047,Team 015,0,3,Home
24,8,Player 047,Team 015,(játék nélkül),Team 013,3,0,Away
25,1,Player 064,Team 010,Player 075,Team 004,0,3,Home
25,1,Player 075,Team 004,Player 064,Team 010,3,0,Away
25,1,Player 064,Team 010,Player 004,Team 004,0,3,Home
25,1,Player 004,Team 004,Player 064,Team 010,3,0,Away
25,1,Player 064,Team 010,Player 018,Team 004,0,3,Home
25,1,Player 018,Team 004,Player 064,Team 010,3,0,Away
25,1,Player 064,Team 010,Player 017,Team 004,0,3,Home
25,1,Player 017,Team 004,Player 064,Team 010,3,0,Away
25,1,Player 063,Team 010,Player 075,Team 004,0,3,Home
25,1,Player 075,Team 004,Player 063,Team 010,3,0,Away
25,1,Player 063,Team 010,Player 004,Team 004,0,3,Home
25,1,Player 004,Team 004,Player 063,Team 010,3,0,Away
25,1,Player 063,Team 010,Player 018,Team 004,0,3,Home
25,1,Player 018,Team 004,Player 063,Team 010,3,0,Away
25,1,Player 063,Team 010,Player 017,Team 004,0,3,Home
25,1,Player 017,Team 004,Player 063,Team 010,3,0,Away
25,1,Player 103,Team 010,Player 075,Team 004,2,3,Home
25,1,Player 075,Team 004,Player 103,Team 010,3,2,Away
25,1,Player 103,Team 010,Player 004,Team 004,0,3,Home
25,1,Player 004,Team 004,Player 103,Team 010,3,0,Away
25,1,Player 103,Team 010,Player 018,Team 004,0,3,Home
25,1,Player 018,Team 004,Player 103,Team 010,3,0,Away
25,1,Player 103,Team 010,Player 017,Team 004,0,3,Home
25,1,Player 017,Team 004,Player 103,Team 010,3,0,Away
25,1,Player 024,Team 010,Player 075,Team 004,3,0,Home
25,1,Player 075,Team 004,Player 024,Team 010,0,3,Away
25,1,Player 024,Team 010,Player 004,Team 004,0,3,Home
25,1,Player 004,Team 004,Player 024,Team 010,3,0,Away
25,1,Player 024,Team 010,Player 018,Team 004,1,3,Home
25,1,Player 018,Team 004,Player 024,Team 010,3,1,Away
25,1,Player 024,Team 010,Player 017,Team 004,1,3,Home
25,1,Player 017,Team 004,Player 024,Team 010,3,1,Away
25,2,Player 010,Team 006,Player 003,Team 003,0,3,Home
25,2,Player 003,Team 003,Player 010,Team 006,3,0,Away
25,2,Player 010,Team 006,Player 067,Team 003,0,3,Home
25,2,Player 067,Team 003,Player 010,Team 006,3,0,Away
25,2,Player 010,Team 006,Player 125,Team 003,3,0,Home
25,2,Player 125,Team 003,Player 010,Team 006,0,3,Away
25,2,Player 010,Team 006,Player 008,Team 003,2,3,Home
25,2,Player 008,Team 003,Player 010,Team 006,3,2,Away
25,2,Player 102,Team 006,Player 003,Team 003,0,3,Home
25,2,Player 003,Team 003,Player 102,Team 006,3,0,Away
25,2,Player 102,Team 006,Player 067,Team 003,0,3,Home
25,2,Player 067,Team 003,Player 102,Team 006,3,0,Away
25,2,Player 102,Team 006,Player 125,Team 003,3,1,Home
25,2,Player 125,Team 003,Player 102,Team 006,1,3,Away
25,2,Player 102,Team 006,Player 008,Team 003,0,3,Home
25,2,Player 008,Team 003,Player 102,Team 006,3,0,Away
25,2,Player 032,Team 006,Player 003,Team 003,3,2,Home
25,2,Player 003,Team 003,Player 032,Team 006,2,3,Away
25,2,Player 032,Team 006,Player 067,Team 003,0,3,Home
25,2,Player 067,Team 003,Player 032,Team 006,3,0,Away
25,2,Player 032,Team 006,Player 125,Team 003,2,3,Home
25,2,Player 125,Team 003,Player 032,Team 006,3,2,Away
25,2,Player 032,Team 006,Player 008,Team 003,2,3,Home
25,2,Player 008,Team 003,Player 032,Team 006,3,2,Away
25,2,Player 094,Team 006,Player 003,Team 003,0,3,Home
25,2,Player 003,Team 003,Player 094,Team 006,3,0,Away
25,2,Player 094,Team 006,Player 067,Team 003,0,3,Home
25,2,Player 067,Team 003,Player 094,Team 006,3,0,Away
25,2,Player 094,Team 006,Player 125,Team 003,0,3,Home
25,2,Player 125,Team 003,Player 094,Team 006,3,0,Away
25,2,Player 094,Team 006,Player 008,Team 003,0,3,Home
25,2,Player 008,Team 003,Player 094,Team 006,3,0,Away
25,3,Player 001,Team 001,Player 021,Team 011,3,1,Home
25,3,Player 021,Team 011,Player 001,Team 001,1,3,Away
25,3,Player 001,Team 001,Player 072,Team 011,3,1,Home
25,3,Player 072,Team 011,Player 001,Team 001,1,3,Away
25,3,Player 001,Team 001,Player 022,Team 011,3,0,Home
25,3,Player 022,Team 011,Player 001,Team 001,0,3,Away
25,3,Player 001,Team 001,Player 082,Team 011,3,0,Home
25,3,Player 082,Team 011,Player 001,Team 001,0,3,Away
25,3,Player 007,Team 001,Player 021,Team 011,3,0,Home
25,3,Player 021,Team 011,Player 007,Team 001,0,3,Away
25,3,Player 007,Team 001,Player 072,Team 011,3,1,Home
25,3,Player 072,Team 011,Player 007,Team 001,1,3,Away
25,3,Player 007,Team 001,Player 022,Team 011,3,0,Home
25,3,Player 022,Team 011,Player 007,Team 001,0,3,Away
25,3,Player 007,Team 001,Player 082,Team 011,3,0,Home
25,3,Player 082,Team 011,Player 007,Team 001,0,3,Away
25,3,Player 100,Team 001,Player 021,Team 011,3,1,Home
25,3,Player 021,Team 011,Player 100,Team 001,1,3,Away
25,3,Player 100,Team 001,Player 072,Team 011,3,1,Home
25,3,Player 072,Team 011,Player 100,Team 001,1,3,Away
25,3,Player 100,Team 001,Player 022,Team 011,3,0,Home
25,3,Player 022,Team 011,Player 100,Team 001,0,3,Away
25,3,Player 100,Team 001,Player 082,Team 011,3,0,Home
25,3,Player 082,Team 011,Player 100,Team 001,0,3,Away
25,3,Player 013,Team 001,Player 021,Team 011,3,0,Home
25,3,Player 021,Team 011,Player 013,Team 001,0,3,Away
25,3,Player 013,Team 001,Player 072,Team 011,3,0,Home
25,3,Player 072,Team 011,Player 013,Team 001,0,3,Away
25,3,Player 013,Team 001,Player 022,Team 011,3,1,Home
25,3,Player 022,Team 011,Player 013,Team 001,1,3,Away
25,3,Player 013,Team 001,Player 082,Team 011,3,1,Home
25,3,Player 082,Team 011,Player 013,Team 001,1,3,Away
25,4,Player 048,Team 015,Player 071,Team 014,0,3,Home
25,4,Player 071,Team 014,Player 048,Team 015,3,0,Away
25,4,Player 048,Team 015,Player 031,Team 014,1,3,Home
25,4,Player 031,Team 014,Player 048,Team 015,3,1,Away
25,4,Player 048,Team 015,Player 043,Team 014,2,3,Home
25,4,Player 043,Team 014,Player 048,Team 015,3,2,Away
25,4,Player 048,Team 015,Player 084,Team 014,2,3,Home
25,4,Player 084,Team 014,Player 048,Team 015,3,2,Away
25,4,Player 047,Team 015,Player 071,Team 014,0,3,Home
25,4,Player 071,Team 014,Player 047,Team 015,3,0,Away
25,4,Player 047,Team 015,Player 031,Team 014,1,3,Home
25,4,Player 031,Team 014,Player 047,Team 015,3,1,Away
25,4,Player 047,Team 015,Player 043,Team 014,1,3,Home
25,4,Player 043,Team 014,Player 047,Team 015,3,1,Away
25,4,Player 047,Team 015,Player 084,Team 014,3,1,Home
25,4,Player 084,Team 014,Player 047,Team 015,1,3,Away
25,4,Player 046,Team 015,Player 071,Team 014,3,2,Home
25,4,Player 071,Team 014,Player 046,Team 015,2,3,Away
25,4,Player 046,Team 015,Player 031,Team 014,1,3,Home
25,4,Player 031,Team 014,Player 046,Team 015,3,1,Away
25,4,Player 046,Team 015,Player 043,Team 014,3,0,Home
25,4,Player 043,Team 014,Player 046,Team 015,0,3,Away
25,4,Player 046,Team 015,Player 084,Team 014,0,3,Home
25,4,Player 084,Team 014,Player 046,Team 015,3,0,Away
25,4,Player 056,Team 015,Player 071,Team 014,0,3,Home
25,4,Player 071,Team 014,Player 056,Team 015,3,0,Away
25,4,Player 056,Team 015,Player 031,Team 014,1,3,Home
25,4,Player 031,Team 014,Player 056,Team 015,3,1,Away
25,4,Player 056,Team 015,Player 043,Team 014,0,3,Home
25,4,Player 043,Team 014,Player 056,Team 015,3,0,Away
25,4,Player 056,Team 015,Player 084,Team 014,1,3,Home
25,4,Player 084,Team 014,Player 056,Team 015,3,1,Away
25,5,Player 035,Team 008,Player 118,Team 007,1,3,Home
25,5,Player 118,Team 007,Player 035,Team 008,3,1,Away
25,5,Player 035,Team 008,Player 034,Team 007,3,1,Home
25,5,Player 034,Team 007,Player 035,Team 008,1,3,Away
25,5,Player 035,Team 008,Player 026,Team 007,0,3,Home
25,5,Player 026,Team 007,Player 035,Team 008,3,0,Away
25,5,Player 035,Team 008,Player 116,Team 007,0,3,Home
25,5,Player 116,Team 007,Player 035,Team 008,3,0,Away
25,5,Player 077,Team 008,Player 118,Team 007,1,3,Home
25,5,Player 118,Team 007,Player 077,Team 008,3,1,Away
25,5,Player 077,Team 008,Player 034,Team 007,3,2,Home
25,5,Player 034,Team 007,Player 077,Team 008,2,3,Away
25,5,Player 077,Team 008,Player 026,Team 007,2,3,Home
25,5,Player 026,Team 007,Player 077,Team 008,3,2,Away
25,5,Player 077,Team 008,Player 116,Team 007,0,3,Home
25,5,Player 116,Team 007,Player 077,Team 008,3,0,Away
25,5,Player 037,Team 008,Player 118,Team 007,0,3,Home
25,5,Player 118,Team 007,Player 037,Team 008,3,0,Away
25,5,Player 037,Team 008,Player 034,Team 007,3,0,Home
25,5,Player 034,Team 007,Player 037,Team 008,0,3,Away
25,5,Player 037,Team 008,Player 026,Team 007,2,3,Home
25,5,Player 026,Team 007,Player 037,Team 008,3,2,Away
25,5,Player 037,Team 008,Player 116,Team 007,1,3,Home
25,5,Player 116,Team 007,Player 037,Team 008,3,1,Away
25,5,Player 016,Team 008,Player 118,Team 007,3,0,Home
25,5,Player 118,Team 007,Player 016,Team 008,0,3,Away
25,5,Player 016,Team 008,Player 034,Team 007,3,1,Home
25,5,Player 034,Team 007,Player 016,Team 008,1,3,Away
25,5,Player 016,Team 008,Player 116,Team 007,3,1,Home
25,5,Player 116,Team 007,Player 016,Team 008,1,3,Away
25,5,Player 108,Team 008,Player 026,Team 007,0,3,Home
25,5,Player 026,Team 007,Player 108,Team 008,3,0,Away
25,6,Player 038,Team 005,Player 041,Team 002,3,2,Home
25,6,Player 041,Team 002,Player 038,Team 005,2,3,Away
25,6,Player 038,Team 005,Player 078,Team 002,3,0,Home
25,6,Player 078,Team 002,Player 038,Team 005,0,3,Away
25,6,Player 038,Team 005,Player 054,Team 002,3,0,Home
25,6,Player 054,Team 002,Player 038,Team 005,0,3,Away
25,6,Player 038,Team 005,Player 002,Team 002,0,3,Home
25,6,Player 002,Team 002,Player 038,Team 005,3,0,Away
25,6,Player 061,Team 005,Player 041,Team 002,3,0,Home
25,6,Player 041,Team 002,Player 061,Team 005,0,3,Away
25,6,Player 061,Team 005,Player 078,Team 002,3,0,Home
25,6,Player 078,Team 002,Player 061,Team 005,0,3,Away
25,6,Player 061,Team 005,Player 054,Team 002,3,1,Home
25,6,Player 054,Team 002,Player 061,Team 005,1,3,Away
25,6,Player 061,Team 005,Player 002,Team 002,0,3,Home
25,6,Player 002,Team 002,Player 061,Team 005,3,0,Away
25,6,Player 012,Team 005,Player 041,Team 002,3,0,Home
25,6,Player 041,Team 002,Player 012,Team 005,0,3,Away
25,6,Player 012,Team 005,Player 078,Team 002,3,0,Home
25,6,Player 078,Team 002,Player 012,Team 005,0,3,Away
25,6,Player 012,Team 005,Player 054,Team 002,3,0,Home
25,6,Player 054,Team 002,Player 012,Team 005,0,3,Away
25,6,Player 012,Team 005,Player 002,Team 002,3,1,Home
25,6,Player 002,Team 002,Player 012,Team 005,1,3,Away
25,6,Player 006,Team 005,Player 041,Team 002,3,2,Home
25,6,Player 041,Team 002,Player 006,Team 005,2,3,Away
25,6,Player 006,Team 005,Player 078,Team 002,3,1,Home
25,6,Player 078,Team 002,Player 006,Team 005,1,3,Away
25,6,Player 006,Team 005,Player 054,Team 002,3,0,Home
25,6,Player 054,Team 002,Player 006,Team 005,0,3,Away
25,6,Player 006,Team 005,Player 002,Team 002,3,2,Home
25,6,Player 002,Team 002,Player 006,Team 005,2,3,Away
25,7,Player 039,Team 012,Player 085,Team 016,3,0,Home
25,7,Player 085,Team 016,Player 039,Team 012,0,3,Away
25,7,Player 039,Team 012,Player 087,Team 016,3,0,Home
25,7,Player 087,Team 016,Player 039,Team 012,0,3,Away
25,7,Player 039,Team 012,Player 057,Team 016,3,0,Home
25,7,Player 057,Team 016,Player 039,Team 012,0,3,Away
25,7,Player 039,Team 012,Player 086,Team 016,3,0,Home
25,7,Player 086,Team 016,Player 039,Team 012,0,3,Away
25,7,Player 124,Team 012,Player 087,Team 016,0,3,Home
25,7,Player 087,Team 016,Player 124,Team 012,3,0,Away
25,7,Player 124,Team 012,Player 057,Team 016,0,3,Home
25,7,Player 057,Team 016,Player 124,Team 012,3,0,Away
25,7,Player 109,Team 012,Player 085,Team 016,0,3,Home
25,7,Player 085,Team 016,Player 109,Team 012,3,0,Away
25,7,Player 109,Team 012,Player 087,Team 016,3,1,Home
25,7,Player 087,Team 016,Player 109,Team 012,1,3,Away
25,7,Player 109,Team 012,Player 057,Team 016,3,0,Home
25,7,Player 057,Team 016,Player 109,Team 012,0,3,Away
25,7,Player 109,Team 012,Player 059,Team 016,3,1,Home
25,7,Player 059,Team 016,Player 109,Team 012,1,3,Away
25,7,Player 121,Team 012,Player 085,Team 016,1,3,Home
25,7,Player 085,Team 016,Player 121,Team 012,3,1,Away
25,7,Player 121,Team 012,Player 087,Team 016,0,3,Home
25,7,Player 087,Team 016,Player 121,Team 012,3,0,Away
25,7,Player 121,Team 012,Player 057,Team 016,0,3,Home
25,7,Player 057,Team 016,Player 121,Team 012,3,0,Away
25,7,Player 121,Team 012,Player 059,Team 016,0,3,Home
25,7,Player 059,Team 016,Player 121,Team 012,3,0,Away
25,7,Player 028,Team 012,Player 085,Team 016,1,3,Home
25,7,Player 085,Team 016,Player 028,Team 012,3,1,Away
25,7,Player 028,Team 012,Player 086,Team 016,3,0,Home
25,7,Player 086,Team 016,Player 028,Team 012,0,3,Away
25,8,Player 052,Team 013,Player 029,Team 009,3,2,Home
25,8,Player 029,Team 009,Player 052,Team 013,2,3,Away
25,8,Player 052,Team 013,Player 080,Team 009,3,0,Home
25,8,Player 080,Team 009,Player 052,Team 013,0,3,Away
25,8,Player 052,Team 013,Player 120,Team 009,3,0,Home
25,8,Player 120,Team 009,Player 052,Team 013,0,3,Away
25,8,Player 052,Team 013,Player 079,Team 009,3,0,Home
25,8,Player 079,Team 009,Player 052,Team 013,0,3,Away
25,8,Player 029,Team 013,Player 029,Team 009,3,0,Home
25,8,Player 029,Team 009,Player 029,Team 013,0,3,Away
25,8,Player 029,Team 013,Player 080,Team 009,3,2,Home
25,8,Player 080,Team 009,Player 029,Team 013,2,3,Away
25,8,Player 029,Team 013,Player 120,Team 009,3,1,Home
25,8,Player 120,Team 009,Player 029,Team 013,1,3,Away
25,8,Player 029,Team 013,Player 079,Team 009,3,0,Home
25,8,Player 079,Team 009,Player 029,Team 013,0,3,Away
25,8,Player 051,Team 013,Player 029,Team 009,0,3,Home
25,8,Player 029,Team 009,Player 051,Team 013,3,0,Away
25,8,Player 051,Team 013,Player 080,Team 009,0,3,Home
25,8,Player 080,Team 009,Player 051,Team 013,3,0,Away
25,8,Player 051,Team 013,Player 120,Team 009,0,3,Home
25,8,Player 120,Team 009,Player 051,Team 013,3,0,Away
25,8,Player 051,Team 013,Player 079,Team 009,0,3,Home
25,8,Player 079,Team 009,Player 051,Team 013,3,0,Away
25,8,Player 066,Team 013,Player 029,Team 009,3,0,Home
25,8,Player 029,Team 009,Player 066,Team 013,0,3,Away
25,8,Player 066,Team 013,Player 080,Team 009,3,0,Home
25,8,Player 080,Team 009,Player 066,Team 013,0,3,Away
25,8,Player 066,Team 013,Player 120,Team 009,3,1,Home
25,8,Player 120,Team 009,Player 066,Team 013,1,3,Away
25,8,Player 066,Team 013,Player 079,Team 009,3,1,Home
25,8,Player 079,Team 009,Player 066,Team 013,1,3,Away
26,1,Player 071,Team 014,Player 064,Team 010,3,0,Home
26,1,Player 064,Team 010,Player 071,Team 014,0,3,Away
26,1,Player 071,Team 014,Player 103,Team 010,3,0,Home
26,1,Player 103,Team 010,Player 071,Team 014,0,3,Away
26,1,Player 071,Team 014,Player 024,Team 010,3,1,Home
26,1,Player 024,Team 010,Player 071,Team 014,1,3,Away
26,1,Player 071,Team 014,Player 063,Team 010,3,0,Home
26,1,Player 063,Team 010,Player 071,Team 014,0,3,Away
26,1,Player 043,Team 014,Player 064,Team 010,3,0,Home
26,1,Player 064,Team 010,Player 043,Team 014,0,3,Away
26,1,Player 043,Team 014,Player 103,Team 010,3,0,Home
26,1,Player 103,Team 010,Player 043,Team 014,0,3,Away
26,1,Player 043,Team 014,Player 024,Team 010,1,3,Home
26,1,Player 024,Team 010,Player 043,Team 014,3,1,Away
26,1,Player 043,Team 014,Player 063,Team 010,3,0,Home
26,1,Player 063,Team 010,Player 043,Team 014,0,3,Away
26,1,Player 084,Team 014,Player 064,Team 010,3,0,Home
26,1,Player 064,Team 010,Player 084,Team 014,0,3,Away
26,1,Player 084,Team 014,Player 103,Team 010,2,3,Home
26,1,Player 103,Team 010,Player 084,Team 014,3,2,Away
26,1,Player 084,Team 014,Player 024,Team 010,0,3,Home
26,1,Player 024,Team 010,Player 084,Team 014,3,0,Away
26,1,Player 084,Team 014,Player 063,Team 010,3,0,Home
26,1,Player 063,Team 010,Player 084,Team 014,0,3,Away
26,1,Player 031,Team 014,Player 064,Team 010,3,0,Home
26,1,Player 064,Team 010,Player 031,Team 014,0,3,Away
26,1,Player 031,Team 014,Player 103,Team 010,3,0,Home
26,1,Player 103,Team 010,Player 031,Team 014,0,3,Away
26,1,Player 031,Team 014,Player 024,Team 010,3,0,Home
26,1,Player 024,Team 010,Player 031,Team 014,0,3,Away
26,1,Player 031,Team 014,Player 063,Team 010,3,0,Home
26,1,Player 063,Team 010,Player 031,Team 014,0,3,Away
26,2,Player 041,Team 002,Player 051,Team 013,3,1,Home
26,2,Player 051,Team 013,Player 041,Team 002,1,3,Away
26,2,Player 041,Team 002,Player 113,Team 013,3,0,Home
26,2,Player 113,Team 013,Player 041,Team 002,0,3,Away
26,2,Player 041,Team 002,Player 029,Team 013,1,3,Home
26,2,Player 029,Team 013,Player 041,Team 002,3,1,Away
26,2,Player 041,Team 002,(játék nélkül),Team 013,3,0,Home
26,2,(játék nélkül),Team 013,Player 041,Team 002,0,3,Away
26,2,Player 053,Team 002,Player 051,Team 013,3,0,Home
26,2,Player 051,Team 013,Player 053,Team 002,0,3,Away
26,2,Player 053,Team 002,Player 113,Team 013,3,2,Home
26,2,Player 113,Team 013,Player 053,Team 002,2,3,Away
26,2,Player 053,Team 002,Player 029,Team 013,0,3,Home
26,2,Player 029,Team 013,Player 053,Team 002,3,0,Away
26,2,Player 053,Team 002,(játék nélkül),Team 013,3,0,Home
26,2,(játék nélkül),Team 013,Player 053,Team 002,0,3,Away
26,2,Player 002,Team 002,Player 051,Team 013,3,0,Home
26,2,Player 051,Team 013,Player 002,Team 002,0,3,Away
26,2,Player 002,Team 002,Player 113,Team 013,3,0,Home
26,2,Player 113,Team 013,Player 002,Team 002,0,3,Away
26,2,Player 002,Team 002,Player 029,Team 013,2,3,Home
26,2,Player 029,Team 013,Player 002,Team 002,3,2,Away
26,2,Player 002,Team 002,(játék nélkül),Team 013,3,0,Home
26,2,(játék nélkül),Team 013,Player 002,Team 002,0,3,Away
26,2,Player 078,Team 002,Player 051,Team 013,0,3,Home
26,2,Player 051,Team 013,Player 078,Team 002,3,0,Away
26,2,Player 078,Team 002,Player 113,Team 013,2,3,Home
26,2,Player 113,Team 013,Player 078,Team 002,3,2,Away
26,2,Player 078,Team 002,Player 029,Team 013,0,3,Home
26,2,Player 029,Team 013,Player 078,Team 002,3,0,Away
26,2,Player 078,Team 002,(játék nélkül),Team 013,3,0,Home
26,2,(játék nélkül),Team 013,Player 078,Team 002,0,3,Away
26,3,Player 021,Team 011,Player 028,Team 012,3,2,Home
26,3,Player 028,Team 012,Player 021,Team 011,2,3,Away
26,3,Player 021,Team 011,Player 025,Team 012,3,2,Home
26,3,Player 025,Team 012,Player 021,Team 011,2,3,Away
26,3,Player 021,Team 011,Player 039,Team 012,3,0,Home
26,3,Player 039,Team 012,Player 021,Team 011,0,3,Away
26,3,Player 021,Team 011,Player 083,Team 012,3,0,Home
26,3,Player 083,Team 012,Player 021,Team 011,0,3,Away
26,3,Player 072,Team 011,Player 028,Team 012,3,1,Home
26,3,Player 028,Team 012,Player 072,Team 011,1,3,Away
26,3,Player 072,Team 011,Player 025,Team 012,3,1,Home
26,3,Player 025,Team 012,Player 072,Team 011,1,3,Away
26,3,Player 072,Team 011,Player 039,Team 012,3,2,Home
26,3,Player 039,Team 012,Player 072,Team 011,2,3,Away
26,3,Player 072,Team 011,Player 083,Team 012,3,1,Home
26,3,Player 083,Team 012,Player 072,Team 011,1,3,Away
26,3,Player 023,Team 011,Player 028,Team 012,0,3,Home
26,3,Player 028,Team 012,Player 023,Team 011,3,0,Away
26,3,Player 023,Team 011,Player 025,Team 012,0,3,Home
26,3,Player 025,Team 012,Player 023,Team 011,3,0,Away
26,3,Player 023,Team 011,Player 039,Team 012,3,2,Home
26,3,Player 039,Team 012,Player 023,Team 011,2,3,Away
26,3,Player 023,Team 011,Player 083,Team 012,2,3,Home
26,3,Player 083,Team 012,Player 023,Team 011,3,2,Away
26,3,Player 082,Team 011,Player 028,Team 012,0,3,Home
26,3,Player 028,Team 012,Player 082,Team 011,3,0,Away
26,3,Player 082,Team 011,Player 025,Team 012,1,3,Home
26,3,Player 025,Team 012,Player 082,Team 011,3,1,Away
26,3,Player 082,Team 011,Player 039,Team 012,2,3,Home
26,3,Player 039,Team 012,Player 082,Team 011,3,2,Away
26,3,Player 082,Team 011,Player 083,Team 012,1,3,Home
26,3,Player 083,Team 012,Player 082,Team 011,3,1,Away
26,4,Player 017,Team 004,Player 077,Team 008,2,3,Home
26,4,Player 077,Team 008,Player 017,Team 004,3,2,Away
26,4,Player 017,Team 004,Player 037,Team 008,1,3,Home
26,4,Player 037,Team 008,Player 017,Team 004,3,1,Away
26,4,Player 017,Team 004,Player 036,Team 008,0,3,Home
26,4,Player 036,Team 008,Player 017,Team 004,3,0,Away
26,4,Player 017,Team 004,Player 016,Team 008,3,1,Home
26,4,Player 016,Team 008,Player 017,Team 004,1,3,Away
26,4,Player 004,Team 004,Player 077,Team 008,3,0,Home
26,4,Player 077,Team 008,Player 004,Team 004,0,3,Away
26,4,Player 004,Team 004,Player 037,Team 008,3,2,Home
26,4,Player 037,Team 008,Player 004,Team 004,2,3,Away
26,4,Player 004,Team 004,Player 036,Team 008,3,1,Home
26,4,Player 036,Team 008,Player 004,Team 004,1,3,Away
26,4,Player 004,Team 004,Player 016,Team 008,3,1,Home
26,4,Player 016,Team 008,Player 004,Team 004,1,3,Away
26,4,Player 018,Team 004,Player 077,Team 008,0,3,Home
26,4,Player 077,Team 008,Player 018,Team 004,3,0,Away
26,4,Player 018,Team 004,Player 037,Team 008,1,3,Home
26,4,Player 037,Team 008,Player 018,Team 004,3,1,Away
26,4,Player 018,Team 004,Player 036,Team 008,3,2,Home
26,4,Player 036,Team 008,Player 018,Team 004,2,3,Away
26,4,Player 018,Team 004,Player 016,Team 008,3,1,Home
26,4,Player 016,Team 008,Player 018,Team 004,1,3,Away
26,4,Player 009,Team 004,Player 077,Team 008,3,1,Home
26,4,Player 077,Team 008,Player 009,Team 004,1,3,Away
26,4,Player 009,Team 004,Player 037,Team 008,3,2,Home
26,4,Player 037,Team 008,Player 009,Team 004,2,3,Away
26,4,Player 009,Team 004,Player 036,Team 008,3,0,Home
26,4,Player 036,Team 008,Player 009,Team 004,0,3,Away
26,4,Player 009,Team 004,Player 016,Team 008,3,1,Home
26,4,Player 016,Team 008,Player 009,Team 004,1,3,Away
26,5,Player 118,Team 007,Player 013,Team 001,1,3,Home
26,5,Player 013,Team 001,Player 118,Team 007,3,1,Away
26,5,Player 118,Team 007,Player 100,Team 001,1,3,Home
26,5,Player 100,Team 001,Player 118,Team 007,3,1,Away
26,5,Player 118,Team 007,Player 007,Team 001,1,3,Home
26,5,Player 007,Team 001,Player 118,Team 007,3,1,Away
26,5,Player 118,Team 007,Player 076,Team 001,1,3,Home
26,5,Player 076,Team 001,Player 118,Team 007,3,1,Away
26,5,Player 034,Team 007,Player 013,Team 001,1,3,Home
26,5,Player 013,Team 001,Player 034,Team 007,3,1,Away
26,5,Player 034,Team 007,Player 100,Team 001,0,3,Home
26,5,Player 100,Team 001,Player 034,Team 007,3,0,Away
26,5,Player 034,Team 007,Player 007,Team 001,0,3,Home
26,5,Player 007,Team 001,Player 034,Team 007,3,0,Away
26,5,Player 034,Team 007,Player 076,Team 001,0,3,Home
26,5,Player 076,Team 001,Player 034,Team 007,3,0,Away
26,5,Player 098,Team 007,Player 013,Team 001,0,3,Home
26,5,Player 013,Team 001,Player 098,Team 007,3,0,Away
26,5,Player 098,Team 007,Player 100,Team 001,0,3,Home
26,5,Player 100,Team 001,Player 098,Team 007,3,0,Away
26,5,Player 098,Team 007,Player 007,Team 001,0,3,Home
26,5,Player 007,Team 001,Player 098,Team 007,3,0,Away
26,5,Player 098,Team 007,Player 076,Team 001,0,3,Home
26,5,Player 076,Team 001,Player 098,Team 007,3,0,Away
26,5,Player 026,Team 007,Player 013,Team 001,3,2,Home
26,5,Player 013,Team 001,Player 026,Team 007,2,3,Away
26,5,Player 026,Team 007,Player 100,Team 001,2,3,Home
26,5,Player 100,Team 001,Player 026,Team 007,3,2,Away
26,5,Player 026,Team 007,Player 007,Team 001,0,3,Home
26,5,Player 007,Team 001,Player 026,Team 007,3,0,Away
26,5,Player 026,Team 007,Player 076,Team 001,3,2,Home
26,5,Player 076,Team 001,Player 026,Team 007,2,3,Away
26,6,Player 029,Team 009,Player 048,Team 015,3,1,Home
26,6,Player 048,Team 015,Player 029,Team 009,1,3,Away
26,6,Player 029,Team 009,Player 047,Team 015,0,3,Home
26,6,Player 047,Team 015,Player 029,Team 009,3,0,Away
26,6,Player 029,Team 009,Player 046,Team 015,0,3,Home
26,6,Player 046,Team 015,Player 029,Team 009,3,0,Away
26,6,Player 029,Team 009,Player 056,Team 015,2,3,Home
26,6,Player 056,Team 015,Player 029,Team 009,3,2,Away
26,6,Player 081,Team 009,Player 048,Team 015,1,3,Home
26,6,Player 048,Team 015,Player 081,Team 009,3,1,Away
26,6,Player 081,Team 009,Player 047,Team 015,2,3,Home
26,6,Player 047,Team 015,Player 081,Team 009,3,2,Away
26,6,Player 081,Team 009,Player 046,Team 015,1,3,Home
26,6,Player 046,Team 015,Player 081,Team 009,3,1,Away
26,6,Player 081,Team 009,Player 056,Team 015,0,3,Home
26,6,Player 056,Team 015,Player 081,Team 009,3,0,Away
26,6,Player 058,Team 009,Player 048,Team 015,0,3,Home
26,6,Player 048,Team 015,Player 058,Team 009,3,0,Away
26,6,Player 058,Team 009,Player 047,Team 015,1,3,Home
26,6,Player 047,Team 015,Player 058,Team 009,3,1,Away
26,6,Player 058,Team 009,Player 046,Team 015,0,3,Home
26,6,Player 046,Team 015,Player 058,Team 009,3,0,Away
26,6,Player 058,Team 009,Player 056,Team 015,0,3,Home
26,6,Player 056,Team 015,Player 058,Team 009,3,0,Away
26,6,Player 080,Team 009,Player 048,Team 015,3,0,Home
26,6,Player 048,Team 015,Player 080,Team 009,0,3,Away
26,6,Player 080,Team 009,Player 047,Team 015,0,3,Home
26,6,Player 047,Team 015,Player 080,Team 009,3,0,Away
26,6,Player 080,Team 009,Player 046,Team 015,1,3,Home
26,6,Player 046,Team 015,Player 080,Team 009,3,1,Away
26,6,Player 080,Team 009,Player 056,Team 015,0,3,Home
26,6,Player 056,Team 015,Player 080,Team 009,3,0,Away
26,7,Player 005,Team 003,Player 104,Team 005,3,0,Home
26,7,Player 104,Team 005,Player 005,Team 003,0,3,Away
26,7,Player 005,Team 003,Player 012,Team 005,0,3,Home
26,7,Player 012,Team 005,Player 005,Team 003,3,0,Away
26,7,Player 005,Team 003,Player 006,Team 005,1,3,Home
26,7,Player 006,Team 005,Player 005,Team 003,3,1,Away
26,7,Player 005,Team 003,Player 040,Team 005,0,3,Home
26,7,Player 040,Team 005,Player 005,Team 003,3,0,Away
26,7,Player 067,Team 003,Player 104,Team 005,3,0,Home
26,7,Player 104,Team 005,Player 067,Team 003,0,3,Away
26,7,Player 067,Team 003,Player 012,Team 005,2,3,Home
26,7,Player 012,Team 005,Player 067,Team 003,3,2,Away
26,7,Player 067,Team 003,Player 006,Team 005,1,3,Home
26,7,Player 006,Team 005,Player 067,Team 003,3,1,Away
26,7,Player 067,Team 003,Player 040,Team 005,3,0,Home
26,7,Player 040,Team 005,Player 067,Team 003,0,3,Away
26,7,Player 003,Team 003,Player 104,Team 005,3,0,Home
26,7,Player 104,Team 005,Player 003,Team 003,0,3,Away
26,7,Player 003,Team 003,Player 012,Team 005,1,3,Home
26,7,Player 012,Team 005,Player 003,Team 003,3,1,Away
26,7,Player 003,Team 003,Player 006,Team 005,0,3,Home
26,7,Player 006,Team 005,Player 003,Team 003,3,0,Away
26,7,Player 003,Team 003,Player 040,Team 005,3,1,Home
26,7,Player 040,Team 005,Player 003,Team 003,1,3,Away
26,7,Player 125,Team 003,Player 104,Team 005,3,0,Home
26,7,Player 104,Team 005,Player 125,Team 003,0,3,Away
26,7,Player 125,Team 003,Player 012,Team 005,3,2,Home
26,7,Player 012,Team 005,Player 125,Team 003,2,3,Away
26,7,Player 125,Team 003,Player 006,Team 005,1,3,Home
26,7,Player 006,Team 005,Player 125,Team 003,3,1,Away
26,7,Player 125,Team 003,Player 040,Team 005,3,2,Home
26,7,Player 040,Team 005,Player 125,Team 003,2,3,Away
26,8,Player 034,Team 007,Player 057,Team 016,3,2,Home
26,8,Player 057,Team 016,Player 034,Team 007,2,3,Away
26,8,Player 034,Team 007,Player 087,Team 016,3,1,Home
26,8,Player 087,Team 016,Player 034,Team 007,1,3,Away
26,8,Player 034,Team 007,Player 085,Team 016,0,3,Home
26,8,Player 085,Team 016,Player 034,Team 007,3,0,Away
26,8,Player 034,Team 007,Player 059,Team 016,3,1,Home
26,8,Player 059,Team 016,Player 034,Team 007,1,3,Away
26,8,Player 049,Team 007,Player 057,Team 016,0,3,Home
26,8,Player 057,Team 016,Player 049,Team 007,3,0,Away
26,8,Player 049,Team 007,Player 087,Team 016,0,3,Home
26,8,Player 087,Team 016,Player 049,Team 007,3,0,Away
26,8,Player 049,Team 007,Player 085,Team 016,2,3,Home
26,8,Player 085,Team 016,Player 049,Team 007,3,2,Away
26,8,Player 049,Team 007,Player 059,Team 016,0,3,Home
26,8,Player 059,Team 016,Player 049,Team 007,3,0,Away
26,8,Player 093,Team 007,Player 057,Team 016,3,2,Home
26,8,Player 057,Team 016,Player 093,Team 007,2,3,Away
26,8,Player 093,Team 007,Player 087,Team 016,2,3,Home
26,8,Player 087,Team 016,Player 093,Team 007,3,2,Away
26,8,Player 093,Team 007,Player 085,Team 016,0,3,Home
26,8,Player 085,Team 016,Player 093,Team 007,3,0,Away
26,8,Player 093,Team 007,Player 086,Team 016,3,0,Home
26,8,Player 086,Team 016,Player 093,Team 007,0,3,Away
26,8,Player 118,Team 007,Player 057,Team 016,3,2,Home
26,8,Player 057,Team 016,Player 118,Team 007,2,3,Away
26,8,Player 118,Team 007,Player 087,Team 016,3,0,Home
26,8,Player 087,Team 016,Player 118,Team 007,0,3,Away
26,8,Player 118,Team 007,Player 085,Team 016,3,0,Home
26,8,Player 085,Team 016,Player 118,Team 007,0,3,Away
26,8,Player 118,Team 007,Player 086,Team 016,3,0,Home
26,8,Player 086,Team 016,Player 118,Team 007,0,3,Away
26,9,Player 086,Team 016,Player 010,Team 006,0,3,Home
26,9,Player 010,Team 006,Player 086,Team 016,3,0,Away
26,9,Player 086,Team 016,Player 030,Team 006,3,2,Home
26,9,Player 030,Team 006,Player 086,Team 016,2,3,Away
26,9,Player 059,Team 016,Player 010,Team 006,0,3,Home
26,9,Player 010,Team 006,Player 059,Team 016,3,0,Away
26,9,Player 059,Team 016,Player 030,Team 006,3,0,Home
26,9,Player 030,Team 006,Player 059,Team 016,0,3,Away
26,9,Player 059,Team 016,Player 032,Team 006,3,1,Home
26,9,Player 032,Team 006,Player 059,Team 016,1,3,Away
26,9,Player 059,Team 016,Player 073,Team 006,2,3,Home
26,9,Player 073,Team 006,Player 059,Team 016,3,2,Away
26,9,Player 087,Team 016,Player 010,Team 006,0,3,Home
26,9,Player 010,Team 006,Player 087,Team 016,3,0,Away
26,9,Player 087,Team 016,Player 030,Team 006,3,0,Home
26,9,Player 030,Team 006,Player 087,Team 016,0,3,Away
26,9,Player 087,Team 016,Player 032,Team 006,3,2,Home
26,9,Player 032,Team 006,Player 087,Team 016,2,3,Away
26,9,Player 087,Team 016,Player 073,Team 006,3,2,Home
26,9,Player 073,Team 006,Player 087,Team 016,2,3,Away
26,9,Player 085,Team 016,Player 010,Team 006,3,0,Home
26,9,Player 010,Team 006,Player 085,Team 016,0,3,Away
26,9,Player 085,Team 016,Player 030,Team 006,3,0,Home
26,9,Player 030,Team 006,Player 085,Team 016,0,3,Away
26,9,Player 085,Team 016,Player 032,Team 006,3,2,Home
26,9,Player 032,Team 006,Player 085,Team 016,2,3,Away
26,9,Player 085,Team 016,Player 073,Team 006,3,2,Home
26,9,Player 073,Team 006,Player 085,Team 016,2,3,Away
26,9,Player 057,Team 016,Player 032,Team 006,1,3,Home
26,9,Player 032,Team 006,Player 057,Team 016,3,1,Away
26,9,Player 057,Team 016,Player 073,Team 006,2,3,Home
26,9,Player 073,Team 006,Player 057,Team 016,3,2,Away
26,10,Player 052,Team 013,Player 100,Team 001,0,3,Home
26,10,Player 100,Team 001,Player 052,Team 013,3,0,Away
26,10,Player 052,Team 013,Player 007,Team 001,0,3,Home
26,10,Player 007,Team 001,Player 052,Team 013,3,0,Away
26,10,Player 052,Team 013,Player 001,Team 001,1,3,Home
26,10,Player 001,Team 001,Player 052,Team 013,3,1,Away
26,10,Player 052,Team 013,Player 076,Team 001,0,3,Home
26,10,Player 076,Team 001,Player 052,Team 013,3,0,Away
26,10,Player 051,Team 013,Player 100,Team 001,0,3,Home
26,10,Player 100,Team 001,Player 051,Team 013,3,0,Away
26,10,Player 051,Team 013,Player 007,Team 001,0,3,Home
26,10,Player 007,Team 001,Player 051,Team 013,3,0,Away
26,10,Player 051,Team 013,Player 001,Team 001,0,3,Home
26,10,Player 001,Team 001,Player 051,Team 013,3,0,Away
26,10,Player 051,Team 013,Player 076,Team 001,0,3,Home
26,10,Player 076,Team 001,Player 051,Team 013,3,0,Away
26,10,Player 029,Team 013,Player 100,Team 001,0,3,Home
26,10,Player 100,Team 001,Player 029,Team 013,3,0,Away
26,10,Player 029,Team 013,Player 007,Team 001,2,3,Home
26,10,Player 007,Team 001,Player 029,Team 013,3,2,Away
26,10,Player 029,Team 013,Player 001,Team 001,0,3,Home
26,10,Player 001,Team 001,Player 029,Team 013,3,0,Away
26,10,Player 029,Team 013,Player 076,Team 001,0,3,Home
26,10,Player 076,Team 001,Player 029,Team 013,3,0,Away
26,10,Player 113,Team 013,Player 100,Team 001,0,3,Home
26,10,Player 100,Team 001,Player 113,Team 013,3,0,Away
26,10,Player 113,Team 013,Player 007,Team 001,0,3,Home
26,10,Player 007,Team 001,Player 113,Team 013,3,0,Away
26,10,Player 113,Team 013,Player 001,Team 001,0,3,Home
26,10,Player 001,Team 001,Player 113,Team 013,3,0,Away
26,10,Player 113,Team 013,Player 076,Team 001,0,3,Home
26,10,Player 076,Team 001,Player 113,Team 013,3,0,Away
27,1,Player 046,Team 015,Player 064,Team 010,3,2,Home
27,1,Player 064,Team 010,Player 046,Team 015,2,3,Away
27,1,Player 046,Team 015,Player 103,Team 010,3,0,Home
27,1,Player 103,Team 010,Player 046,Team 015,0,3,Away
27,1,Player 046,Team 015,Player 024,Team 010,0,3,Home
27,1,Player 024,Team 010,Player 046,Team 015,3,0,Away
27,1,Player 046,Team 015,Player 020,Team 010,1,3,Home
27,1,Player 020,Team 010,Player 046,Team 015,3,1,Away
27,1,Player 048,Team 015,Player 064,Team 010,3,0,Home
27,1,Player 064,Team 010,Player 048,Team 015,0,3,Away
27,1,Player 048,Team 015,Player 103,Team 010,3,1,Home
27,1,Player 103,Team 010,Player 048,Team 015,1,3,Away
27,1,Player 048,Team 015,Player 024,Team 010,1,3,Home
27,1,Player 024,Team 010,Player 048,Team 015,3,1,Away
27,1,Player 048,Team 015,Player 020,Team 010,3,0,Home
27,1,Player 020,Team 010,Player 048,Team 015,0,3,Away
27,1,Player 047,Team 015,Player 064,Team 010,3,0,Home
27,1,Player 064,Team 010,Player 047,Team 015,0,3,Away
27,1,Player 047,Team 015,Player 024,Team 010,3,1,Home
27,1,Player 024,Team 010,Player 047,Team 015,1,3,Away
27,1,Player 047,Team 015,Player 020,Team 010,2,3,Home
27,1,Player 020,Team 010,Player 047,Team 015,3,2,Away
27,1,Player 047,Team 015,Player 063,Team 010,3,0,Home
27,1,Player 063,Team 010,Player 047,Team 015,0,3,Away
27,1,Player 056,Team 015,Player 064,Team 010,3,0,Home
27,1,Player 064,Team 010,Player 056,Team 015,0,3,Away
27,1,Player 056,Team 015,Player 024,Team 010,3,1,Home
27,1,Player 024,Team 010,Player 056,Team 015,1,3,Away
27,1,Player 056,Team 015,Player 020,Team 010,3,2,Home
27,1,Player 020,Team 010,Player 056,Team 015,2,3,Away
27,1,Player 056,Team 015,Player 063,Team 010,3,0,Home
27,1,Player 063,Team 010,Player 056,Team 015,0,3,Away
27,2,Player 045,Team 009,Player 041,Team 002,3,2,Home
27,2,Player 041,Team 002,Player 045,Team 009,2,3,Away
27,2,Player 045,Team 009,Player 054,Team 002,3,0,Home
27,2,Player 054,Team 002,Player 045,Team 009,0,3,Away
27,2,Player 045,Team 009,Player 002,Team 002,0,3,Home
27,2,Player 002,Team 002,Player 045,Team 009,3,0,Away
27,2,Player 120,Team 009,Player 041,Team 002,3,1,Home
27,2,Player 041,Team 002,Player 120,Team 009,1,3,Away
27,2,Player 120,Team 009,Player 054,Team 002,3,1,Home
27,2,Player 054,Team 002,Player 120,Team 009,1,3,Away
27,2,Player 120,Team 009,Player 002,Team 002,1,3,Home
27,2,Player 002,Team 002,Player 120,Team 009,3,1,Away
27,2,Player 058,Team 009,Player 041,Team 002,2,3,Home
27,2,Player 041,Team 002,Player 058,Team 009,3,2,Away
27,2,Player 058,Team 009,Player 054,Team 002,3,0,Home
27,2,Player 054,Team 002,Player 058,Team 009,0,3,Away
27,2,Player 058,Team 009,Player 002,Team 002,0,3,Home
27,2,Player 002,Team 002,Player 058,Team 009,3,0,Away
27,3,Player 028,Team 012,Player 118,Team 007,3,1,Home
27,3,Player 118,Team 007,Player 028,Team 012,1,3,Away
27,3,Player 028,Team 012,Player 088,Team 007,3,0,Home
27,3,Player 088,Team 007,Player 028,Team 012,0,3,Away
27,3,Player 028,Team 012,Player 026,Team 007,3,0,Home
27,3,Player 026,Team 007,Player 028,Team 012,0,3,Away
27,3,Player 028,Team 012,Player 034,Team 007,3,0,Home
27,3,Player 034,Team 007,Player 028,Team 012,0,3,Away
27,3,Player 025,Team 012,Player 118,Team 007,3,2,Home
27,3,Player 118,Team 007,Player 025,Team 012,2,3,Away
27,3,Player 025,Team 012,Player 088,Team 007,3,0,Home
27,3,Player 088,Team 007,Player 025,Team 012,0,3,Away
27,3,Player 025,Team 012,Player 026,Team 007,1,3,Home
27,3,Player 026,Team 007,Player 025,Team 012,3,1,Away
27,3,Player 025,Team 012,Player 034,Team 007,3,1,Home
27,3,Player 034,Team 007,Player 025,Team 012,1,3,Away
27,3,Player 083,Team 012,Player 118,Team 007,3,1,Home
27,3,Player 118,Team 007,Player 083,Team 012,1,3,Away
27,3,Player 083,Team 012,Player 088,Team 007,3,0,Home
27,3,Player 088,Team 007,Player 083,Team 012,0,3,Away
27,3,Player 083,Team 012,Player 026,Team 007,0,3,Home
27,3,Player 026,Team 007,Player 083,Team 012,3,0,Away
27,3,Player 083,Team 012,Player 034,Team 007,1,3,Home
27,3,Player 034,Team 007,Player 083,Team 012,3,1,Away
27,3,Player 039,Team 012,Player 118,Team 007,3,0,Home
27,3,Player 118,Team 007,Player 039,Team 012,0,3,Away
27,3,Player 039,Team 012,Player 088,Team 007,3,0,Home
27,3,Player 088,Team 007,Player 039,Team 012,0,3,Away
27,3,Player 039,Team 012,Player 026,Team 007,1,3,Home
27,3,Player 026,Team 007,Player 039,Team 012,3,1,Away
27,3,Player 039,Team 012,Player 034,Team 007,3,1,Home
27,3,Player 034,Team 007,Player 039,Team 012,1,3,Away
27,4,Player 073,Team 006,Player 021,Team 011,0,3,Home
27,4,Player 021,Team 011,Player 073,Team 006,3,0,Away
27,4,Player 073,Team 006,Player 072,Team 011,1,3,Home
27,4,Player 072,Team 011,Player 073,Team 006,3,1,Away
27,4,Player 073,Team 006,Player 082,Team 011,1,3,Home
27,4,Player 082,Team 011,Player 073,Team 006,3,1,Away
27,4,Player 073,Team 006,Player 022,Team 011,1,3,Home
27,4,Player 022,Team 011,Player 073,Team 006,3,1,Away
27,4,Player 032,Team 006,Player 021,Team 011,0,3,Home
27,4,Player 021,Team 011,Player 032,Team 006,3,0,Away
27,4,Player 032,Team 006,Player 072,Team 011,0,3,Home
27,4,Player 072,Team 011,Player 032,Team 006,3,0,Away
27,4,Player 032,Team 006,Player 082,Team 011,2,3,Home
27,4,Player 082,Team 011,Player 032,Team 006,3,2,Away
27,4,Player 032,Team 006,Player 022,Team 011,1,3,Home
27,4,Player 022,Team 011,Player 032,Team 006,3,1,Away
27,4,Player 030,Team 006,Player 021,Team 011,0,3,Home
27,4,Player 021,Team 011,Player 030,Team 006,3,0,Away
27,4,Player 030,Team 006,Player 072,Team 011,0,3,Home
27,4,Player 072,Team 011,Player 030,Team 006,3,0,Away
27,4,Player 030,Team 006,Player 082,Team 011,0,3,Home
27,4,Player 082,Team 011,Player 030,Team 006,3,0,Away
27,4,Player 030,Team 006,Player 022,Team 011,0,3,Home
27,4,Player 022,Team 011,Player 030,Team 006,3,0,Away
27,4,Player 102,Team 006,Player 021,Team 011,3,1,Home
27,4,Player 021,Team 011,Player 102,Team 006,1,3,Away
27,4,Player 102,Team 006,Player 072,Team 011,0,3,Home
27,4,Player 072,Team 011,Player 102,Team 006,3,0,Away
27,4,Player 102,Team 006,Player 082,Team 011,1,3,Home
27,4,Player 082,Team 011,Player 102,Team 006,3,1,Away
27,4,Player 102,Team 006,Player 022,Team 011,1,3,Home
27,4,Player 022,Team 011,Player 102,Team 006,3,1,Away
27,5,Player 100,Team 001,Player 004,Team 004,3,0,Home
27,5,Player 004,Team 004,Player 100,Team 001,0,3,Away
27,5,Player 100,Team 001,Player 018,Team 004,3,0,Home
27,5,Player 018,Team 004,Player 100,Team 001,0,3,Away
27,5,Player 100,Team 001,Player 017,Team 004,3,0,Home
27,5,Player 017,Team 004,Player 100,Team 001,0,3,Away
27,5,Player 100,Team 001,Player 009,Team 004,3,0,Home
27,5,Player 009,Team 004,Player 100,Team 001,0,3,Away
27,5,Player 101,Team 001,Player 004,Team 004,2,3,Home
27,5,Player 004,Team 004,Player 101,Team 001,3,2,Away
27,5,Player 101,Team 001,Player 018,Team 004,3,2,Home
27,5,Player 018,Team 004,Player 101,Team 001,2,3,Away
27,5,Player 101,Team 001,Player 017,Team 004,0,3,Home
27,5,Player 017,Team 004,Player 101,Team 001,3,0,Away
27,5,Player 101,Team 001,Player 009,Team 004,0,3,Home
27,5,Player 009,Team 004,Player 101,Team 001,3,0,Away
27,5,Player 013,Team 001,Player 004,Team 004,3,2,Home
27,5,Player 004,Team 004,Player 013,Team 001,2,3,Away
27,5,Player 013,Team 001,Player 018,Team 004,3,0,Home
27,5,Player 018,Team 004,Player 013,Team 001,0,3,Away
27,5,Player 013,Team 001,Player 017,Team 004,3,1,Home
27,5,Player 017,Team 004,Player 013,Team 001,1,3,Away
27,5,Player 013,Team 001,Player 009,Team 004,3,1,Home
27,5,Player 009,Team 004,Player 013,Team 001,1,3,Away
27,5,Player 069,Team 001,Player 004,Team 004,3,0,Home
27,5,Player 004,Team 004,Player 069,Team 001,0,3,Away
27,5,Player 069,Team 001,Player 018,Team 004,3,0,Home
27,5,Player 018,Team 004,Player 069,Team 001,0,3,Away
27,5,Player 069,Team 001,Player 017,Team 004,3,1,Home
27,5,Player 017,Team 004,Player 069,Team 001,1,3,Away
27,5,Player 069,Team 001,Player 009,Team 004,3,0,Home
27,5,Player 009,Team 004,Player 069,Team 001,0,3,Away
27,6,Player 035,Team 008,Player 071,Team 014,0,3,Home
27,6,Player 071,Team 014,Player 035,Team 008,3,0,Away
27,6,Player 035,Team 008,Player 084,Team 014,3,2,Home
27,6,Player 084,Team 014,Player 035,Team 008,2,3,Away
27,6,Player 077,Team 008,Player 071,Team 014,1,3,Home
27,6,Player 071,Team 014,Player 077,Team 008,3,1,Away
27,6,Player 077,Team 008,Player 084,Team 014,3,1,Home
27,6,Player 084,Team 014,Player 077,Team 008,1,3,Away
27,6,Player 077,Team 008,Player 042,Team 014,3,1,Home
27,6,Player 042,Team 014,Player 077,Team 008,1,3,Away
27,6,Player 077,Team 008,(játék nélkül),Team 014,3,0,Home
27,6,(játék nélkül),Team 014,Player 077,Team 008,0,3,Away
27,6,Player 037,Team 008,Player 071,Team 014,2,3,Home
27,6,Player 071,Team 014,Player 037,Team 008,3,2,Away
27,6,Player 037,Team 008,Player 084,Team 014,3,2,Home
27,6,Player 084,Team 014,Player 037,Team 008,2,3,Away
27,6,Player 037,Team 008,Player 042,Team 014,3,0,Home
27,6,Player 042,Team 014,Player 037,Team 008,0,3,Away
27,6,Player 037,Team 008,(játék nélkül),Team 014,3,0,Home
27,6,(játék nélkül),Team 014,Player 037,Team 008,0,3,Away
27,6,Player 016,Team 008,Player 071,Team 014,2,3,Home
27,6,Player 071,Team 014,Player 016,Team 008,3,2,Away
27,6,Player 016,Team 008,Player 084,Team 014,3,1,Home
27,6,Player 084,Team 014,Player 016,Team 008,1,3,Away
27,6,Player 016,Team 008,Player 042,Team 014,3,2,Home
27,6,Player 042,Team 014,Player 016,Team 008,2,3,Away
27,6,Player 016,Team 008,(játék nélkül),Team 014,3,0,Home
27,6,(játék nélkül),Team 014,Player 016,Team 008,0,3,Away
27,6,Player 036,Team 008,Player 042,Team 014,2,3,Home
27,6,Player 042,Team 014,Player 036,Team 008,3,2,Away
27,6,Player 036,Team 008,(játék nélkül),Team 014,3,0,Home
27,6,(játék nélkül),Team 014,Player 036,Team 008,0,3,Away
27,7,Player 038,Team 005,Player 086,Team 016,3,1,Home
27,7,Player 086,Team 016,Player 038,Team 005,1,3,Away
27,7,Player 038,Team 005,Player 057,Team 016,3,1,Home
27,7,Player 057,Team 016,Player 038,Team 005,1,3,Away
27,7,Player 038,Team 005,Player 087,Team 016,2,3,Home
27,7,Player 087,Team 016,Player 038,Team 005,3,2,Away
27,7,Player 038,Team 005,Player 085,Team 016,0,3,Home
27,7,Player 085,Team 016,Player 038,Team 005,3,0,Away
27,7,Player 091,Team 005,Player 086,Team 016,3,1,Home
27,7,Player 086,Team 016,Player 091,Team 005,1,3,Away
27,7,Player 091,Team 005,Player 057,Team 016,3,2,Home
27,7,Player 057,Team 016,Player 091,Team 005,2,3,Away
27,7,Player 091,Team 005,Player 087,Team 016,0,3,Home
27,7,Player 087,Team 016,Player 091,Team 005,3,0,Away
27,7,Player 091,Team 005,Player 085,Team 016,3,2,Home
27,7,Player 085,Team 016,Player 091,Team 005,2,3,Away
27,7,Player 040,Team 005,Player 086,Team 016,3,0,Home
27,7,Player 086,Team 016,Player 040,Team 005,0,3,Away
27,7,Player 040,Team 005,Player 057,Team 016,3,1,Home
27,7,Player 057,Team 016,Player 040,Team 005,1,3,Away
27,7,Player 040,Team 005,Player 087,Team 016,2,3,Home
27,7,Player 087,Team 016,Player 040,Team 005,3,2,Away
27,7,Player 040,Team 005,Player 085,Team 016,3,2,Home
27,7,Player 085,Team 016,Player 040,Team 005,2,3,Away
27,7,Player 012,Team 005,Player 086,Team 016,3,0,Home
27,7,Player 086,Team 016,Player 012,Team 005,0,3,Away
27,7,Player 012,Team 005,Player 057,Team 016,3,0,Home
27,7,Player 057,Team 016,Player 012,Team 005,0,3,Away
27,7,Player 012,Team 005,Player 087,Team 016,3,1,Home
27,7,Player 087,Team 016,Player 012,Team 005,1,3,Away
27,7,Player 012,Team 005,Player 085,Team 016,3,1,Home
27,7,Player 085,Team 016,Player 012,Team 005,1,3,Away
27,8,Player 052,Team 013,Player 005,Team 003,3,1,Home
27,8,Player 005,Team 003,Player 052,Team 013,1,3,Away
27,8,Player 052,Team 013,Player 067,Team 003,3,2,Home
27,8,Player 067,Team 003,Player 052,Team 013,2,3,Away
27,8,Player 052,Team 013,Player 125,Team 003,2,3,Home
27,8,Player 125,Team 003,Player 052,Team 013,3,2,Away
27,8,Player 052,Team 013,Player 003,Team 003,1,3,Home
27,8,Player 003,Team 003,Player 052,Team 013,3,1,Away
27,8,Player 051,Team 013,Player 005,Team 003,1,3,Home
27,8,Player 005,Team 003,Player 051,Team 013,3,1,Away
27,8,Player 051,Team 013,Player 067,Team 003,0,3,Home
27,8,Player 067,Team 003,Player 051,Team 013,3,0,Away
27,8,Player 051,Team 013,Player 125,Team 003,0,3,Home
27,8,Player 125,Team 003,Player 051,Team 013,3,0,Away
27,8,Player 051,Team 013,Player 003,Team 003,1,3,Home
27,8,Player 003,Team 003,Player 051,Team 013,3,1,Away
27,8,Player 029,Team 013,Player 005,Team 003,3,0,Home
27,8,Player 005,Team 003,Player 029,Team 013,0,3,Away
27,8,Player 029,Team 013,Player 067,Team 003,0,3,Home
27,8,Player 067,Team 003,Player 029,Team 013,3,0,Away
27,8,Player 029,Team 013,Player 125,Team 003,2,3,Home
27,8,Player 125,Team 003,Player 029,Team 013,3,2,Away
27,8,Player 029,Team 013,Player 003,Team 003,1,3,Home
27,8,Player 003,Team 003,Player 029,Team 013,3,1,Away
27,8,(játék nélkül),Team 013,Player 005,Team 003,0,3,Home
27,8,Player 005,Team 003,(játék nélkül),Team 013,3,0,Away
27,8,(játék nélkül),Team 013,Player 067,Team 003,0,3,Home
27,8,Player 067,Team 003,(játék nélkül),Team 013,3,0,Away
27,8,(játék nélkül),Team 013,Player 125,Team 003,0,3,Home
27,8,Player 125,Team 003,(játék nélkül),Team 013,3,0,Away
27,8,(játék nélkül),Team 013,Player 003,Team 003,0,3,Home
27,8,Player 003,Team 003,(játék nélkül),Team 013,3,0,Away
28,1,Player 114,Team 010,Player 035,Team 008,1,3,Home
28,1,Player 035,Team 008,Player 114,Team 010,3,1,Away
28,1,Player 114,Team 010,Player 060,Team 008,0,3,Home
28,1,Player 060,Team 008,Player 114,Team 010,3,0,Away
28,1,Player 114,Team 010,Player 037,Team 008,0,3,Home
28,1,Player 037,Team 008,Player 114,Team 010,3,0,Away
28,1,Player 114,Team 010,Player 036,Team 008,1,3,Home
28,1,Player 036,Team 008,Player 114,Team 010,3,1,Away
28,1,Player 063,Team 010,Player 035,Team 008,0,3,Home
28,1,Player 035,Team 008,Player 063,Team 010,3,0,Away
28,1,Player 063,Team 010,Player 060,Team 008,1,3,Home
28,1,Player 060,Team 008,Player 063,Team 010,3,1,Away
28,1,Player 063,Team 010,Player 037,Team 008,1,3,Home
28,1,Player 037,Team 008,Player 063,Team 010,3,1,Away
28,1,Player 063,Team 010,Player 036,Team 008,0,3,Home
28,1,Player 036,Team 008,Player 063,Team 010,3,0,Away
28,1,Player 103,Team 010,Player 035,Team 008,0,3,Home
28,1,Player 035,Team 008,Player 103,Team 010,3,0,Away
28,1,Player 103,Team 010,Player 060,Team 008,0,3,Home
28,1,Player 060,Team 008,Player 103,Team 010,3,0,Away
28,1,Player 103,Team 010,Player 037,Team 008,0,3,Home
28,1,Player 037,Team 008,Player 103,Team 010,3,0,Away
28,1,Player 103,Team 010,Player 036,Team 008,0,3,Home
28,1,Player 036,Team 008,Player 103,Team 010,3,0,Away
28,1,Player 024,Team 010,Player 035,Team 008,0,3,Home
28,1,Player 035,Team 008,Player 024,Team 010,3,0,Away
28,1,Player 024,Team 010,Player 060,Team 008,3,0,Home
28,1,Player 060,Team 008,Player 024,Team 010,0,3,Away
28,1,Player 024,Team 010,Player 037,Team 008,2,3,Home
28,1,Player 037,Team 008,Player 024,Team 010,3,2,Away
28,1,Player 024,Team 010,Player 036,Team 008,3,2,Home
28,1,Player 036,Team 008,Player 024,Team 010,2,3,Away
28,2,Player 078,Team 002,Player 056,Team 015,0,3,Home
28,2,Player 056,Team 015,Player 078,Team 002,3,0,Away
28,2,Player 078,Team 002,Player 112,Team 015,1,3,Home
28,2,Player 112,Team 015,Player 078,Team 002,3,1,Away
28,2,Player 078,Team 002,Player 047,Team 015,1,3,Home
28,2,Player 047,Team 015,Player 078,Team 002,3,1,Away
28,2,Player 078,Team 002,Player 046,Team 015,0,3,Home
28,2,Player 046,Team 015,Player 078,Team 002,3,0,Away
28,2,Player 053,Team 002,Player 056,Team 015,0,3,Home
28,2,Player 056,Team 015,Player 053,Team 002,3,0,Away
28,2,Player 053,Team 002,Player 112,Team 015,3,1,Home
28,2,Player 112,Team 015,Player 053,Team 002,1,3,Away
28,2,Player 053,Team 002,Player 047,Team 015,0,3,Home
28,2,Player 047,Team 015,Player 053,Team 002,3,0,Away
28,2,Player 053,Team 002,Player 046,Team 015,2,3,Home
28,2,Player 046,Team 015,Player 053,Team 002,3,2,Away
28,2,Player 054,Team 002,Player 056,Team 015,0,3,Home
28,2,Player 056,Team 015,Player 054,Team 002,3,0,Away
28,2,Player 054,Team 002,Player 112,Team 015,0,3,Home
28,2,Player 112,Team 015,Player 054,Team 002,3,0,Away
28,2,Player 054,Team 002,Player 047,Team 015,0,3,Home
28,2,Player 047,Team 015,Player 054,Team 002,3,0,Away
28,2,Player 054,Team 002,Player 046,Team 015,0,3,Home
28,2,Player 046,Team 015,Player 054,Team 002,3,0,Away
28,2,Player 002,Team 002,Player 056,Team 015,3,0,Home
28,2,Player 056,Team 015,Player 002,Team 002,0,3,Away
28,2,Player 002,Team 002,Player 112,Team 015,3,0,Home
28,2,Player 112,Team 015,Player 002,Team 002,0,3,Away
28,2,Player 002,Team 002,Player 047,Team 015,3,1,Home
28,2,Player 047,Team 015,Player 002,Team 002,1,3,Away
28,2,Player 002,Team 002,Player 046,Team 015,2,3,Home
28,2,Player 046,Team 015,Player 002,Team 002,3,2,Away
28,3,Player 004,Team 004,Player 028,Team 012,2,3,Home
28,3,Player 028,Team 012,Player 004,Team 004,3,2,Away
28,3,Player 004,Team 004,Player 039,Team 012,3,0,Home
28,3,Player 039,Team 012,Player 004,Team 004,0,3,Away
28,3,Player 004,Team 004,Player 025,Team 012,3,0,Home
28,3,Player 025,Team 012,Player 004,Team 004,0,3,Away
28,3,Player 004,Team 004,Player 083,Team 012,3,1,Home
28,3,Player 083,Team 012,Player 004,Team 004,1,3,Away
28,3,Player 018,Team 004,Player 028,Team 012,0,3,Home
28,3,Player 028,Team 012,Player 018,Team 004,3,0,Away
28,3,Player 018,Team 004,Player 039,Team 012,2,3,Home
28,3,Player 039,Team 012,Player 018,Team 004,3,2,Away
28,3,Player 018,Team 004,Player 025,Team 012,0,3,Home
28,3,Player 025,Team 012,Player 018,Team 004,3,0,Away
28,3,Player 018,Team 004,Player 083,Team 012,0,3,Home
28,3,Player 083,Team 012,Player 018,Team 004,3,0,Away
28,3,Player 075,Team 004,Player 028,Team 012,1,3,Home
28,3,Player 028,Team 012,Player 075,Team 004,3,1,Away
28,3,Player 075,Team 004,Player 039,Team 012,0,3,Home
28,3,Player 039,Team 012,Player 075,Team 004,3,0,Away
28,3,Player 075,Team 004,Player 025,Team 012,3,2,Home
28,3,Player 025,Team 012,Player 075,Team 004,2,3,Away
28,3,Player 075,Team 004,Player 083,Team 012,1,3,Home
28,3,Player 083,Team 012,Player 075,Team 004,3,1,Away
28,3,Player 009,Team 004,Player 028,Team 012,3,1,Home
28,3,Player 028,Team 012,Player 009,Team 004,1,3,Away
28,3,Player 009,Team 004,Player 039,Team 012,2,3,Home
28,3,Player 039,Team 012,Player 009,Team 004,3,2,Away
28,3,Player 009,Team 004,Player 025,Team 012,3,0,Home
28,3,Player 025,Team 012,Player 009,Team 004,0,3,Away
28,3,Player 009,Team 004,Player 083,Team 012,3,0,Home
28,3,Player 083,Team 012,Player 009,Team 004,0,3,Away
28,4,Player 088,Team 007,Player 010,Team 006,0,3,Home
28,4,Player 010,Team 006,Player 088,Team 007,3,0,Away
28,4,Player 088,Team 007,Player 032,Team 006,0,3,Home
28,4,Player 032,Team 006,Player 088,Team 007,3,0,Away
28,4,Player 088,Team 007,Player 030,Team 006,3,0,Home
28,4,Player 030,Team 006,Player 088,Team 007,0,3,Away
28,4,Player 088,Team 007,Player 073,Team 006,0,3,Home
28,4,Player 073,Team 006,Player 088,Team 007,3,0,Away
28,4,Player 049,Team 007,Player 010,Team 006,0,3,Home
28,4,Player 010,Team 006,Player 049,Team 007,3,0,Away
28,4,Player 049,Team 007,Player 032,Team 006,1,3,Home
28,4,Player 032,Team 006,Player 049,Team 007,3,1,Away
28,4,Player 049,Team 007,Player 030,Team 006,3,0,Home
28,4,Player 030,Team 006,Player 049,Team 007,0,3,Away
28,4,Player 049,Team 007,Player 073,Team 006,3,1,Home
28,4,Player 073,Team 006,Player 049,Team 007,1,3,Away
28,4,Player 026,Team 007,Player 010,Team 006,3,0,Home
28,4,Player 010,Team 006,Player 026,Team 007,0,3,Away
28,4,Player 026,Team 007,Player 032,Team 006,3,0,Home
28,4,Player 032,Team 006,Player 026,Team 007,0,3,Away
28,4,Player 026,Team 007,Player 030,Team 006,3,1,Home
28,4,Player 030,Team 006,Player 026,Team 007,1,3,Away
28,4,Player 026,Team 007,Player 073,Team 006,3,1,Home
28,4,Player 073,Team 006,Player 026,Team 007,1,3,Away
28,4,Player 034,Team 007,Player 010,Team 006,0,3,Home
28,4,Player 010,Team 006,Player 034,Team 007,3,0,Away
28,4,Player 034,Team 007,Player 032,Team 006,3,0,Home
28,4,Player 032,Team 006,Player 034,Team 007,0,3,Away
28,4,Player 034,Team 007,Player 030,Team 006,3,0,Home
28,4,Player 030,Team 006,Player 034,Team 007,0,3,Away
28,4,Player 034,Team 007,Player 073,Team 006,2,3,Home
28,4,Player 073,Team 006,Player 034,Team 007,3,2,Away
28,5,Player 043,Team 014,Player 001,Team 001,0,3,Home
28,5,Player 001,Team 001,Player 043,Team 014,3,0,Away
28,5,Player 043,Team 014,Player 069,Team 001,0,3,Home
28,5,Player 069,Team 001,Player 043,Team 014,3,0,Away
28,5,Player 043,Team 014,Player 076,Team 001,2,3,Home
28,5,Player 076,Team 001,Player 043,Team 014,3,2,Away
28,5,Player 043,Team 014,Player 013,Team 001,1,3,Home
28,5,Player 013,Team 001,Player 043,Team 014,3,1,Away
28,5,Player 031,Team 014,Player 001,Team 001,0,3,Home
28,5,Player 001,Team 001,Player 031,Team 014,3,0,Away
28,5,Player 031,Team 014,Player 069,Team 001,0,3,Home
28,5,Player 069,Team 001,Player 031,Team 014,3,0,Away
28,5,Player 031,Team 014,Player 076,Team 001,2,3,Home
28,5,Player 076,Team 001,Player 031,Team 014,3,2,Away
28,5,Player 031,Team 014,Player 013,Team 001,2,3,Home
28,5,Player 013,Team 001,Player 031,Team 014,3,2,Away
28,5,Player 095,Team 014,Player 001,Team 001,3,1,Home
28,5,Player 001,Team 001,Player 095,Team 014,1,3,Away
28,5,Player 095,Team 014,Player 069,Team 001,0,3,Home
28,5,Player 069,Team 001,Player 095,Team 014,3,0,Away
28,5,Player 095,Team 014,Player 076,Team 001,1,3,Home
28,5,Player 076,Team 001,Player 095,Team 014,3,1,Away
28,5,Player 095,Team 014,Player 013,Team 001,1,3,Home
28,5,Player 013,Team 001,Player 095,Team 014,3,1,Away
28,5,Player 084,Team 014,Player 001,Team 001,1,3,Home
28,5,Player 001,Team 001,Player 084,Team 014,3,1,Away
28,5,Player 084,Team 014,Player 069,Team 001,0,3,Home
28,5,Player 069,Team 001,Player 084,Team 014,3,0,Away
28,5,Player 084,Team 014,Player 076,Team 001,2,3,Home
28,5,Player 076,Team 001,Player 084,Team 014,3,2,Away
28,5,Player 084,Team 014,Player 013,Team 001,0,3,Home
28,5,Player 013,Team 001,Player 084,Team 014,3,0,Away
28,6,Player 125,Team 003,Player 045,Team 009,3,0,Home
28,6,Player 045,Team 009,Player 125,Team 003,0,3,Away
28,6,Player 125,Team 003,Player 058,Team 009,3,0,Home
28,6,Player 058,Team 009,Player 125,Team 003,0,3,Away
28,6,Player 125,Team 003,Player 079,Team 009,3,2,Home
28,6,Player 079,Team 009,Player 125,Team 003,2,3,Away
28,6,Player 125,Team 003,(játék nélkül),Team 009,3,0,Home
28,6,(játék nélkül),Team 009,Player 125,Team 003,0,3,Away
28,6,Player 067,Team 003,Player 045,Team 009,3,0,Home
28,6,Player 045,Team 009,Player 067,Team 003,0,3,Away
28,6,Player 067,Team 003,Player 058,Team 009,3,0,Home
28,6,Player 058,Team 009,Player 067,Team 003,0,3,Away
28,6,Player 067,Team 003,Player 079,Team 009,3,0,Home
28,6,Player 079,Team 009,Player 067,Team 003,0,3,Away
28,6,Player 067,Team 003,(játék nélkül),Team 009,3,0,Home
28,6,(játék nélkül),Team 009,Player 067,Team 003,0,3,Away
28,6,Player 003,Team 003,Player 045,Team 009,3,0,Home
28,6,Player 045,Team 009,Player 003,Team 003,0,3,Away
28,6,Player 003,Team 003,Player 058,Team 009,3,0,Home
28,6,Player 058,Team 009,Player 003,Team 003,0,3,Away
28,6,Player 003,Team 003,Player 079,Team 009,3,1,Home
28,6,Player 079,Team 009,Player 003,Team 003,1,3,Away
28,6,Player 003,Team 003,(játék nélkül),Team 009,3,0,Home
28,6,(játék nélkül),Team 009,Player 003,Team 003,0,3,Away
28,6,Player 008,Team 003,Player 045,Team 009,3,0,Home
28,6,Player 045,Team 009,Player 008,Team 003,0,3,Away
28,6,Player 008,Team 003,Player 058,Team 009,3,0,Home
28,6,Player 058,Team 009,Player 008,Team 003,0,3,Away
28,6,Player 008,Team 003,Player 079,Team 009,3,0,Home
28,6,Player 079,Team 009,Player 008,Team 003,0,3,Away
28,6,Player 008,Team 003,(játék nélkül),Team 009,3,0,Home
28,6,(játék nélkül),Team 009,Player 008,Team 003,0,3,Away
28,7,Player 022,Team 011,Player 040,Team 005,3,0,Home
28,7,Player 040,Team 005,Player 022,Team 011,0,3,Away
28,7,Player 022,Team 011,Player 012,Team 005,0,3,Home
28,7,Player 012,Team 005,Player 022,Team 011,3,0,Away
28,7,Player 022,Team 011,Player 006,Team 005,0,3,Home
28,7,Player 006,Team 005,Player 022,Team 011,3,0,Away
28,7,Player 022,Team 011,Player 061,Team 005,1,3,Home
28,7,Player 061,Team 005,Player 022,Team 011,3,1,Away
28,7,Player 082,Team 011,Player 040,Team 005,3,0,Home
28,7,Player 040,Team 005,Player 082,Team 011,0,3,Away
28,7,Player 082,Team 011,Player 012,Team 005,0,3,Home
28,7,Player 012,Team 005,Player 082,Team 011,3,0,Away
28,7,Player 082,Team 011,Player 006,Team 005,0,3,Home
28,7,Player 006,Team 005,Player 082,Team 011,3,0,Away
28,7,Player 082,Team 011,Player 061,Team 005,3,0,Home
28,7,Player 061,Team 005,Player 082,Team 011,0,3,Away
28,7,Player 021,Team 011,Player 040,Team 005,3,1,Home
28,7,Player 040,Team 005,Player 021,Team 011,1,3,Away
28,7,Player 021,Team 011,Player 012,Team 005,1,3,Home
28,7,Player 012,Team 005,Player 021,Team 011,3,1,Away
28,7,Player 021,Team 011,Player 006,Team 005,1,3,Home
28,7,Player 006,Team 005,Player 021,Team 011,3,1,Away
28,7,Player 021,Team 011,Player 061,Team 005,3,2,Home
28,7,Player 061,Team 005,Player 021,Team 011,2,3,Away
28,7,Player 023,Team 011,Player 040,Team 005,1,3,Home
28,7,Player 040,Team 005,Player 023,Team 011,3,1,Away
28,7,Player 023,Team 011,Player 012,Team 005,1,3,Home
28,7,Player 012,Team 005,Player 023,Team 011,3,1,Away
28,7,Player 023,Team 011,Player 006,Team 005,1,3,Home
28,7,Player 006,Team 005,Player 023,Team 011,3,1,Away
28,7,Player 023,Team 011,Player 061,Team 005,3,0,Home
28,7,Player 061,Team 005,Player 023,Team 011,0,3,Away
28,8,Player 085,Team 016,Player 029,Team 013,3,1,Home
28,8,Player 029,Team 013,Player 085,Team 016,1,3,Away
28,8,Player 085,Team 016,Player 051,Team 013,3,2,Home
28,8,Player 051,Team 013,Player 085,Team 016,2,3,Away
28,8,Player 085,Team 016,Player 052,Team 013,3,2,Home
28,8,Player 052,Team 013,Player 085,Team 016,2,3,Away
28,8,Player 085,Team 016,(játék nélkül),Team 013,3,0,Home
28,8,(játék nélkül),Team 013,Player 085,Team 016,0,3,Away
28,8,Player 087,Team 016,Player 029,Team 013,0,3,Home
28,8,Player 029,Team 013,Player 087,Team 016,3,0,Away
28,8,Player 087,Team 016,Player 051,Team 013,3,0,Home
28,8,Player 051,Team 013,Player 087,Team 016,0,3,Away
28,8,Player 087,Team 016,Player 052,Team 013,1,3,Home
28,8,Player 052,Team 013,Player 087,Team 016,3,1,Away
28,8,Player 087,Team 016,(játék nélkül),Team 013,3,0,Home
28,8,(játék nélkül),Team 013,Player 087,Team 016,0,3,Away
28,8,Player 059,Team 016,Player 029,Team 013,0,3,Home
28,8,Player 029,Team 013,Player 059,Team 016,3,0,Away
28,8,Player 059,Team 016,Player 052,Team 013,2,3,Home
28,8,Player 052,Team 013,Player 059,Team 016,3,2,Away
28,8,Player 059,Team 016,(játék nélkül),Team 013,3,0,Home
28,8,(játék nélkül),Team 013,Player 059,Team 016,0,3,Away
28,8,Player 057,Team 016,Player 029,Team 013,3,1,Home
28,8,Player 029,Team 013,Player 057,Team 016,1,3,Away
28,8,Player 057,Team 016,Player 051,Team 013,3,0,Home
28,8,Player 051,Team 013,Player 057,Team 016,0,3,Away
28,8,Player 057,Team 016,Player 052,Team 013,1,3,Home
28,8,Player 052,Team 013,Player 057,Team 016,3,1,Away
28,8,Player 057,Team 016,(játék nélkül),Team 013,3,0,Home
28,8,(játék nélkül),Team 013,Player 057,Team 016,0,3,Away
28,8,Player 086,Team 016,Player 051,Team 013,1,3,Home
28,8,Player 051,Team 013,Player 086,Team 016,3,1,Away
29,1,Player 100,Team 001,Player 064,Team 010,3,1,Home
29,1,Player 064,Team 010,Player 100,Team 001,1,3,Away
29,1,Player 100,Team 001,Player 063,Team 010,3,0,Home
29,1,Player 063,Team 010,Player 100,Team 001,0,3,Away
29,1,Player 100,Team 001,Player 103,Team 010,3,0,Home
29,1,Player 103,Team 010,Player 100,Team 001,0,3,Away
29,1,Player 100,Team 001,Player 020,Team 010,3,1,Home
29,1,Player 020,Team 010,Player 100,Team 001,1,3,Away
29,1,Player 101,Team 001,Player 064,Team 010,3,0,Home
29,1,Player 064,Team 010,Player 101,Team 001,0,3,Away
29,1,Player 101,Team 001,Player 063,Team 010,3,0,Home
29,1,Player 063,Team 010,Player 101,Team 001,0,3,Away
29,1,Player 101,Team 001,Player 103,Team 010,3,0,Home
29,1,Player 103,Team 010,Player 101,Team 001,0,3,Away
29,1,Player 101,Team 001,Player 020,Team 010,3,0,Home
29,1,Player 020,Team 010,Player 101,Team 001,0,3,Away
29,1,Player 050,Team 001,Player 064,Team 010,3,0,Home
29,1,Player 064,Team 010,Player 050,Team 001,0,3,Away
29,1,Player 050,Team 001,Player 063,Team 010,3,2,Home
29,1,Player 063,Team 010,Player 050,Team 001,2,3,Away
29,1,Player 050,Team 001,Player 103,Team 010,3,1,Home
29,1,Player 103,Team 010,Player 050,Team 001,1,3,Away
29,1,Player 050,Team 001,Player 020,Team 010,3,0,Home
29,1,Player 020,Team 010,Player 050,Team 001,0,3,Away
29,1,Player 076,Team 001,Player 064,Team 010,3,0,Home
29,1,Player 064,Team 010,Player 076,Team 001,0,3,Away
29,1,Player 076,Team 001,Player 063,Team 010,3,0,Home
29,1,Player 063,Team 010,Player 076,Team 001,0,3,Away
29,1,Player 076,Team 001,Player 103,Team 010,3,0,Home
29,1,Player 103,Team 010,Player 076,Team 001,0,3,Away
29,1,Player 076,Team 001,Player 020,Team 010,3,0,Home
29,1,Player 020,Team 010,Player 076,Team 001,0,3,Away
29,2,Player 041,Team 002,Player 008,Team 003,0,3,Home
29,2,Player 008,Team 003,Player 041,Team 002,3,0,Away
29,2,Player 041,Team 002,Player 067,Team 003,1,3,Home
29,2,Player 067,Team 003,Player 041,Team 002,3,1,Away
29,2,Player 041,Team 002,Player 003,Team 003,2,3,Home
29,2,Player 003,Team 003,Player 041,Team 002,3,2,Away
29,2,Player 041,Team 002,Player 125,Team 003,3,2,Home
29,2,Player 125,Team 003,Player 041,Team 002,2,3,Away
29,2,Player 078,Team 002,Player 008,Team 003,0,3,Home
29,2,Player 008,Team 003,Player 078,Team 002,3,0,Away
29,2,Player 078,Team 002,Player 067,Team 003,0,3,Home
29,2,Player 067,Team 003,Player 078,Team 002,3,0,Away
29,2,Player 078,Team 002,Player 003,Team 003,0,3,Home
29,2,Player 003,Team 003,Player 078,Team 002,3,0,Away
29,2,Player 078,Team 002,Player 125,Team 003,0,3,Home
29,2,Player 125,Team 003,Player 078,Team 002,3,0,Away
29,2,Player 002,Team 002,Player 008,Team 003,3,1,Home
29,2,Player 008,Team 003,Player 002,Team 002,1,3,Away
29,2,Player 002,Team 002,Player 067,Team 003,3,0,Home
29,2,Player 067,Team 003,Player 002,Team 002,0,3,Away
29,2,Player 002,Team 002,Player 003,Team 003,3,2,Home
29,2,Player 003,Team 003,Player 002,Team 002,2,3,Away
29,2,Player 002,Team 002,Player 125,Team 003,3,0,Home
29,2,Player 125,Team 003,Player 002,Team 002,0,3,Away
29,2,Player 054,Team 002,Player 008,Team 003,0,3,Home
29,2,Player 008,Team 003,Player 054,Team 002,3,0,Away
29,2,Player 054,Team 002,Player 067,Team 003,0,3,Home
29,2,Player 067,Team 003,Player 054,Team 002,3,0,Away
29,2,Player 054,Team 002,Player 003,Team 003,0,3,Home
29,2,Player 003,Team 003,Player 054,Team 002,3,0,Away
29,2,Player 054,Team 002,Player 125,Team 003,0,3,Home
29,2,Player 125,Team 003,Player 054,Team 002,3,0,Away
29,3,Player 039,Team 012,Player 031,Team 014,3,1,Home
29,3,Player 031,Team 014,Player 039,Team 012,1,3,Away
29,3,Player 039,Team 012,Player 071,Team 014,3,2,Home
29,3,Player 071,Team 014,Player 039,Team 012,2,3,Away
29,3,Player 039,Team 012,Player 044,Team 014,3,2,Home
29,3,Player 044,Team 014,Player 039,Team 012,2,3,Away
29,3,Player 039,Team 012,(játék nélkül),Team 014,3,0,Home
29,3,(játék nélkül),Team 014,Player 039,Team 012,0,3,Away
29,3,Player 028,Team 012,Player 031,Team 014,2,3,Home
29,3,Player 031,Team 014,Player 028,Team 012,3,2,Away
29,3,Player 028,Team 012,Player 071,Team 014,2,3,Home
29,3,Player 071,Team 014,Player 028,Team 012,3,2,Away
29,3,Player 028,Team 012,Player 044,Team 014,3,0,Home
29,3,Player 044,Team 014,Player 028,Team 012,0,3,Away
29,3,Player 028,Team 012,(játék nélkül),Team 014,3,0,Home
29,3,(játék nélkül),Team 014,Player 028,Team 012,0,3,Away
29,3,Player 025,Team 012,Player 031,Team 014,3,2,Home
29,3,Player 031,Team 014,Player 025,Team 012,2,3,Away
29,3,Player 025,Team 012,Player 071,Team 014,0,3,Home
29,3,Player 071,Team 014,Player 025,Team 012,3,0,Away
29,3,Player 025,Team 012,Player 044,Team 014,3,1,Home
29,3,Player 044,Team 014,Player 025,Team 012,1,3,Away
29,3,Player 025,Team 012,(játék nélkül),Team 014,3,0,Home
29,3,(játék nélkül),Team 014,Player 025,Team 012,0,3,Away
29,3,Player 083,Team 012,Player 031,Team 014,3,0,Home
29,3,Player 031,Team 014,Player 083,Team 012,0,3,Away
29,3,Player 083,Team 012,(játék nélkül),Team 014,3,0,Home
29,3,(játék nélkül),Team 014,Player 083,Team 012,0,3,Away
29,3,Player 109,Team 012,Player 071,Team 014,1,3,Home
29,3,Player 071,Team 014,Player 109,Team 012,3,1,Away
29,3,Player 109,Team 012,Player 044,Team 014,3,0,Home
29,3,Player 044,Team 014,Player 109,Team 012,0,3,Away
29,4,Player 010,Team 006,Player 018,Team 004,3,0,Home
29,4,Player 018,Team 004,Player 010,Team 006,0,3,Away
29,4,Player 010,Team 006,Player 075,Team 004,3,0,Home
29,4,Player 075,Team 004,Player 010,Team 006,0,3,Away
29,4,Player 010,Team 006,Player 004,Team 004,0,3,Home
29,4,Player 004,Team 004,Player 010,Team 006,3,0,Away
29,4,Player 010,Team 006,(játék nélkül),Team 004,3,0,Home
29,4,(játék nélkül),Team 004,Player 010,Team 006,0,3,Away
29,4,Player 102,Team 006,Player 018,Team 004,2,3,Home
29,4,Player 018,Team 004,Player 102,Team 006,3,2,Away
29,4,Player 102,Team 006,Player 075,Team 004,3,1,Home
29,4,Player 075,Team 004,Player 102,Team 006,1,3,Away
29,4,Player 102,Team 006,Player 004,Team 004,0,3,Home
29,4,Player 004,Team 004,Player 102,Team 006,3,0,Away
29,4,Player 102,Team 006,(játék nélkül),Team 004,3,0,Home
29,4,(játék nélkül),Team 004,Player 102,Team 006,0,3,Away
29,4,Player 032,Team 006,Player 018,Team 004,0,3,Home
29,4,Player 018,Team 004,Player 032,Team 006,3,0,Away
29,4,Player 032,Team 006,Player 075,Team 004,1,3,Home
29,4,Player 075,Team 004,Player 032,Team 006,3,1,Away
29,4,Player 032,Team 006,Player 004,Team 004,0,3,Home
29,4,Player 004,Team 004,Player 032,Team 006,3,0,Away
29,4,Player 032,Team 006,(játék nélkül),Team 004,3,0,Home
29,4,(játék nélkül),Team 004,Player 032,Team 006,0,3,Away
29,4,Player 094,Team 006,Player 018,Team 004,0,3,Home
29,4,Player 018,Team 004,Player 094,Team 006,3,0,Away
29,4,Player 094,Team 006,(játék nélkül),Team 004,3,0,Home
29,4,(játék nélkül),Team 004,Player 094,Team 006,0,3,Away
29,4,Player 073,Team 006,Player 075,Team 004,3,1,Home
29,4,Player 075,Team 004,Player 073,Team 006,1,3,Away
29,4,Player 073,Team 006,Player 004,Team 004,0,3,Home
29,4,Player 004,Team 004,Player 073,Team 006,3,0,Away
29,5,Player 046,Team 015,Player 037,Team 008,3,0,Home
29,5,Player 037,Team 008,Player 046,Team 015,0,3,Away
29,5,Player 046,Team 015,Player 077,Team 008,0,3,Home
29,5,Player 077,Team 008,Player 046,Team 015,3,0,Away
29,5,Player 046,Team 015,Player 016,Team 008,3,1,Home
29,5,Player 016,Team 008,Player 046,Team 015,1,3,Away
29,5,Player 046,Team 015,Player 036,Team 008,0,3,Home
29,5,Player 036,Team 008,Player 046,Team 015,3,0,Away
29,5,Player 048,Team 015,Player 037,Team 008,0,3,Home
29,5,Player 037,Team 008,Player 048,Team 015,3,0,Away
29,5,Player 048,Team 015,Player 077,Team 008,2,3,Home
29,5,Player 077,Team 008,Player 048,Team 015,3,2,Away
29,5,Player 048,Team 015,Player 016,Team 008,0,3,Home
29,5,Player 016,Team 008,Player 048,Team 015,3,0,Away
29,5,Player 048,Team 015,Player 036,Team 008,0,3,Home
29,5,Player 036,Team 008,Player 048,Team 015,3,0,Away
29,5,Player 047,Team 015,Player 037,Team 008,3,1,Home
29,5,Player 037,Team 008,Player 047,Team 015,1,3,Away
29,5,Player 047,Team 015,Player 077,Team 008,2,3,Home
29,5,Player 077,Team 008,Player 047,Team 015,3,2,Away
29,5,Player 047,Team 015,Player 016,Team 008,3,2,Home
29,5,Player 016,Team 008,Player 047,Team 015,2,3,Away
29,5,Player 047,Team 015,Player 036,Team 008,3,1,Home
29,5,Player 036,Team 008,Player 047,Team 015,1,3,Away
29,5,Player 056,Team 015,Player 037,Team 008,1,3,Home
29,5,Player 037,Team 008,Player 056,Team 015,3,1,Away
29,5,Player 056,Team 015,Player 077,Team 008,0,3,Home
29,5,Player 077,Team 008,Player 056,Team 015,3,0,Away
29,5,Player 056,Team 015,Player 016,Team 008,2,3,Home
29,5,Player 016,Team 008,Player 056,Team 015,3,2,Away
29,5,Player 056,Team 015,Player 036,Team 008,3,0,Home
29,5,Player 036,Team 008,Player 056,Team 015,0,3,Away
29,6,Player 061,Team 005,Player 088,Team 007,3,0,Home
29,6,Player 088,Team 007,Player 061,Team 005,0,3,Away
29,6,Player 061,Team 005,Player 118,Team 007,1,3,Home
29,6,Player 118,Team 007,Player 061,Team 005,3,1,Away
29,6,Player 061,Team 005,Player 026,Team 007,0,3,Home
29,6,Player 026,Team 007,Player 061,Team 005,3,0,Away
29,6,Player 061,Team 005,(játék nélkül),Team 007,3,0,Home
29,6,(játék nélkül),Team 007,Player 061,Team 005,0,3,Away
29,6,Player 040,Team 005,Player 088,Team 007,3,0,Home
29,6,Player 088,Team 007,Player 040,Team 005,0,3,Away
29,6,Player 040,Team 005,Player 118,Team 007,1,3,Home
29,6,Player 118,Team 007,Player 040,Team 005,3,1,Away
29,6,Player 040,Team 005,Player 026,Team 007,3,1,Home
29,6,Player 026,Team 007,Player 040,Team 005,1,3,Away
29,6,Player 040,Team 005,(játék nélkül),Team 007,3,0,Home
29,6,(játék nélkül),Team 007,Player 040,Team 005,0,3,Away
29,6,Player 012,Team 005,Player 088,Team 007,3,0,Home
29,6,Player 088,Team 007,Player 012,Team 005,0,3,Away
29,6,Player 012,Team 005,Player 118,Team 007,3,2,Home
29,6,Player 118,Team 007,Player 012,Team 005,2,3,Away
29,6,Player 012,Team 005,Player 026,Team 007,3,0,Home
29,6,Player 026,Team 007,Player 012,Team 005,0,3,Away
29,6,Player 012,Team 005,(játék nélkül),Team 007,3,0,Home
29,6,(játék nélkül),Team 007,Player 012,Team 005,0,3,Away
29,6,Player 006,Team 005,Player 088,Team 007,3,0,Home
29,6,Player 088,Team 007,Player 006,Team 005,0,3,Away
29,6,Player 006,Team 005,Player 118,Team 007,3,1,Home
29,6,Player 118,Team 007,Player 006,Team 005,1,3,Away
29,6,Player 006,Team 005,Player 026,Team 007,3,2,Home
29,6,Player 026,Team 007,Player 006,Team 005,2,3,Away
29,6,Player 006,Team 005,(játék nélkül),Team 007,3,0,Home
29,6,(játék nélkül),Team 007,Player 006,Team 005,0,3,Away
29,7,(játék nélkül),Team 009,Player 085,Team 016,0,3,Home
29,7,Player 085,Team 016,(játék nélkül),Team 009,3,0,Away
29,7,(játék nélkül),Team 009,Player 087,Team 016,0,3,Home
29,7,Player 087,Team 016,(játék nélkül),Team 009,3,0,Away
29,7,(játék nélkül),Team 009,Player 059,Team 016,0,3,Home
29,7,Player 059,Team 016,(játék nélkül),Team 009,3,0,Away
29,7,(játék nélkül),Team 009,Player 057,Team 016,0,3,Home
29,7,Player 057,Team 016,(játék nélkül),Team 009,3,0,Away
29,7,(játék nélkül),Team 009,Player 085,Team 016,0,3,Home
29,7,Player 085,Team 016,(játék nélkül),Team 009,3,0,Away
29,7,(játék nélkül),Team 009,Player 087,Team 016,0,3,Home
29,7,Player 087,Team 016,(játék nélkül),Team 009,3,0,Away
29,7,(játék nélkül),Team 009,Player 059,Team 016,0,3,Home
29,7,Player 059,Team 016,(játék nélkül),Team 009,3,0,Away
29,7,(játék nélkül),Team 009,Player 057,Team 016,0,3,Home
29,7,Player 057,Team 016,(játék nélkül),Team 009,3,0,Away
29,7,(játék nélkül),Team 009,Player 085,Team 016,0,3,Home
29,7,Player 085,Team 016,(játék nélkül),Team 009,3,0,Away
29,7,(játék nélkül),Team 009,Player 087,Team 016,0,3,Home
29,7,Player 087,Team 016,(játék nélkül),Team 009,3,0,Away
29,7,(játék nélkül),Team 009,Player 059,Team 016,0,3,Home
29,7,Player 059,Team 016,(játék nélkül),Team 009,3,0,Away
29,7,(játék nélkül),Team 009,Player 057,Team 016,0,3,Home
29,7,Player 057,Team 016,(játék nélkül),Team 009,3,0,Away
29,7,(játék nélkül),Team 009,Player 085,Team 016,0,3,Home
29,7,Player 085,Team 016,(játék nélkül),Team 009,3,0,Away
29,7,(játék nélkül),Team 009,Player 087,Team 016,0,3,Home
29,7,Player 087,Team 016,(játék nélkül),Team 009,3,0,Away
29,7,(játék nélkül),Team 009,Player 059,Team 016,0,3,Home
29,7,Player 059,Team 016,(játék nélkül),Team 009,3,0,Away
29,7,(játék nélkül),Team 009,Player 057,Team 016,0,3,Home
29,7,Player 057,Team 016,(játék nélkül),Team 009,3,0,Away
29,8,Player 051,Team 013,Player 082,Team 011,1,3,Home
29,8,Player 082,Team 011,Player 051,Team 013,3,1,Away
29,8,Player 051,Team 013,Player 023,Team 011,1,3,Home
29,8,Player 023,Team 011,Player 051,Team 013,3,1,Away
29,8,Player 051,Team 013,Player 033,Team 011,3,2,Home
29,8,Player 033,Team 011,Player 051,Team 013,2,3,Away
29,8,Player 051,Team 013,Player 072,Team 011,0,3,Home
29,8,Player 072,Team 011,Player 051,Team 013,3,0,Away
29,8,Player 119,Team 013,Player 082,Team 011,3,0,Home
29,8,Player 082,Team 011,Player 119,Team 013,0,3,Away
29,8,Player 119,Team 013,Player 023,Team 011,3,0,Home
29,8,Player 023,Team 011,Player 119,Team 013,0,3,Away
29,8,Player 119,Team 013,Player 033,Team 011,3,0,Home
29,8,Player 033,Team 011,Player 119,Team 013,0,3,Away
29,8,Player 119,Team 013,Player 072,Team 011,3,1,Home
29,8,Player 072,Team 011,Player 119,Team 013,1,3,Away
29,8,Player 029,Team 013,Player 082,Team 011,1,3,Home
29,8,Player 082,Team 011,Player 029,Team 013,3,1,Away
29,8,Player 029,Team 013,Player 023,Team 011,1,3,Home
29,8,Player 023,Team 011,Player 029,Team 013,3,1,Away
29,8,Player 029,Team 013,Player 033,Team 011,3,0,Home
29,8,Player 033,Team 011,Player 029,Team 013,0,3,Away
29,8,Player 029,Team 013,Player 072,Team 011,1,3,Home
29,8,Player 072,Team 011,Player 029,Team 013,3,1,Away
29,8,(játék nélkül),Team 013,Player 082,Team 011,0,3,Home
29,8,Player 082,Team 011,(játék nélkül),Team 013,3,0,Away
29,8,(játék nélkül),Team 013,Player 023,Team 011,0,3,Home
29,8,Player 023,Team 011,(játék nélkül),Team 013,3,0,Away
29,8,(játék nélkül),Team 013,Player 033,Team 011,0,3,Home
29,8,Player 033,Team 011,(játék nélkül),Team 013,3,0,Away
29,8,(játék nélkül),Team 013,Player 072,Team 011,0,3,Home
29,8,Player 072,Team 011,(játék nélkül),Team 013,3,0,Away
30,1,Player 115,Team 010,Player 028,Team 012,0,3,Home
30,1,Player 028,Team 012,Player 115,Team 010,3,0,Away
30,1,Player 115,Team 010,Player 109,Team 012,1,3,Home
30,1,Player 109,Team 012,Player 115,Team 010,3,1,Away
30,1,Player 115,Team 010,Player 039,Team 012,0,3,Home
30,1,Player 039,Team 012,Player 115,Team 010,3,0,Away
30,1,Player 115,Team 010,Player 083,Team 012,0,3,Home
30,1,Player 083,Team 012,Player 115,Team 010,3,0,Away
30,1,Player 063,Team 010,Player 028,Team 012,0,3,Home
30,1,Player 028,Team 012,Player 063,Team 010,3,0,Away
30,1,Player 063,Team 010,Player 109,Team 012,1,3,Home
30,1,Player 109,Team 012,Player 063,Team 010,3,1,Away
30,1,Player 063,Team 010,Player 039,Team 012,0,3,Home
30,1,Player 039,Team 012,Player 063,Team 010,3,0,Away
30,1,Player 063,Team 010,Player 083,Team 012,1,3,Home
30,1,Player 083,Team 012,Player 063,Team 010,3,1,Away
30,1,Player 103,Team 010,Player 028,Team 012,0,3,Home
30,1,Player 028,Team 012,Player 103,Team 010,3,0,Away
30,1,Player 103,Team 010,Player 109,Team 012,0,3,Home
30,1,Player 109,Team 012,Player 103,Team 010,3,0,Away
30,1,Player 103,Team 010,Player 039,Team 012,0,3,Home
30,1,Player 039,Team 012,Player 103,Team 010,3,0,Away
30,1,Player 103,Team 010,Player 083,Team 012,1,3,Home
30,1,Player 083,Team 012,Player 103,Team 010,3,1,Away
30,1,Player 114,Team 010,Player 028,Team 012,0,3,Home
30,1,Player 028,Team 012,Player 114,Team 010,3,0,Away
30,1,Player 114,Team 010,Player 109,Team 012,0,3,Home
30,1,Player 109,Team 012,Player 114,Team 010,3,0,Away
30,1,Player 114,Team 010,Player 039,Team 012,0,3,Home
30,1,Player 039,Team 012,Player 114,Team 010,3,0,Away
30,1,Player 114,Team 010,Player 083,Team 012,0,3,Home
30,1,Player 083,Team 012,Player 114,Team 010,3,0,Away
30,2,Player 082,Team 011,Player 081,Team 009,3,1,Home
30,2,Player 081,Team 009,Player 082,Team 011,1,3,Away
30,2,Player 082,Team 011,Player 027,Team 009,3,1,Home
30,2,Player 027,Team 009,Player 082,Team 011,1,3,Away
30,2,Player 082,Team 011,Player 058,Team 009,2,3,Home
30,2,Player 058,Team 009,Player 082,Team 011,3,2,Away
30,2,Player 082,Team 011,Player 019,Team 009,0,3,Home
30,2,Player 019,Team 009,Player 082,Team 011,3,0,Away
30,2,Player 072,Team 011,Player 081,Team 009,3,0,Home
30,2,Player 081,Team 009,Player 072,Team 011,0,3,Away
30,2,Player 072,Team 011,Player 027,Team 009,3,0,Home
30,2,Player 027,Team 009,Player 072,Team 011,0,3,Away
30,2,Player 072,Team 011,Player 058,Team 009,3,0,Home
30,2,Player 058,Team 009,Player 072,Team 011,0,3,Away
30,2,Player 072,Team 011,Player 019,Team 009,3,0,Home
30,2,Player 019,Team 009,Player 072,Team 011,0,3,Away
30,2,Player 021,Team 011,Player 081,Team 009,3,0,Home
30,2,Player 081,Team 009,Player 021,Team 011,0,3,Away
30,2,Player 021,Team 011,Player 027,Team 009,3,0,Home
30,2,Player 027,Team 009,Player 021,Team 011,0,3,Away
30,2,Player 021,Team 011,Player 058,Team 009,3,1,Home
30,2,Player 058,Team 009,Player 021,Team 011,1,3,Away
30,2,Player 021,Team 011,Player 019,Team 009,3,1,Home
30,2,Player 019,Team 009,Player 021,Team 011,1,3,Away
30,2,Player 023,Team 011,Player 081,Team 009,3,2,Home
30,2,Player 081,Team 009,Player 023,Team 011,2,3,Away
30,2,Player 023,Team 011,Player 027,Team 009,3,0,Home
30,2,Player 027,Team 009,Player 023,Team 011,0,3,Away
30,2,Player 023,Team 011,Player 058,Team 009,3,0,Home
30,2,Player 058,Team 009,Player 023,Team 011,0,3,Away
30,2,Player 023,Team 011,Player 019,Team 009,0,3,Home
30,2,Player 019,Team 009,Player 023,Team 011,3,0,Away
30,3,Player 034,Team 007,Player 051,Team 013,3,1,Home
30,3,Player 051,Team 013,Player 034,Team 007,1,3,Away
30,3,Player 034,Team 007,Player 106,Team 013,3,1,Home
30,3,Player 106,Team 013,Player 034,Team 007,1,3,Away
30,3,Player 034,Team 007,Player 029,Team 013,1,3,Home
30,3,Player 029,Team 013,Player 034,Team 007,3,1,Away
30,3,Player 034,Team 007,Player 119,Team 013,0,3,Home
30,3,Player 119,Team 013,Player 034,Team 007,3,0,Away
30,3,Player 093,Team 007,Player 051,Team 013,0,3,Home
30,3,Player 051,Team 013,Player 093,Team 007,3,0,Away
30,3,Player 093,Team 007,Player 106,Team 013,0,3,Home
30,3,Player 106,Team 013,Player 093,Team 007,3,0,Away
30,3,Player 093,Team 007,Player 029,Team 013,0,3,Home
30,3,Player 029,Team 013,Player 093,Team 007,3,0,Away
30,3,Player 093,Team 007,Player 119,Team 013,0,3,Home
30,3,Player 119,Team 013,Player 093,Team 007,3,0,Away
30,3,Player 049,Team 007,Player 051,Team 013,2,3,Home
30,3,Player 051,Team 013,Player 049,Team 007,3,2,Away
30,3,Player 049,Team 007,Player 106,Team 013,0,3,Home
30,3,Player 106,Team 013,Player 049,Team 007,3,0,Away
30,3,Player 049,Team 007,Player 029,Team 013,0,3,Home
30,3,Player 029,Team 013,Player 049,Team 007,3,0,Away
30,3,Player 049,Team 007,Player 119,Team 013,0,3,Home
30,3,Player 119,Team 013,Player 049,Team 007,3,0,Away
30,3,Player 088,Team 007,Player 051,Team 013,3,2,Home
30,3,Player 051,Team 013,Player 088,Team 007,2,3,Away
30,3,Player 088,Team 007,Player 106,Team 013,0,3,Home
30,3,Player 106,Team 013,Player 088,Team 007,3,0,Away
30,3,Player 088,Team 007,Player 029,Team 013,0,3,Home
30,3,Player 029,Team 013,Player 088,Team 007,3,0,Away
30,3,Player 088,Team 007,Player 119,Team 013,0,3,Home
30,3,Player 119,Team 013,Player 088,Team 007,3,0,Away
30,4,Player 108,Team 008,Player 100,Team 001,0,3,Home
30,4,Player 100,Team 001,Player 108,Team 008,3,0,Away
30,4,Player 035,Team 008,Player 100,Team 001,0,3,Home
30,4,Player 100,Team 001,Player 035,Team 008,3,0,Away
30,4,Player 035,Team 008,Player 001,Team 001,0,3,Home
30,4,Player 001,Team 001,Player 035,Team 008,3,0,Away
30,4,Player 035,Team 008,Player 069,Team 001,0,3,Home
30,4,Player 069,Team 001,Player 035,Team 008,3,0,Away
30,4,Player 035,Team 008,Player 013,Team 001,1,3,Home
30,4,Player 013,Team 001,Player 035,Team 008,3,1,Away
30,4,Player 077,Team 008,Player 100,Team 001,0,3,Home
30,4,Player 100,Team 001,Player 077,Team 008,3,0,Away
30,4,Player 077,Team 008,Player 001,Team 001,2,3,Home
30,4,Player 001,Team 001,Player 077,Team 008,3,2,Away
30,4,Player 077,Team 008,Player 069,Team 001,0,3,Home
30,4,Player 069,Team 001,Player 077,Team 008,3,0,Away
30,4,Player 077,Team 008,Player 013,Team 001,1,3,Home
30,4,Player 013,Team 001,Player 077,Team 008,3,1,Away
30,4,Player 036,Team 008,Player 100,Team 001,0,3,Home
30,4,Player 100,Team 001,Player 036,Team 008,3,0,Away
30,4,Player 036,Team 008,Player 001,Team 001,2,3,Home
30,4,Player 001,Team 001,Player 036,Team 008,3,2,Away
30,4,Player 036,Team 008,Player 069,Team 001,0,3,Home
30,4,Player 069,Team 001,Player 036,Team 008,3,0,Away
30,4,Player 036,Team 008,Player 013,Team 001,0,3,Home
30,4,Player 013,Team 001,Player 036,Team 008,3,0,Away
30,4,Player 060,Team 008,Player 001,Team 001,3,1,Home
30,4,Player 001,Team 001,Player 060,Team 008,1,3,Away
30,4,Player 060,Team 008,Player 069,Team 001,0,3,Home
30,4,Player 069,Team 001,Player 060,Team 008,3,0,Away
30,4,Player 060,Team 008,Player 013,Team 001,1,3,Home
30,4,Player 013,Team 001,Player 060,Team 008,3,1,Away
30,5,Player 071,Team 014,Player 010,Team 006,3,1,Home
30,5,Player 010,Team 006,Player 071,Team 014,1,3,Away
30,5,Player 071,Team 014,Player 032,Team 006,3,1,Home
30,5,Player 032,Team 006,Player 071,Team 014,1,3,Away
30,5,Player 071,Team 014,Player 030,Team 006,3,0,Home
30,5,Player 030,Team 006,Player 071,Team 014,0,3,Away
30,5,Player 071,Team 014,Player 073,Team 006,3,1,Home
30,5,Player 073,Team 006,Player 071,Team 014,1,3,Away
30,5,Player 031,Team 014,Player 010,Team 006,0,3,Home
30,5,Player 010,Team 006,Player 031,Team 014,3,0,Away
30,5,Player 031,Team 014,Player 032,Team 006,3,0,Home
30,5,Player 032,Team 006,Player 031,Team 014,0,3,Away
30,5,Player 031,Team 014,Player 030,Team 006,3,0,Home
30,5,Player 030,Team 006,Player 031,Team 014,0,3,Away
30,5,Player 031,Team 014,Player 073,Team 006,3,1,Home
30,5,Player 073,Team 006,Player 031,Team 014,1,3,Away
30,5,Player 084,Team 014,Player 010,Team 006,0,3,Home
30,5,Player 010,Team 006,Player 084,Team 014,3,0,Away
30,5,Player 084,Team 014,Player 032,Team 006,3,2,Home
30,5,Player 032,Team 006,Player 084,Team 014,2,3,Away
30,5,Player 084,Team 014,Player 030,Team 006,3,2,Home
30,5,Player 030,Team 006,Player 084,Team 014,2,3,Away
30,5,Player 084,Team 014,Player 073,Team 006,0,3,Home
30,5,Player 073,Team 006,Player 084,Team 014,3,0,Away
30,5,Player 043,Team 014,Player 010,Team 006,0,3,Home
30,5,Player 010,Team 006,Player 043,Team 014,3,0,Away
30,5,Player 043,Team 014,Player 032,Team 006,1,3,Home
30,5,Player 032,Team 006,Player 043,Team 014,3,1,Away
30,5,Player 043,Team 014,Player 030,Team 006,3,1,Home
30,5,Player 030,Team 006,Player 043,Team 014,1,3,Away
30,5,Player 043,Team 014,Player 073,Team 006,1,3,Home
30,5,Player 073,Team 006,Player 043,Team 014,3,1,Away
30,6,Player 008,Team 003,Player 046,Team 015,3,0,Home
30,6,Player 046,Team 015,Player 008,Team 003,0,3,Away
30,6,Player 008,Team 003,Player 056,Team 015,3,1,Home
30,6,Player 056,Team 015,Player 008,Team 003,1,3,Away
30,6,Player 008,Team 003,Player 112,Team 015,3,0,Home
30,6,Player 112,Team 015,Player 008,Team 003,0,3,Away
30,6,Player 067,Team 003,Player 046,Team 015,3,1,Home
30,6,Player 046,Team 015,Player 067,Team 003,1,3,Away
30,6,Player 067,Team 003,Player 056,Team 015,3,2,Home
30,6,Player 056,Team 015,Player 067,Team 003,2,3,Away
30,6,Player 067,Team 003,Player 112,Team 015,3,0,Home
30,6,Player 112,Team 015,Player 067,Team 003,0,3,Away
30,6,Player 067,Team 003,Player 047,Team 015,3,0,Home
30,6,Player 047,Team 015,Player 067,Team 003,0,3,Away
30,6,Player 125,Team 003,Player 046,Team 015,1,3,Home
30,6,Player 046,Team 015,Player 125,Team 003,3,1,Away
30,6,Player 125,Team 003,Player 056,Team 015,3,1,Home
30,6,Player 056,Team 015,Player 125,Team 003,1,3,Away
30,6,Player 125,Team 003,Player 112,Team 015,3,0,Home
30,6,Player 112,Team 015,Player 125,Team 003,0,3,Away
30,6,Player 125,Team 003,Player 047,Team 015,3,0,Home
30,6,Player 047,Team 015,Player 125,Team 003,0,3,Away
30,6,Player 003,Team 003,Player 046,Team 015,1,3,Home
30,6,Player 046,Team 015,Player 003,Team 003,3,1,Away
30,6,Player 003,Team 003,Player 056,Team 015,3,2,Home
30,6,Player 056,Team 015,Player 003,Team 003,2,3,Away
30,6,Player 003,Team 003,Player 112,Team 015,3,0,Home
30,6,Player 112,Team 015,Player 003,Team 003,0,3,Away
30,6,Player 003,Team 003,Player 047,Team 015,3,0,Home
30,6,Player 047,Team 015,Player 003,Team 003,0,3,Away
30,6,Player 005,Team 003,Player 047,Team 015,1,3,Home
30,6,Player 047,Team 015,Player 005,Team 003,3,1,Away
30,7,Player 075,Team 004,Player 040,Team 005,1,3,Home
30,7,Player 040,Team 005,Player 075,Team 004,3,1,Away
30,7,Player 075,Team 004,Player 012,Team 005,0,3,Home
30,7,Player 012,Team 005,Player 075,Team 004,3,0,Away
30,7,Player 075,Team 004,Player 006,Team 005,2,3,Home
30,7,Player 006,Team 005,Player 075,Team 004,3,2,Away
30,7,Player 075,Team 004,Player 061,Team 005,3,1,Home
30,7,Player 061,Team 005,Player 075,Team 004,1,3,Away
30,7,Player 004,Team 004,Player 040,Team 005,3,1,Home
30,7,Player 040,Team 005,Player 004,Team 004,1,3,Away
30,7,Player 004,Team 004,Player 012,Team 005,3,1,Home
30,7,Player 012,Team 005,Player 004,Team 004,1,3,Away
30,7,Player 004,Team 004,Player 006,Team 005,2,3,Home
30,7,Player 006,Team 005,Player 004,Team 004,3,2,Away
30,7,Player 004,Team 004,Player 061,Team 005,3,0,Home
30,7,Player 061,Team 005,Player 004,Team 004,0,3,Away
30,7,Player 018,Team 004,Player 040,Team 005,2,3,Home
30,7,Player 040,Team 005,Player 018,Team 004,3,2,Away
30,7,Player 018,Team 004,Player 012,Team 005,0,3,Home
30,7,Player 012,Team 005,Player 018,Team 004,3,0,Away
30,7,Player 018,Team 004,Player 006,Team 005,0,3,Home
30,7,Player 006,Team 005,Player 018,Team 004,3,0,Away
30,7,Player 018,Team 004,Player 061,Team 005,3,0,Home
30,7,Player 061,Team 005,Player 018,Team 004,0,3,Away
30,7,Player 017,Team 004,Player 040,Team 005,3,2,Home
30,7,Player 040,Team 005,Player 017,Team 004,2,3,Away
30,7,Player 017,Team 004,Player 012,Team 005,3,1,Home
30,7,Player 012,Team 005,Player 017,Team 004,1,3,Away
30,7,Player 017,Team 004,Player 006,Team 005,0,3,Home
30,7,Player 006,Team 005,Player 017,Team 004,3,0,Away
30,7,Player 017,Team 004,Player 061,Team 005,3,0,Home
30,7,Player 061,Team 005,Player 017,Team 004,0,3,Away
30,8,Player 087,Team 016,Player 041,Team 002,3,2,Home
30,8,Player 041,Team 002,Player 087,Team 016,2,3,Away
30,8,Player 087,Team 016,Player 078,Team 002,3,0,Home
30,8,Player 078,Team 002,Player 087,Team 016,0,3,Away
30,8,Player 087,Team 016,Player 054,Team 002,3,0,Home
30,8,Player 054,Team 002,Player 087,Team 016,0,3,Away
30,8,Player 087,Team 016,Player 002,Team 002,2,3,Home
30,8,Player 002,Team 002,Player 087,Team 016,3,2,Away
30,8,Player 059,Team 016,Player 041,Team 002,3,1,Home
30,8,Player 041,Team 002,Player 059,Team 016,1,3,Away
30,8,Player 059,Team 016,Player 078,Team 002,3,0,Home
30,8,Player 078,Team 002,Player 059,Team 016,0,3,Away
30,8,Player 059,Team 016,Player 054,Team 002,3,0,Home
30,8,Player 054,Team 002,Player 059,Team 016,0,3,Away
30,8,Player 059,Team 016,Player 002,Team 002,1,3,Home
30,8,Player 002,Team 002,Player 059,Team 016,3,1,Away
30,8,Player 085,Team 016,Player 041,Team 002,3,0,Home
30,8,Player 041,Team 002,Player 085,Team 016,0,3,Away
30,8,Player 085,Team 016,Player 078,Team 002,3,0,Home
30,8,Player 078,Team 002,Player 085,Team 016,0,3,Away
30,8,Player 085,Team 016,Player 054,Team 002,3,0,Home
30,8,Player 054,Team 002,Player 085,Team 016,0,3,Away
30,8,Player 085,Team 016,Player 002,Team 002,2,3,Home
30,8,Player 002,Team 002,Player 085,Team 016,3,2,Away
30,8,Player 086,Team 016,Player 041,Team 002,1,3,Home
30,8,Player 041,Team 002,Player 086,Team 016,3,1,Away
30,8,Player 086,Team 016,Player 078,Team 002,1,3,Home
30,8,Player 078,Team 002,Player 086,Team 016,3,1,Away
30,8,Player 086,Team 016,Player 054,Team 002,3,0,Home
30,8,Player 054,Team 002,Player 086,Team 016,0,3,Away
30,8,Player 086,Team 016,Player 002,Team 002,0,3,Home
30,8,Player 002,Team 002,Player 086,Team 016,3,0,Away
